ERROR 2025-05-26 18:23:46,184 log 11916 17784 Internal Server Error: /
Traceback (most recent call last):
  File "C:\Users\user\Desktop\laba5\venv\Lib\site-packages\django\contrib\sessions\backends\base.py", line 187, in _get_session
    return self._session_cache
           ^^^^^^^^^^^^^^^^^^^
AttributeError: 'SessionStore' object has no attribute '_session_cache'

During handling of the above exception, another exception occurred:

Traceback (most recent call last):
  File "C:\Users\user\Desktop\laba5\venv\Lib\site-packages\django\db\backends\utils.py", line 105, in _execute
    return self.cursor.execute(sql, params)
           ~~~~~~~~~~~~~~~~~~~^^^^^^^^^^^^^
  File "C:\Users\user\Desktop\laba5\venv\Lib\site-packages\django\db\backends\sqlite3\base.py", line 328, in execute
    return super().execute(query, params)
           ~~~~~~~~~~~~~~~^^^^^^^^^^^^^^^
sqlite3.OperationalError: no such table: django_session

The above exception was the direct cause of the following exception:

Traceback (most recent call last):
  File "C:\Users\user\Desktop\laba5\venv\Lib\site-packages\django\core\handlers\exception.py", line 55, in inner
    response = get_response(request)
  File "C:\Users\user\Desktop\laba5\venv\Lib\site-packages\django\core\handlers\base.py", line 197, in _get_response
    response = wrapped_callback(request, *callback_args, **callback_kwargs)
  File "C:\Users\user\Desktop\laba5\main\views.py", line 15, in index
    return render(request, 'main/index.html', {
        # 'latest_news': latest_news
    })
  File "C:\Users\user\Desktop\laba5\venv\Lib\site-packages\django\shortcuts.py", line 24, in render
    content = loader.render_to_string(template_name, context, request, using=using)
  File "C:\Users\user\Desktop\laba5\venv\Lib\site-packages\django\template\loader.py", line 62, in render_to_string
    return template.render(context, request)
           ~~~~~~~~~~~~~~~^^^^^^^^^^^^^^^^^^
  File "C:\Users\user\Desktop\laba5\venv\Lib\site-packages\django\template\backends\django.py", line 61, in render
    return self.template.render(context)
           ~~~~~~~~~~~~~~~~~~~~^^^^^^^^^
  File "C:\Users\user\Desktop\laba5\venv\Lib\site-packages\django\template\base.py", line 171, in render
    return self._render(context)
           ~~~~~~~~~~~~^^^^^^^^^
  File "C:\Users\user\Desktop\laba5\venv\Lib\site-packages\django\template\base.py", line 163, in _render
    return self.nodelist.render(context)
           ~~~~~~~~~~~~~~~~~~~~^^^^^^^^^
  File "C:\Users\user\Desktop\laba5\venv\Lib\site-packages\django\template\base.py", line 1000, in render
    return SafeString("".join([node.render_annotated(context) for node in self]))
                               ~~~~~~~~~~~~~~~~~~~~~^^^^^^^^^
  File "C:\Users\user\Desktop\laba5\venv\Lib\site-packages\django\template\base.py", line 961, in render_annotated
    return self.render(context)
           ~~~~~~~~~~~^^^^^^^^^
  File "C:\Users\user\Desktop\laba5\venv\Lib\site-packages\django\template\loader_tags.py", line 159, in render
    return compiled_parent._render(context)
           ~~~~~~~~~~~~~~~~~~~~~~~^^^^^^^^^
  File "C:\Users\user\Desktop\laba5\venv\Lib\site-packages\django\template\base.py", line 163, in _render
    return self.nodelist.render(context)
           ~~~~~~~~~~~~~~~~~~~~^^^^^^^^^
  File "C:\Users\user\Desktop\laba5\venv\Lib\site-packages\django\template\base.py", line 1000, in render
    return SafeString("".join([node.render_annotated(context) for node in self]))
                               ~~~~~~~~~~~~~~~~~~~~~^^^^^^^^^
  File "C:\Users\user\Desktop\laba5\venv\Lib\site-packages\django\template\base.py", line 961, in render_annotated
    return self.render(context)
           ~~~~~~~~~~~^^^^^^^^^
  File "C:\Users\user\Desktop\laba5\venv\Lib\site-packages\django\template\defaulttags.py", line 318, in render
    match = condition.eval(context)
  File "C:\Users\user\Desktop\laba5\venv\Lib\site-packages\django\template\defaulttags.py", line 884, in eval
    return self.value.resolve(context, ignore_failures=True)
           ~~~~~~~~~~~~~~~~~~^^^^^^^^^^^^^^^^^^^^^^^^^^^^^^^
  File "C:\Users\user\Desktop\laba5\venv\Lib\site-packages\django\template\base.py", line 710, in resolve
    obj = self.var.resolve(context)
  File "C:\Users\user\Desktop\laba5\venv\Lib\site-packages\django\template\base.py", line 842, in resolve
    value = self._resolve_lookup(context)
  File "C:\Users\user\Desktop\laba5\venv\Lib\site-packages\django\template\base.py", line 875, in _resolve_lookup
    current = current[bit]
              ~~~~~~~^^^^^
  File "C:\Users\user\Desktop\laba5\venv\Lib\site-packages\django\utils\functional.py", line 251, in inner
    self._setup()
    ~~~~~~~~~~~^^
  File "C:\Users\user\Desktop\laba5\venv\Lib\site-packages\django\utils\functional.py", line 404, in _setup
    self._wrapped = self._setupfunc()
                    ~~~~~~~~~~~~~~~^^
  File "C:\Users\user\Desktop\laba5\venv\Lib\site-packages\django\contrib\auth\middleware.py", line 33, in <lambda>
    request.user = SimpleLazyObject(lambda: get_user(request))
                                            ~~~~~~~~^^^^^^^^^
  File "C:\Users\user\Desktop\laba5\venv\Lib\site-packages\django\contrib\auth\middleware.py", line 13, in get_user
    request._cached_user = auth.get_user(request)
                           ~~~~~~~~~~~~~^^^^^^^^^
  File "C:\Users\user\Desktop\laba5\venv\Lib\site-packages\django\contrib\auth\__init__.py", line 209, in get_user
    user_id = _get_user_session_key(request)
  File "C:\Users\user\Desktop\laba5\venv\Lib\site-packages\django\contrib\auth\__init__.py", line 62, in _get_user_session_key
    return get_user_model()._meta.pk.to_python(request.session[SESSION_KEY])
                                               ~~~~~~~~~~~~~~~^^^^^^^^^^^^^
  File "C:\Users\user\Desktop\laba5\venv\Lib\site-packages\django\contrib\sessions\backends\base.py", line 53, in __getitem__
    return self._session[key]
           ^^^^^^^^^^^^^
  File "C:\Users\user\Desktop\laba5\venv\Lib\site-packages\django\contrib\sessions\backends\base.py", line 192, in _get_session
    self._session_cache = self.load()
                          ~~~~~~~~~^^
  File "C:\Users\user\Desktop\laba5\venv\Lib\site-packages\django\contrib\sessions\backends\db.py", line 42, in load
    s = self._get_session_from_db()
  File "C:\Users\user\Desktop\laba5\venv\Lib\site-packages\django\contrib\sessions\backends\db.py", line 32, in _get_session_from_db
    return self.model.objects.get(
           ~~~~~~~~~~~~~~~~~~~~~~^
        session_key=self.session_key, expire_date__gt=timezone.now()
        ^^^^^^^^^^^^^^^^^^^^^^^^^^^^^^^^^^^^^^^^^^^^^^^^^^^^^^^^^^^^
    )
    ^
  File "C:\Users\user\Desktop\laba5\venv\Lib\site-packages\django\db\models\manager.py", line 87, in manager_method
    return getattr(self.get_queryset(), name)(*args, **kwargs)
           ~~~~~~~~~~~~~~~~~~~~~~~~~~~~~~~~~~^^^^^^^^^^^^^^^^^
  File "C:\Users\user\Desktop\laba5\venv\Lib\site-packages\django\db\models\query.py", line 643, in get
    num = len(clone)
  File "C:\Users\user\Desktop\laba5\venv\Lib\site-packages\django\db\models\query.py", line 380, in __len__
    self._fetch_all()
    ~~~~~~~~~~~~~~~^^
  File "C:\Users\user\Desktop\laba5\venv\Lib\site-packages\django\db\models\query.py", line 1926, in _fetch_all
    self._result_cache = list(self._iterable_class(self))
                         ~~~~^^^^^^^^^^^^^^^^^^^^^^^^^^^^
  File "C:\Users\user\Desktop\laba5\venv\Lib\site-packages\django\db\models\query.py", line 91, in __iter__
    results = compiler.execute_sql(
        chunked_fetch=self.chunked_fetch, chunk_size=self.chunk_size
    )
  File "C:\Users\user\Desktop\laba5\venv\Lib\site-packages\django\db\models\sql\compiler.py", line 1562, in execute_sql
    cursor.execute(sql, params)
    ~~~~~~~~~~~~~~^^^^^^^^^^^^^
  File "C:\Users\user\Desktop\laba5\venv\Lib\site-packages\django\db\backends\utils.py", line 122, in execute
    return super().execute(sql, params)
           ~~~~~~~~~~~~~~~^^^^^^^^^^^^^
  File "C:\Users\user\Desktop\laba5\venv\Lib\site-packages\django\db\backends\utils.py", line 79, in execute
    return self._execute_with_wrappers(
           ~~~~~~~~~~~~~~~~~~~~~~~~~~~^
        sql, params, many=False, executor=self._execute
        ^^^^^^^^^^^^^^^^^^^^^^^^^^^^^^^^^^^^^^^^^^^^^^^
    )
    ^
  File "C:\Users\user\Desktop\laba5\venv\Lib\site-packages\django\db\backends\utils.py", line 92, in _execute_with_wrappers
    return executor(sql, params, many, context)
  File "C:\Users\user\Desktop\laba5\venv\Lib\site-packages\django\db\backends\utils.py", line 100, in _execute
    with self.db.wrap_database_errors:
         ^^^^^^^^^^^^^^^^^^^^^^^^^^^^
  File "C:\Users\user\Desktop\laba5\venv\Lib\site-packages\django\db\utils.py", line 91, in __exit__
    raise dj_exc_value.with_traceback(traceback) from exc_value
  File "C:\Users\user\Desktop\laba5\venv\Lib\site-packages\django\db\backends\utils.py", line 105, in _execute
    return self.cursor.execute(sql, params)
           ~~~~~~~~~~~~~~~~~~~^^^^^^^^^^^^^
  File "C:\Users\user\Desktop\laba5\venv\Lib\site-packages\django\db\backends\sqlite3\base.py", line 328, in execute
    return super().execute(query, params)
           ~~~~~~~~~~~~~~~^^^^^^^^^^^^^^^
django.db.utils.OperationalError: no such table: django_session
ERROR 2025-05-26 18:23:46,197 basehttp 11916 17784 "GET / HTTP/1.1" 500 264910
ERROR 2025-05-26 18:23:55,633 log 11916 14152 Internal Server Error: /admin/
Traceback (most recent call last):
  File "C:\Users\user\Desktop\laba5\venv\Lib\site-packages\django\contrib\sessions\backends\base.py", line 187, in _get_session
    return self._session_cache
           ^^^^^^^^^^^^^^^^^^^
AttributeError: 'SessionStore' object has no attribute '_session_cache'

During handling of the above exception, another exception occurred:

Traceback (most recent call last):
  File "C:\Users\user\Desktop\laba5\venv\Lib\site-packages\django\db\backends\utils.py", line 105, in _execute
    return self.cursor.execute(sql, params)
           ~~~~~~~~~~~~~~~~~~~^^^^^^^^^^^^^
  File "C:\Users\user\Desktop\laba5\venv\Lib\site-packages\django\db\backends\sqlite3\base.py", line 328, in execute
    return super().execute(query, params)
           ~~~~~~~~~~~~~~~^^^^^^^^^^^^^^^
sqlite3.OperationalError: no such table: django_session

The above exception was the direct cause of the following exception:

Traceback (most recent call last):
  File "C:\Users\user\Desktop\laba5\venv\Lib\site-packages\django\core\handlers\exception.py", line 55, in inner
    response = get_response(request)
  File "C:\Users\user\Desktop\laba5\venv\Lib\site-packages\django\core\handlers\base.py", line 197, in _get_response
    response = wrapped_callback(request, *callback_args, **callback_kwargs)
  File "C:\Users\user\Desktop\laba5\venv\Lib\site-packages\django\contrib\admin\sites.py", line 259, in wrapper
    return self.admin_view(view, cacheable)(*args, **kwargs)
           ~~~~~~~~~~~~~~~~~~~~~~~~~~~~~~~~^^^^^^^^^^^^^^^^^
  File "C:\Users\user\Desktop\laba5\venv\Lib\site-packages\django\utils\decorators.py", line 188, in _view_wrapper
    result = _process_exception(request, e)
  File "C:\Users\user\Desktop\laba5\venv\Lib\site-packages\django\utils\decorators.py", line 186, in _view_wrapper
    response = view_func(request, *args, **kwargs)
  File "C:\Users\user\Desktop\laba5\venv\Lib\site-packages\django\views\decorators\cache.py", line 80, in _view_wrapper
    response = view_func(request, *args, **kwargs)
  File "C:\Users\user\Desktop\laba5\venv\Lib\site-packages\django\contrib\admin\sites.py", line 228, in inner
    if not self.has_permission(request):
           ~~~~~~~~~~~~~~~~~~~^^^^^^^^^
  File "C:\Users\user\Desktop\laba5\venv\Lib\site-packages\django\contrib\admin\sites.py", line 201, in has_permission
    return request.user.is_active and request.user.is_staff
           ^^^^^^^^^^^^^^^^^^^^^^
  File "C:\Users\user\Desktop\laba5\venv\Lib\site-packages\django\utils\functional.py", line 251, in inner
    self._setup()
    ~~~~~~~~~~~^^
  File "C:\Users\user\Desktop\laba5\venv\Lib\site-packages\django\utils\functional.py", line 404, in _setup
    self._wrapped = self._setupfunc()
                    ~~~~~~~~~~~~~~~^^
  File "C:\Users\user\Desktop\laba5\venv\Lib\site-packages\django\contrib\auth\middleware.py", line 33, in <lambda>
    request.user = SimpleLazyObject(lambda: get_user(request))
                                            ~~~~~~~~^^^^^^^^^
  File "C:\Users\user\Desktop\laba5\venv\Lib\site-packages\django\contrib\auth\middleware.py", line 13, in get_user
    request._cached_user = auth.get_user(request)
                           ~~~~~~~~~~~~~^^^^^^^^^
  File "C:\Users\user\Desktop\laba5\venv\Lib\site-packages\django\contrib\auth\__init__.py", line 209, in get_user
    user_id = _get_user_session_key(request)
  File "C:\Users\user\Desktop\laba5\venv\Lib\site-packages\django\contrib\auth\__init__.py", line 62, in _get_user_session_key
    return get_user_model()._meta.pk.to_python(request.session[SESSION_KEY])
                                               ~~~~~~~~~~~~~~~^^^^^^^^^^^^^
  File "C:\Users\user\Desktop\laba5\venv\Lib\site-packages\django\contrib\sessions\backends\base.py", line 53, in __getitem__
    return self._session[key]
           ^^^^^^^^^^^^^
  File "C:\Users\user\Desktop\laba5\venv\Lib\site-packages\django\contrib\sessions\backends\base.py", line 192, in _get_session
    self._session_cache = self.load()
                          ~~~~~~~~~^^
  File "C:\Users\user\Desktop\laba5\venv\Lib\site-packages\django\contrib\sessions\backends\db.py", line 42, in load
    s = self._get_session_from_db()
  File "C:\Users\user\Desktop\laba5\venv\Lib\site-packages\django\contrib\sessions\backends\db.py", line 32, in _get_session_from_db
    return self.model.objects.get(
           ~~~~~~~~~~~~~~~~~~~~~~^
        session_key=self.session_key, expire_date__gt=timezone.now()
        ^^^^^^^^^^^^^^^^^^^^^^^^^^^^^^^^^^^^^^^^^^^^^^^^^^^^^^^^^^^^
    )
    ^
  File "C:\Users\user\Desktop\laba5\venv\Lib\site-packages\django\db\models\manager.py", line 87, in manager_method
    return getattr(self.get_queryset(), name)(*args, **kwargs)
           ~~~~~~~~~~~~~~~~~~~~~~~~~~~~~~~~~~^^^^^^^^^^^^^^^^^
  File "C:\Users\user\Desktop\laba5\venv\Lib\site-packages\django\db\models\query.py", line 643, in get
    num = len(clone)
  File "C:\Users\user\Desktop\laba5\venv\Lib\site-packages\django\db\models\query.py", line 380, in __len__
    self._fetch_all()
    ~~~~~~~~~~~~~~~^^
  File "C:\Users\user\Desktop\laba5\venv\Lib\site-packages\django\db\models\query.py", line 1926, in _fetch_all
    self._result_cache = list(self._iterable_class(self))
                         ~~~~^^^^^^^^^^^^^^^^^^^^^^^^^^^^
  File "C:\Users\user\Desktop\laba5\venv\Lib\site-packages\django\db\models\query.py", line 91, in __iter__
    results = compiler.execute_sql(
        chunked_fetch=self.chunked_fetch, chunk_size=self.chunk_size
    )
  File "C:\Users\user\Desktop\laba5\venv\Lib\site-packages\django\db\models\sql\compiler.py", line 1562, in execute_sql
    cursor.execute(sql, params)
    ~~~~~~~~~~~~~~^^^^^^^^^^^^^
  File "C:\Users\user\Desktop\laba5\venv\Lib\site-packages\django\db\backends\utils.py", line 122, in execute
    return super().execute(sql, params)
           ~~~~~~~~~~~~~~~^^^^^^^^^^^^^
  File "C:\Users\user\Desktop\laba5\venv\Lib\site-packages\django\db\backends\utils.py", line 79, in execute
    return self._execute_with_wrappers(
           ~~~~~~~~~~~~~~~~~~~~~~~~~~~^
        sql, params, many=False, executor=self._execute
        ^^^^^^^^^^^^^^^^^^^^^^^^^^^^^^^^^^^^^^^^^^^^^^^
    )
    ^
  File "C:\Users\user\Desktop\laba5\venv\Lib\site-packages\django\db\backends\utils.py", line 92, in _execute_with_wrappers
    return executor(sql, params, many, context)
  File "C:\Users\user\Desktop\laba5\venv\Lib\site-packages\django\db\backends\utils.py", line 100, in _execute
    with self.db.wrap_database_errors:
         ^^^^^^^^^^^^^^^^^^^^^^^^^^^^
  File "C:\Users\user\Desktop\laba5\venv\Lib\site-packages\django\db\utils.py", line 91, in __exit__
    raise dj_exc_value.with_traceback(traceback) from exc_value
  File "C:\Users\user\Desktop\laba5\venv\Lib\site-packages\django\db\backends\utils.py", line 105, in _execute
    return self.cursor.execute(sql, params)
           ~~~~~~~~~~~~~~~~~~~^^^^^^^^^^^^^
  File "C:\Users\user\Desktop\laba5\venv\Lib\site-packages\django\db\backends\sqlite3\base.py", line 328, in execute
    return super().execute(query, params)
           ~~~~~~~~~~~~~~~^^^^^^^^^^^^^^^
django.db.utils.OperationalError: no such table: django_session
ERROR 2025-05-26 18:23:55,645 basehttp 11916 14152 "GET /admin/ HTTP/1.1" 500 213269
ERROR 2025-05-26 18:38:10,072 log 10308 21284 Internal Server Error: /
Traceback (most recent call last):
  File "C:\Users\user\AppData\Local\Programs\Python\Python313\Lib\site-packages\django\core\handlers\exception.py", line 55, in inner
    response = get_response(request)
  File "C:\Users\user\AppData\Local\Programs\Python\Python313\Lib\site-packages\django\core\handlers\base.py", line 197, in _get_response
    response = wrapped_callback(request, *callback_args, **callback_kwargs)
  File "C:\Users\user\Desktop\laba5\main\views.py", line 15, in index
    return render(request, 'main/index.html', {
        # 'latest_news': latest_news
    })
  File "C:\Users\user\AppData\Local\Programs\Python\Python313\Lib\site-packages\django\shortcuts.py", line 24, in render
    content = loader.render_to_string(template_name, context, request, using=using)
  File "C:\Users\user\AppData\Local\Programs\Python\Python313\Lib\site-packages\django\template\loader.py", line 62, in render_to_string
    return template.render(context, request)
           ~~~~~~~~~~~~~~~^^^^^^^^^^^^^^^^^^
  File "C:\Users\user\AppData\Local\Programs\Python\Python313\Lib\site-packages\django\template\backends\django.py", line 61, in render
    return self.template.render(context)
           ~~~~~~~~~~~~~~~~~~~~^^^^^^^^^
  File "C:\Users\user\AppData\Local\Programs\Python\Python313\Lib\site-packages\django\template\base.py", line 171, in render
    return self._render(context)
           ~~~~~~~~~~~~^^^^^^^^^
  File "C:\Users\user\AppData\Local\Programs\Python\Python313\Lib\site-packages\django\template\base.py", line 163, in _render
    return self.nodelist.render(context)
           ~~~~~~~~~~~~~~~~~~~~^^^^^^^^^
  File "C:\Users\user\AppData\Local\Programs\Python\Python313\Lib\site-packages\django\template\base.py", line 1000, in render
    return SafeString("".join([node.render_annotated(context) for node in self]))
                               ~~~~~~~~~~~~~~~~~~~~~^^^^^^^^^
  File "C:\Users\user\AppData\Local\Programs\Python\Python313\Lib\site-packages\django\template\base.py", line 961, in render_annotated
    return self.render(context)
           ~~~~~~~~~~~^^^^^^^^^
  File "C:\Users\user\AppData\Local\Programs\Python\Python313\Lib\site-packages\django\template\loader_tags.py", line 159, in render
    return compiled_parent._render(context)
           ~~~~~~~~~~~~~~~~~~~~~~~^^^^^^^^^
  File "C:\Users\user\AppData\Local\Programs\Python\Python313\Lib\site-packages\django\template\base.py", line 163, in _render
    return self.nodelist.render(context)
           ~~~~~~~~~~~~~~~~~~~~^^^^^^^^^
  File "C:\Users\user\AppData\Local\Programs\Python\Python313\Lib\site-packages\django\template\base.py", line 1000, in render
    return SafeString("".join([node.render_annotated(context) for node in self]))
                               ~~~~~~~~~~~~~~~~~~~~~^^^^^^^^^
  File "C:\Users\user\AppData\Local\Programs\Python\Python313\Lib\site-packages\django\template\base.py", line 961, in render_annotated
    return self.render(context)
           ~~~~~~~~~~~^^^^^^^^^
  File "C:\Users\user\AppData\Local\Programs\Python\Python313\Lib\site-packages\django\template\defaulttags.py", line 325, in render
    return nodelist.render(context)
           ~~~~~~~~~~~~~~~^^^^^^^^^
  File "C:\Users\user\AppData\Local\Programs\Python\Python313\Lib\site-packages\django\template\base.py", line 1000, in render
    return SafeString("".join([node.render_annotated(context) for node in self]))
                               ~~~~~~~~~~~~~~~~~~~~~^^^^^^^^^
  File "C:\Users\user\AppData\Local\Programs\Python\Python313\Lib\site-packages\django\template\base.py", line 961, in render_annotated
    return self.render(context)
           ~~~~~~~~~~~^^^^^^^^^
  File "C:\Users\user\AppData\Local\Programs\Python\Python313\Lib\site-packages\django\template\defaulttags.py", line 478, in render
    url = reverse(view_name, args=args, kwargs=kwargs, current_app=current_app)
  File "C:\Users\user\AppData\Local\Programs\Python\Python313\Lib\site-packages\django\urls\base.py", line 88, in reverse
    return resolver._reverse_with_prefix(view, prefix, *args, **kwargs)
           ~~~~~~~~~~~~~~~~~~~~~~~~~~~~~^^^^^^^^^^^^^^^^^^^^^^^^^^^^^^^
  File "C:\Users\user\AppData\Local\Programs\Python\Python313\Lib\site-packages\django\urls\resolvers.py", line 848, in _reverse_with_prefix
    raise NoReverseMatch(msg)
django.urls.exceptions.NoReverseMatch: Reverse for 'login' not found. 'login' is not a valid view function or pattern name.
ERROR 2025-05-26 18:38:10,080 basehttp 10308 21284 "GET / HTTP/1.1" 500 155517
ERROR 2025-05-26 18:40:51,537 log 14912 1220 Internal Server Error: /
Traceback (most recent call last):
  File "C:\Users\user\AppData\Local\Programs\Python\Python313\Lib\site-packages\django\core\handlers\exception.py", line 55, in inner
    response = get_response(request)
  File "C:\Users\user\AppData\Local\Programs\Python\Python313\Lib\site-packages\django\core\handlers\base.py", line 197, in _get_response
    response = wrapped_callback(request, *callback_args, **callback_kwargs)
  File "C:\Users\user\Desktop\laba5\main\views.py", line 17, in index
    return render(request, 'main/index.html', {
        # 'latest_news': latest_news
    })
  File "C:\Users\user\AppData\Local\Programs\Python\Python313\Lib\site-packages\django\shortcuts.py", line 24, in render
    content = loader.render_to_string(template_name, context, request, using=using)
  File "C:\Users\user\AppData\Local\Programs\Python\Python313\Lib\site-packages\django\template\loader.py", line 62, in render_to_string
    return template.render(context, request)
           ~~~~~~~~~~~~~~~^^^^^^^^^^^^^^^^^^
  File "C:\Users\user\AppData\Local\Programs\Python\Python313\Lib\site-packages\django\template\backends\django.py", line 61, in render
    return self.template.render(context)
           ~~~~~~~~~~~~~~~~~~~~^^^^^^^^^
  File "C:\Users\user\AppData\Local\Programs\Python\Python313\Lib\site-packages\django\template\base.py", line 171, in render
    return self._render(context)
           ~~~~~~~~~~~~^^^^^^^^^
  File "C:\Users\user\AppData\Local\Programs\Python\Python313\Lib\site-packages\django\template\base.py", line 163, in _render
    return self.nodelist.render(context)
           ~~~~~~~~~~~~~~~~~~~~^^^^^^^^^
  File "C:\Users\user\AppData\Local\Programs\Python\Python313\Lib\site-packages\django\template\base.py", line 1000, in render
    return SafeString("".join([node.render_annotated(context) for node in self]))
                               ~~~~~~~~~~~~~~~~~~~~~^^^^^^^^^
  File "C:\Users\user\AppData\Local\Programs\Python\Python313\Lib\site-packages\django\template\base.py", line 961, in render_annotated
    return self.render(context)
           ~~~~~~~~~~~^^^^^^^^^
  File "C:\Users\user\AppData\Local\Programs\Python\Python313\Lib\site-packages\django\template\loader_tags.py", line 159, in render
    return compiled_parent._render(context)
           ~~~~~~~~~~~~~~~~~~~~~~~^^^^^^^^^
  File "C:\Users\user\AppData\Local\Programs\Python\Python313\Lib\site-packages\django\template\base.py", line 163, in _render
    return self.nodelist.render(context)
           ~~~~~~~~~~~~~~~~~~~~^^^^^^^^^
  File "C:\Users\user\AppData\Local\Programs\Python\Python313\Lib\site-packages\django\template\base.py", line 1000, in render
    return SafeString("".join([node.render_annotated(context) for node in self]))
                               ~~~~~~~~~~~~~~~~~~~~~^^^^^^^^^
  File "C:\Users\user\AppData\Local\Programs\Python\Python313\Lib\site-packages\django\template\base.py", line 961, in render_annotated
    return self.render(context)
           ~~~~~~~~~~~^^^^^^^^^
  File "C:\Users\user\AppData\Local\Programs\Python\Python313\Lib\site-packages\django\template\loader_tags.py", line 65, in render
    result = block.nodelist.render(context)
  File "C:\Users\user\AppData\Local\Programs\Python\Python313\Lib\site-packages\django\template\base.py", line 1000, in render
    return SafeString("".join([node.render_annotated(context) for node in self]))
                               ~~~~~~~~~~~~~~~~~~~~~^^^^^^^^^
  File "C:\Users\user\AppData\Local\Programs\Python\Python313\Lib\site-packages\django\template\base.py", line 961, in render_annotated
    return self.render(context)
           ~~~~~~~~~~~^^^^^^^^^
  File "C:\Users\user\AppData\Local\Programs\Python\Python313\Lib\site-packages\django\template\defaulttags.py", line 478, in render
    url = reverse(view_name, args=args, kwargs=kwargs, current_app=current_app)
  File "C:\Users\user\AppData\Local\Programs\Python\Python313\Lib\site-packages\django\urls\base.py", line 88, in reverse
    return resolver._reverse_with_prefix(view, prefix, *args, **kwargs)
           ~~~~~~~~~~~~~~~~~~~~~~~~~~~~~^^^^^^^^^^^^^^^^^^^^^^^^^^^^^^^
  File "C:\Users\user\AppData\Local\Programs\Python\Python313\Lib\site-packages\django\urls\resolvers.py", line 848, in _reverse_with_prefix
    raise NoReverseMatch(msg)
django.urls.exceptions.NoReverseMatch: Reverse for 'contact' not found. 'contact' is not a valid view function or pattern name.
ERROR 2025-05-26 18:40:51,542 basehttp 14912 1220 "GET / HTTP/1.1" 500 155303
ERROR 2025-05-26 18:42:05,482 log 17772 17864 Internal Server Error: /
Traceback (most recent call last):
  File "C:\Users\user\AppData\Local\Programs\Python\Python313\Lib\site-packages\django\core\handlers\exception.py", line 55, in inner
    response = get_response(request)
  File "C:\Users\user\AppData\Local\Programs\Python\Python313\Lib\site-packages\django\core\handlers\base.py", line 197, in _get_response
    response = wrapped_callback(request, *callback_args, **callback_kwargs)
  File "C:\Users\user\Desktop\laba5\main\views.py", line 17, in index
    return render(request, 'main/index.html', {
        # 'latest_news': latest_news
    })
  File "C:\Users\user\AppData\Local\Programs\Python\Python313\Lib\site-packages\django\shortcuts.py", line 24, in render
    content = loader.render_to_string(template_name, context, request, using=using)
  File "C:\Users\user\AppData\Local\Programs\Python\Python313\Lib\site-packages\django\template\loader.py", line 62, in render_to_string
    return template.render(context, request)
           ~~~~~~~~~~~~~~~^^^^^^^^^^^^^^^^^^
  File "C:\Users\user\AppData\Local\Programs\Python\Python313\Lib\site-packages\django\template\backends\django.py", line 61, in render
    return self.template.render(context)
           ~~~~~~~~~~~~~~~~~~~~^^^^^^^^^
  File "C:\Users\user\AppData\Local\Programs\Python\Python313\Lib\site-packages\django\template\base.py", line 171, in render
    return self._render(context)
           ~~~~~~~~~~~~^^^^^^^^^
  File "C:\Users\user\AppData\Local\Programs\Python\Python313\Lib\site-packages\django\template\base.py", line 163, in _render
    return self.nodelist.render(context)
           ~~~~~~~~~~~~~~~~~~~~^^^^^^^^^
  File "C:\Users\user\AppData\Local\Programs\Python\Python313\Lib\site-packages\django\template\base.py", line 1000, in render
    return SafeString("".join([node.render_annotated(context) for node in self]))
                               ~~~~~~~~~~~~~~~~~~~~~^^^^^^^^^
  File "C:\Users\user\AppData\Local\Programs\Python\Python313\Lib\site-packages\django\template\base.py", line 961, in render_annotated
    return self.render(context)
           ~~~~~~~~~~~^^^^^^^^^
  File "C:\Users\user\AppData\Local\Programs\Python\Python313\Lib\site-packages\django\template\loader_tags.py", line 159, in render
    return compiled_parent._render(context)
           ~~~~~~~~~~~~~~~~~~~~~~~^^^^^^^^^
  File "C:\Users\user\AppData\Local\Programs\Python\Python313\Lib\site-packages\django\template\base.py", line 163, in _render
    return self.nodelist.render(context)
           ~~~~~~~~~~~~~~~~~~~~^^^^^^^^^
  File "C:\Users\user\AppData\Local\Programs\Python\Python313\Lib\site-packages\django\template\base.py", line 1000, in render
    return SafeString("".join([node.render_annotated(context) for node in self]))
                               ~~~~~~~~~~~~~~~~~~~~~^^^^^^^^^
  File "C:\Users\user\AppData\Local\Programs\Python\Python313\Lib\site-packages\django\template\base.py", line 961, in render_annotated
    return self.render(context)
           ~~~~~~~~~~~^^^^^^^^^
  File "C:\Users\user\AppData\Local\Programs\Python\Python313\Lib\site-packages\django\template\loader_tags.py", line 65, in render
    result = block.nodelist.render(context)
  File "C:\Users\user\AppData\Local\Programs\Python\Python313\Lib\site-packages\django\template\base.py", line 1000, in render
    return SafeString("".join([node.render_annotated(context) for node in self]))
                               ~~~~~~~~~~~~~~~~~~~~~^^^^^^^^^
  File "C:\Users\user\AppData\Local\Programs\Python\Python313\Lib\site-packages\django\template\base.py", line 961, in render_annotated
    return self.render(context)
           ~~~~~~~~~~~^^^^^^^^^
  File "C:\Users\user\AppData\Local\Programs\Python\Python313\Lib\site-packages\django\template\defaulttags.py", line 478, in render
    url = reverse(view_name, args=args, kwargs=kwargs, current_app=current_app)
  File "C:\Users\user\AppData\Local\Programs\Python\Python313\Lib\site-packages\django\urls\base.py", line 88, in reverse
    return resolver._reverse_with_prefix(view, prefix, *args, **kwargs)
           ~~~~~~~~~~~~~~~~~~~~~~~~~~~~~^^^^^^^^^^^^^^^^^^^^^^^^^^^^^^^
  File "C:\Users\user\AppData\Local\Programs\Python\Python313\Lib\site-packages\django\urls\resolvers.py", line 848, in _reverse_with_prefix
    raise NoReverseMatch(msg)
django.urls.exceptions.NoReverseMatch: Reverse for 'contact' not found. 'contact' is not a valid view function or pattern name.
ERROR 2025-05-26 18:42:05,488 basehttp 17772 17864 "GET / HTTP/1.1" 500 154818
ERROR 2025-05-26 18:45:52,011 log 9468 19460 Internal Server Error: /
Traceback (most recent call last):
  File "C:\Users\user\AppData\Local\Programs\Python\Python313\Lib\site-packages\django\core\handlers\exception.py", line 55, in inner
    response = get_response(request)
  File "C:\Users\user\AppData\Local\Programs\Python\Python313\Lib\site-packages\django\core\handlers\base.py", line 197, in _get_response
    response = wrapped_callback(request, *callback_args, **callback_kwargs)
  File "C:\Users\user\Desktop\laba5\main\views.py", line 17, in index
    return render(request, 'main/index.html', {
        # 'latest_news': latest_news
    })
  File "C:\Users\user\AppData\Local\Programs\Python\Python313\Lib\site-packages\django\shortcuts.py", line 24, in render
    content = loader.render_to_string(template_name, context, request, using=using)
  File "C:\Users\user\AppData\Local\Programs\Python\Python313\Lib\site-packages\django\template\loader.py", line 62, in render_to_string
    return template.render(context, request)
           ~~~~~~~~~~~~~~~^^^^^^^^^^^^^^^^^^
  File "C:\Users\user\AppData\Local\Programs\Python\Python313\Lib\site-packages\django\template\backends\django.py", line 61, in render
    return self.template.render(context)
           ~~~~~~~~~~~~~~~~~~~~^^^^^^^^^
  File "C:\Users\user\AppData\Local\Programs\Python\Python313\Lib\site-packages\django\template\base.py", line 171, in render
    return self._render(context)
           ~~~~~~~~~~~~^^^^^^^^^
  File "C:\Users\user\AppData\Local\Programs\Python\Python313\Lib\site-packages\django\template\base.py", line 163, in _render
    return self.nodelist.render(context)
           ~~~~~~~~~~~~~~~~~~~~^^^^^^^^^
  File "C:\Users\user\AppData\Local\Programs\Python\Python313\Lib\site-packages\django\template\base.py", line 1000, in render
    return SafeString("".join([node.render_annotated(context) for node in self]))
                               ~~~~~~~~~~~~~~~~~~~~~^^^^^^^^^
  File "C:\Users\user\AppData\Local\Programs\Python\Python313\Lib\site-packages\django\template\base.py", line 961, in render_annotated
    return self.render(context)
           ~~~~~~~~~~~^^^^^^^^^
  File "C:\Users\user\AppData\Local\Programs\Python\Python313\Lib\site-packages\django\template\loader_tags.py", line 159, in render
    return compiled_parent._render(context)
           ~~~~~~~~~~~~~~~~~~~~~~~^^^^^^^^^
  File "C:\Users\user\AppData\Local\Programs\Python\Python313\Lib\site-packages\django\template\base.py", line 163, in _render
    return self.nodelist.render(context)
           ~~~~~~~~~~~~~~~~~~~~^^^^^^^^^
  File "C:\Users\user\AppData\Local\Programs\Python\Python313\Lib\site-packages\django\template\base.py", line 1000, in render
    return SafeString("".join([node.render_annotated(context) for node in self]))
                               ~~~~~~~~~~~~~~~~~~~~~^^^^^^^^^
  File "C:\Users\user\AppData\Local\Programs\Python\Python313\Lib\site-packages\django\template\base.py", line 961, in render_annotated
    return self.render(context)
           ~~~~~~~~~~~^^^^^^^^^
  File "C:\Users\user\AppData\Local\Programs\Python\Python313\Lib\site-packages\django\template\loader_tags.py", line 65, in render
    result = block.nodelist.render(context)
  File "C:\Users\user\AppData\Local\Programs\Python\Python313\Lib\site-packages\django\template\base.py", line 1000, in render
    return SafeString("".join([node.render_annotated(context) for node in self]))
                               ~~~~~~~~~~~~~~~~~~~~~^^^^^^^^^
  File "C:\Users\user\AppData\Local\Programs\Python\Python313\Lib\site-packages\django\template\base.py", line 961, in render_annotated
    return self.render(context)
           ~~~~~~~~~~~^^^^^^^^^
  File "C:\Users\user\AppData\Local\Programs\Python\Python313\Lib\site-packages\django\template\defaulttags.py", line 478, in render
    url = reverse(view_name, args=args, kwargs=kwargs, current_app=current_app)
  File "C:\Users\user\AppData\Local\Programs\Python\Python313\Lib\site-packages\django\urls\base.py", line 88, in reverse
    return resolver._reverse_with_prefix(view, prefix, *args, **kwargs)
           ~~~~~~~~~~~~~~~~~~~~~~~~~~~~~^^^^^^^^^^^^^^^^^^^^^^^^^^^^^^^
  File "C:\Users\user\AppData\Local\Programs\Python\Python313\Lib\site-packages\django\urls\resolvers.py", line 848, in _reverse_with_prefix
    raise NoReverseMatch(msg)
django.urls.exceptions.NoReverseMatch: Reverse for 'contact' not found. 'contact' is not a valid view function or pattern name.
ERROR 2025-05-26 18:45:52,018 basehttp 9468 19460 "GET / HTTP/1.1" 500 154817
ERROR 2025-05-26 18:45:54,251 log 9468 19460 Internal Server Error: /
Traceback (most recent call last):
  File "C:\Users\user\AppData\Local\Programs\Python\Python313\Lib\site-packages\django\core\handlers\exception.py", line 55, in inner
    response = get_response(request)
  File "C:\Users\user\AppData\Local\Programs\Python\Python313\Lib\site-packages\django\core\handlers\base.py", line 197, in _get_response
    response = wrapped_callback(request, *callback_args, **callback_kwargs)
  File "C:\Users\user\Desktop\laba5\main\views.py", line 17, in index
    return render(request, 'main/index.html', {
        # 'latest_news': latest_news
    })
  File "C:\Users\user\AppData\Local\Programs\Python\Python313\Lib\site-packages\django\shortcuts.py", line 24, in render
    content = loader.render_to_string(template_name, context, request, using=using)
  File "C:\Users\user\AppData\Local\Programs\Python\Python313\Lib\site-packages\django\template\loader.py", line 62, in render_to_string
    return template.render(context, request)
           ~~~~~~~~~~~~~~~^^^^^^^^^^^^^^^^^^
  File "C:\Users\user\AppData\Local\Programs\Python\Python313\Lib\site-packages\django\template\backends\django.py", line 61, in render
    return self.template.render(context)
           ~~~~~~~~~~~~~~~~~~~~^^^^^^^^^
  File "C:\Users\user\AppData\Local\Programs\Python\Python313\Lib\site-packages\django\template\base.py", line 171, in render
    return self._render(context)
           ~~~~~~~~~~~~^^^^^^^^^
  File "C:\Users\user\AppData\Local\Programs\Python\Python313\Lib\site-packages\django\template\base.py", line 163, in _render
    return self.nodelist.render(context)
           ~~~~~~~~~~~~~~~~~~~~^^^^^^^^^
  File "C:\Users\user\AppData\Local\Programs\Python\Python313\Lib\site-packages\django\template\base.py", line 1000, in render
    return SafeString("".join([node.render_annotated(context) for node in self]))
                               ~~~~~~~~~~~~~~~~~~~~~^^^^^^^^^
  File "C:\Users\user\AppData\Local\Programs\Python\Python313\Lib\site-packages\django\template\base.py", line 961, in render_annotated
    return self.render(context)
           ~~~~~~~~~~~^^^^^^^^^
  File "C:\Users\user\AppData\Local\Programs\Python\Python313\Lib\site-packages\django\template\loader_tags.py", line 159, in render
    return compiled_parent._render(context)
           ~~~~~~~~~~~~~~~~~~~~~~~^^^^^^^^^
  File "C:\Users\user\AppData\Local\Programs\Python\Python313\Lib\site-packages\django\template\base.py", line 163, in _render
    return self.nodelist.render(context)
           ~~~~~~~~~~~~~~~~~~~~^^^^^^^^^
  File "C:\Users\user\AppData\Local\Programs\Python\Python313\Lib\site-packages\django\template\base.py", line 1000, in render
    return SafeString("".join([node.render_annotated(context) for node in self]))
                               ~~~~~~~~~~~~~~~~~~~~~^^^^^^^^^
  File "C:\Users\user\AppData\Local\Programs\Python\Python313\Lib\site-packages\django\template\base.py", line 961, in render_annotated
    return self.render(context)
           ~~~~~~~~~~~^^^^^^^^^
  File "C:\Users\user\AppData\Local\Programs\Python\Python313\Lib\site-packages\django\template\loader_tags.py", line 65, in render
    result = block.nodelist.render(context)
  File "C:\Users\user\AppData\Local\Programs\Python\Python313\Lib\site-packages\django\template\base.py", line 1000, in render
    return SafeString("".join([node.render_annotated(context) for node in self]))
                               ~~~~~~~~~~~~~~~~~~~~~^^^^^^^^^
  File "C:\Users\user\AppData\Local\Programs\Python\Python313\Lib\site-packages\django\template\base.py", line 961, in render_annotated
    return self.render(context)
           ~~~~~~~~~~~^^^^^^^^^
  File "C:\Users\user\AppData\Local\Programs\Python\Python313\Lib\site-packages\django\template\defaulttags.py", line 478, in render
    url = reverse(view_name, args=args, kwargs=kwargs, current_app=current_app)
  File "C:\Users\user\AppData\Local\Programs\Python\Python313\Lib\site-packages\django\urls\base.py", line 88, in reverse
    return resolver._reverse_with_prefix(view, prefix, *args, **kwargs)
           ~~~~~~~~~~~~~~~~~~~~~~~~~~~~~^^^^^^^^^^^^^^^^^^^^^^^^^^^^^^^
  File "C:\Users\user\AppData\Local\Programs\Python\Python313\Lib\site-packages\django\urls\resolvers.py", line 848, in _reverse_with_prefix
    raise NoReverseMatch(msg)
django.urls.exceptions.NoReverseMatch: Reverse for 'contact' not found. 'contact' is not a valid view function or pattern name.
ERROR 2025-05-26 18:45:54,255 basehttp 9468 19460 "GET / HTTP/1.1" 500 154817
ERROR 2025-05-26 19:01:36,260 log 6364 19656 Internal Server Error: /api/orders/
Traceback (most recent call last):
  File "C:\Users\user\AppData\Local\Programs\Python\Python313\Lib\site-packages\django\db\backends\utils.py", line 105, in _execute
    return self.cursor.execute(sql, params)
           ~~~~~~~~~~~~~~~~~~~^^^^^^^^^^^^^
  File "C:\Users\user\AppData\Local\Programs\Python\Python313\Lib\site-packages\django\db\backends\sqlite3\base.py", line 328, in execute
    return super().execute(query, params)
           ~~~~~~~~~~~~~~~^^^^^^^^^^^^^^^
sqlite3.IntegrityError: NOT NULL constraint failed: main_order.client_id

The above exception was the direct cause of the following exception:

Traceback (most recent call last):
  File "C:\Users\user\AppData\Local\Programs\Python\Python313\Lib\site-packages\django\core\handlers\exception.py", line 55, in inner
    response = get_response(request)
  File "C:\Users\user\AppData\Local\Programs\Python\Python313\Lib\site-packages\django\core\handlers\base.py", line 197, in _get_response
    response = wrapped_callback(request, *callback_args, **callback_kwargs)
  File "C:\Users\user\AppData\Local\Programs\Python\Python313\Lib\site-packages\django\views\decorators\csrf.py", line 65, in _view_wrapper
    return view_func(request, *args, **kwargs)
  File "C:\Users\user\AppData\Local\Programs\Python\Python313\Lib\site-packages\rest_framework\viewsets.py", line 125, in view
    return self.dispatch(request, *args, **kwargs)
           ~~~~~~~~~~~~~^^^^^^^^^^^^^^^^^^^^^^^^^^
  File "C:\Users\user\AppData\Local\Programs\Python\Python313\Lib\site-packages\rest_framework\views.py", line 509, in dispatch
    response = self.handle_exception(exc)
  File "C:\Users\user\AppData\Local\Programs\Python\Python313\Lib\site-packages\rest_framework\views.py", line 469, in handle_exception
    self.raise_uncaught_exception(exc)
    ~~~~~~~~~~~~~~~~~~~~~~~~~~~~~^^^^^
  File "C:\Users\user\AppData\Local\Programs\Python\Python313\Lib\site-packages\rest_framework\views.py", line 480, in raise_uncaught_exception
    raise exc
  File "C:\Users\user\AppData\Local\Programs\Python\Python313\Lib\site-packages\rest_framework\views.py", line 506, in dispatch
    response = handler(request, *args, **kwargs)
  File "C:\Users\user\AppData\Local\Programs\Python\Python313\Lib\site-packages\rest_framework\mixins.py", line 19, in create
    self.perform_create(serializer)
    ~~~~~~~~~~~~~~~~~~~^^^^^^^^^^^^
  File "C:\Users\user\Desktop\laba5\main\api_views.py", line 122, in perform_create
    serializer.save()
    ~~~~~~~~~~~~~~~^^
  File "C:\Users\user\AppData\Local\Programs\Python\Python313\Lib\site-packages\rest_framework\serializers.py", line 212, in save
    self.instance = self.create(validated_data)
                    ~~~~~~~~~~~^^^^^^^^^^^^^^^^
  File "C:\Users\user\AppData\Local\Programs\Python\Python313\Lib\site-packages\rest_framework\serializers.py", line 962, in create
    instance = ModelClass._default_manager.create(**validated_data)
  File "C:\Users\user\AppData\Local\Programs\Python\Python313\Lib\site-packages\django\db\models\manager.py", line 87, in manager_method
    return getattr(self.get_queryset(), name)(*args, **kwargs)
           ~~~~~~~~~~~~~~~~~~~~~~~~~~~~~~~~~~^^^^^^^^^^^^^^^^^
  File "C:\Users\user\AppData\Local\Programs\Python\Python313\Lib\site-packages\django\db\models\query.py", line 677, in create
    obj.save(force_insert=True, using=self.db)
    ~~~~~~~~^^^^^^^^^^^^^^^^^^^^^^^^^^^^^^^^^^
  File "C:\Users\user\AppData\Local\Programs\Python\Python313\Lib\site-packages\django\db\models\base.py", line 822, in save
    self.save_base(
    ~~~~~~~~~~~~~~^
        using=using,
        ^^^^^^^^^^^^
    ...<2 lines>...
        update_fields=update_fields,
        ^^^^^^^^^^^^^^^^^^^^^^^^^^^^
    )
    ^
  File "C:\Users\user\AppData\Local\Programs\Python\Python313\Lib\site-packages\django\db\models\base.py", line 909, in save_base
    updated = self._save_table(
        raw,
    ...<4 lines>...
        update_fields,
    )
  File "C:\Users\user\AppData\Local\Programs\Python\Python313\Lib\site-packages\django\db\models\base.py", line 1067, in _save_table
    results = self._do_insert(
        cls._base_manager, using, fields, returning_fields, raw
    )
  File "C:\Users\user\AppData\Local\Programs\Python\Python313\Lib\site-packages\django\db\models\base.py", line 1108, in _do_insert
    return manager._insert(
           ~~~~~~~~~~~~~~~^
        [self],
        ^^^^^^^
    ...<3 lines>...
        raw=raw,
        ^^^^^^^^
    )
    ^
  File "C:\Users\user\AppData\Local\Programs\Python\Python313\Lib\site-packages\django\db\models\manager.py", line 87, in manager_method
    return getattr(self.get_queryset(), name)(*args, **kwargs)
           ~~~~~~~~~~~~~~~~~~~~~~~~~~~~~~~~~~^^^^^^^^^^^^^^^^^
  File "C:\Users\user\AppData\Local\Programs\Python\Python313\Lib\site-packages\django\db\models\query.py", line 1845, in _insert
    return query.get_compiler(using=using).execute_sql(returning_fields)
           ~~~~~~~~~~~~~~~~~~~~~~~~~~~~~~~~~~~~~~~~~~~^^^^^^^^^^^^^^^^^^
  File "C:\Users\user\AppData\Local\Programs\Python\Python313\Lib\site-packages\django\db\models\sql\compiler.py", line 1823, in execute_sql
    cursor.execute(sql, params)
    ~~~~~~~~~~~~~~^^^^^^^^^^^^^
  File "C:\Users\user\AppData\Local\Programs\Python\Python313\Lib\site-packages\django\db\backends\utils.py", line 79, in execute
    return self._execute_with_wrappers(
           ~~~~~~~~~~~~~~~~~~~~~~~~~~~^
        sql, params, many=False, executor=self._execute
        ^^^^^^^^^^^^^^^^^^^^^^^^^^^^^^^^^^^^^^^^^^^^^^^
    )
    ^
  File "C:\Users\user\AppData\Local\Programs\Python\Python313\Lib\site-packages\django\db\backends\utils.py", line 92, in _execute_with_wrappers
    return executor(sql, params, many, context)
  File "C:\Users\user\AppData\Local\Programs\Python\Python313\Lib\site-packages\django\db\backends\utils.py", line 100, in _execute
    with self.db.wrap_database_errors:
         ^^^^^^^^^^^^^^^^^^^^^^^^^^^^
  File "C:\Users\user\AppData\Local\Programs\Python\Python313\Lib\site-packages\django\db\utils.py", line 91, in __exit__
    raise dj_exc_value.with_traceback(traceback) from exc_value
  File "C:\Users\user\AppData\Local\Programs\Python\Python313\Lib\site-packages\django\db\backends\utils.py", line 105, in _execute
    return self.cursor.execute(sql, params)
           ~~~~~~~~~~~~~~~~~~~^^^^^^^^^^^^^
  File "C:\Users\user\AppData\Local\Programs\Python\Python313\Lib\site-packages\django\db\backends\sqlite3\base.py", line 328, in execute
    return super().execute(query, params)
           ~~~~~~~~~~~~~~~^^^^^^^^^^^^^^^
django.db.utils.IntegrityError: NOT NULL constraint failed: main_order.client_id
ERROR 2025-05-26 20:46:53,130 log 9964 20920 Internal Server Error: /api/orders/
Traceback (most recent call last):
  File "C:\Users\user\AppData\Local\Programs\Python\Python313\Lib\site-packages\django\db\backends\utils.py", line 105, in _execute
    return self.cursor.execute(sql, params)
           ~~~~~~~~~~~~~~~~~~~^^^^^^^^^^^^^
  File "C:\Users\user\AppData\Local\Programs\Python\Python313\Lib\site-packages\django\db\backends\sqlite3\base.py", line 328, in execute
    return super().execute(query, params)
           ~~~~~~~~~~~~~~~^^^^^^^^^^^^^^^
sqlite3.IntegrityError: NOT NULL constraint failed: main_order.cargo_type_id

The above exception was the direct cause of the following exception:

Traceback (most recent call last):
  File "C:\Users\user\AppData\Local\Programs\Python\Python313\Lib\site-packages\django\core\handlers\exception.py", line 55, in inner
    response = get_response(request)
  File "C:\Users\user\AppData\Local\Programs\Python\Python313\Lib\site-packages\django\core\handlers\base.py", line 197, in _get_response
    response = wrapped_callback(request, *callback_args, **callback_kwargs)
  File "C:\Users\user\AppData\Local\Programs\Python\Python313\Lib\site-packages\django\views\decorators\csrf.py", line 65, in _view_wrapper
    return view_func(request, *args, **kwargs)
  File "C:\Users\user\AppData\Local\Programs\Python\Python313\Lib\site-packages\rest_framework\viewsets.py", line 125, in view
    return self.dispatch(request, *args, **kwargs)
           ~~~~~~~~~~~~~^^^^^^^^^^^^^^^^^^^^^^^^^^
  File "C:\Users\user\AppData\Local\Programs\Python\Python313\Lib\site-packages\rest_framework\views.py", line 509, in dispatch
    response = self.handle_exception(exc)
  File "C:\Users\user\AppData\Local\Programs\Python\Python313\Lib\site-packages\rest_framework\views.py", line 469, in handle_exception
    self.raise_uncaught_exception(exc)
    ~~~~~~~~~~~~~~~~~~~~~~~~~~~~~^^^^^
  File "C:\Users\user\AppData\Local\Programs\Python\Python313\Lib\site-packages\rest_framework\views.py", line 480, in raise_uncaught_exception
    raise exc
  File "C:\Users\user\AppData\Local\Programs\Python\Python313\Lib\site-packages\rest_framework\views.py", line 506, in dispatch
    response = handler(request, *args, **kwargs)
  File "C:\Users\user\AppData\Local\Programs\Python\Python313\Lib\site-packages\rest_framework\mixins.py", line 19, in create
    self.perform_create(serializer)
    ~~~~~~~~~~~~~~~~~~~^^^^^^^^^^^^
  File "C:\Users\user\Desktop\laba5\main\api_views.py", line 122, in perform_create
    serializer.save()
    ~~~~~~~~~~~~~~~^^
  File "C:\Users\user\AppData\Local\Programs\Python\Python313\Lib\site-packages\rest_framework\serializers.py", line 212, in save
    self.instance = self.create(validated_data)
                    ~~~~~~~~~~~^^^^^^^^^^^^^^^^
  File "C:\Users\user\AppData\Local\Programs\Python\Python313\Lib\site-packages\rest_framework\serializers.py", line 962, in create
    instance = ModelClass._default_manager.create(**validated_data)
  File "C:\Users\user\AppData\Local\Programs\Python\Python313\Lib\site-packages\django\db\models\manager.py", line 87, in manager_method
    return getattr(self.get_queryset(), name)(*args, **kwargs)
           ~~~~~~~~~~~~~~~~~~~~~~~~~~~~~~~~~~^^^^^^^^^^^^^^^^^
  File "C:\Users\user\AppData\Local\Programs\Python\Python313\Lib\site-packages\django\db\models\query.py", line 677, in create
    obj.save(force_insert=True, using=self.db)
    ~~~~~~~~^^^^^^^^^^^^^^^^^^^^^^^^^^^^^^^^^^
  File "C:\Users\user\AppData\Local\Programs\Python\Python313\Lib\site-packages\django\db\models\base.py", line 822, in save
    self.save_base(
    ~~~~~~~~~~~~~~^
        using=using,
        ^^^^^^^^^^^^
    ...<2 lines>...
        update_fields=update_fields,
        ^^^^^^^^^^^^^^^^^^^^^^^^^^^^
    )
    ^
  File "C:\Users\user\AppData\Local\Programs\Python\Python313\Lib\site-packages\django\db\models\base.py", line 909, in save_base
    updated = self._save_table(
        raw,
    ...<4 lines>...
        update_fields,
    )
  File "C:\Users\user\AppData\Local\Programs\Python\Python313\Lib\site-packages\django\db\models\base.py", line 1067, in _save_table
    results = self._do_insert(
        cls._base_manager, using, fields, returning_fields, raw
    )
  File "C:\Users\user\AppData\Local\Programs\Python\Python313\Lib\site-packages\django\db\models\base.py", line 1108, in _do_insert
    return manager._insert(
           ~~~~~~~~~~~~~~~^
        [self],
        ^^^^^^^
    ...<3 lines>...
        raw=raw,
        ^^^^^^^^
    )
    ^
  File "C:\Users\user\AppData\Local\Programs\Python\Python313\Lib\site-packages\django\db\models\manager.py", line 87, in manager_method
    return getattr(self.get_queryset(), name)(*args, **kwargs)
           ~~~~~~~~~~~~~~~~~~~~~~~~~~~~~~~~~~^^^^^^^^^^^^^^^^^
  File "C:\Users\user\AppData\Local\Programs\Python\Python313\Lib\site-packages\django\db\models\query.py", line 1845, in _insert
    return query.get_compiler(using=using).execute_sql(returning_fields)
           ~~~~~~~~~~~~~~~~~~~~~~~~~~~~~~~~~~~~~~~~~~~^^^^^^^^^^^^^^^^^^
  File "C:\Users\user\AppData\Local\Programs\Python\Python313\Lib\site-packages\django\db\models\sql\compiler.py", line 1823, in execute_sql
    cursor.execute(sql, params)
    ~~~~~~~~~~~~~~^^^^^^^^^^^^^
  File "C:\Users\user\AppData\Local\Programs\Python\Python313\Lib\site-packages\django\db\backends\utils.py", line 79, in execute
    return self._execute_with_wrappers(
           ~~~~~~~~~~~~~~~~~~~~~~~~~~~^
        sql, params, many=False, executor=self._execute
        ^^^^^^^^^^^^^^^^^^^^^^^^^^^^^^^^^^^^^^^^^^^^^^^
    )
    ^
  File "C:\Users\user\AppData\Local\Programs\Python\Python313\Lib\site-packages\django\db\backends\utils.py", line 92, in _execute_with_wrappers
    return executor(sql, params, many, context)
  File "C:\Users\user\AppData\Local\Programs\Python\Python313\Lib\site-packages\django\db\backends\utils.py", line 100, in _execute
    with self.db.wrap_database_errors:
         ^^^^^^^^^^^^^^^^^^^^^^^^^^^^
  File "C:\Users\user\AppData\Local\Programs\Python\Python313\Lib\site-packages\django\db\utils.py", line 91, in __exit__
    raise dj_exc_value.with_traceback(traceback) from exc_value
  File "C:\Users\user\AppData\Local\Programs\Python\Python313\Lib\site-packages\django\db\backends\utils.py", line 105, in _execute
    return self.cursor.execute(sql, params)
           ~~~~~~~~~~~~~~~~~~~^^^^^^^^^^^^^
  File "C:\Users\user\AppData\Local\Programs\Python\Python313\Lib\site-packages\django\db\backends\sqlite3\base.py", line 328, in execute
    return super().execute(query, params)
           ~~~~~~~~~~~~~~~^^^^^^^^^^^^^^^
django.db.utils.IntegrityError: NOT NULL constraint failed: main_order.cargo_type_id
ERROR 2025-05-26 20:50:35,259 log 12192 3980 Internal Server Error: /api/vehicle-types/
Traceback (most recent call last):
  File "C:\Users\user\AppData\Local\Programs\Python\Python313\Lib\site-packages\django\core\handlers\exception.py", line 55, in inner
    response = get_response(request)
  File "C:\Users\user\AppData\Local\Programs\Python\Python313\Lib\site-packages\django\core\handlers\base.py", line 197, in _get_response
    response = wrapped_callback(request, *callback_args, **callback_kwargs)
  File "C:\Users\user\AppData\Local\Programs\Python\Python313\Lib\site-packages\django\views\decorators\csrf.py", line 65, in _view_wrapper
    return view_func(request, *args, **kwargs)
  File "C:\Users\user\AppData\Local\Programs\Python\Python313\Lib\site-packages\rest_framework\viewsets.py", line 125, in view
    return self.dispatch(request, *args, **kwargs)
           ~~~~~~~~~~~~~^^^^^^^^^^^^^^^^^^^^^^^^^^
  File "C:\Users\user\AppData\Local\Programs\Python\Python313\Lib\site-packages\rest_framework\views.py", line 509, in dispatch
    response = self.handle_exception(exc)
  File "C:\Users\user\AppData\Local\Programs\Python\Python313\Lib\site-packages\rest_framework\views.py", line 469, in handle_exception
    self.raise_uncaught_exception(exc)
    ~~~~~~~~~~~~~~~~~~~~~~~~~~~~~^^^^^
  File "C:\Users\user\AppData\Local\Programs\Python\Python313\Lib\site-packages\rest_framework\views.py", line 480, in raise_uncaught_exception
    raise exc
  File "C:\Users\user\AppData\Local\Programs\Python\Python313\Lib\site-packages\rest_framework\views.py", line 497, in dispatch
    self.initial(request, *args, **kwargs)
    ~~~~~~~~~~~~^^^^^^^^^^^^^^^^^^^^^^^^^^
  File "C:\Users\user\AppData\Local\Programs\Python\Python313\Lib\site-packages\rest_framework\views.py", line 414, in initial
    self.perform_authentication(request)
    ~~~~~~~~~~~~~~~~~~~~~~~~~~~^^^^^^^^^
  File "C:\Users\user\AppData\Local\Programs\Python\Python313\Lib\site-packages\rest_framework\views.py", line 324, in perform_authentication
    request.user
  File "C:\Users\user\AppData\Local\Programs\Python\Python313\Lib\site-packages\rest_framework\request.py", line 227, in user
    self._authenticate()
    ~~~~~~~~~~~~~~~~~~^^
  File "C:\Users\user\AppData\Local\Programs\Python\Python313\Lib\site-packages\rest_framework\request.py", line 380, in _authenticate
    user_auth_tuple = authenticator.authenticate(self)
  File "C:\Users\user\Desktop\laba5\main\api_views.py", line 19, in authenticate
    if not request.user.is_authenticated:
           ^^^^^^^^^^^^
  File "C:\Users\user\AppData\Local\Programs\Python\Python313\Lib\site-packages\rest_framework\request.py", line 227, in user
    self._authenticate()
    ~~~~~~~~~~~~~~~~~~^^
  File "C:\Users\user\AppData\Local\Programs\Python\Python313\Lib\site-packages\rest_framework\request.py", line 380, in _authenticate
    user_auth_tuple = authenticator.authenticate(self)
  File "C:\Users\user\Desktop\laba5\main\api_views.py", line 19, in authenticate
    if not request.user.is_authenticated:
           ^^^^^^^^^^^^
  File "C:\Users\user\AppData\Local\Programs\Python\Python313\Lib\site-packages\rest_framework\request.py", line 227, in user
    self._authenticate()
    ~~~~~~~~~~~~~~~~~~^^
  File "C:\Users\user\AppData\Local\Programs\Python\Python313\Lib\site-packages\rest_framework\request.py", line 380, in _authenticate
    user_auth_tuple = authenticator.authenticate(self)
  File "C:\Users\user\Desktop\laba5\main\api_views.py", line 19, in authenticate
    if not request.user.is_authenticated:
           ^^^^^^^^^^^^
  File "C:\Users\user\AppData\Local\Programs\Python\Python313\Lib\site-packages\rest_framework\request.py", line 227, in user
    self._authenticate()
    ~~~~~~~~~~~~~~~~~~^^
  File "C:\Users\user\AppData\Local\Programs\Python\Python313\Lib\site-packages\rest_framework\request.py", line 380, in _authenticate
    user_auth_tuple = authenticator.authenticate(self)
  File "C:\Users\user\Desktop\laba5\main\api_views.py", line 19, in authenticate
    if not request.user.is_authenticated:
           ^^^^^^^^^^^^
  File "C:\Users\user\AppData\Local\Programs\Python\Python313\Lib\site-packages\rest_framework\request.py", line 227, in user
    self._authenticate()
    ~~~~~~~~~~~~~~~~~~^^
  File "C:\Users\user\AppData\Local\Programs\Python\Python313\Lib\site-packages\rest_framework\request.py", line 380, in _authenticate
    user_auth_tuple = authenticator.authenticate(self)
  File "C:\Users\user\Desktop\laba5\main\api_views.py", line 19, in authenticate
    if not request.user.is_authenticated:
           ^^^^^^^^^^^^
  File "C:\Users\user\AppData\Local\Programs\Python\Python313\Lib\site-packages\rest_framework\request.py", line 227, in user
    self._authenticate()
    ~~~~~~~~~~~~~~~~~~^^
  File "C:\Users\user\AppData\Local\Programs\Python\Python313\Lib\site-packages\rest_framework\request.py", line 380, in _authenticate
    user_auth_tuple = authenticator.authenticate(self)
  File "C:\Users\user\Desktop\laba5\main\api_views.py", line 19, in authenticate
    if not request.user.is_authenticated:
           ^^^^^^^^^^^^
  File "C:\Users\user\AppData\Local\Programs\Python\Python313\Lib\site-packages\rest_framework\request.py", line 227, in user
    self._authenticate()
    ~~~~~~~~~~~~~~~~~~^^
  File "C:\Users\user\AppData\Local\Programs\Python\Python313\Lib\site-packages\rest_framework\request.py", line 380, in _authenticate
    user_auth_tuple = authenticator.authenticate(self)
  File "C:\Users\user\Desktop\laba5\main\api_views.py", line 19, in authenticate
    if not request.user.is_authenticated:
           ^^^^^^^^^^^^
  File "C:\Users\user\AppData\Local\Programs\Python\Python313\Lib\site-packages\rest_framework\request.py", line 227, in user
    self._authenticate()
    ~~~~~~~~~~~~~~~~~~^^
  File "C:\Users\user\AppData\Local\Programs\Python\Python313\Lib\site-packages\rest_framework\request.py", line 380, in _authenticate
    user_auth_tuple = authenticator.authenticate(self)
  File "C:\Users\user\Desktop\laba5\main\api_views.py", line 19, in authenticate
    if not request.user.is_authenticated:
           ^^^^^^^^^^^^
  File "C:\Users\user\AppData\Local\Programs\Python\Python313\Lib\site-packages\rest_framework\request.py", line 227, in user
    self._authenticate()
    ~~~~~~~~~~~~~~~~~~^^
  File "C:\Users\user\AppData\Local\Programs\Python\Python313\Lib\site-packages\rest_framework\request.py", line 380, in _authenticate
    user_auth_tuple = authenticator.authenticate(self)
  File "C:\Users\user\Desktop\laba5\main\api_views.py", line 19, in authenticate
    if not request.user.is_authenticated:
           ^^^^^^^^^^^^
  File "C:\Users\user\AppData\Local\Programs\Python\Python313\Lib\site-packages\rest_framework\request.py", line 227, in user
    self._authenticate()
    ~~~~~~~~~~~~~~~~~~^^
  File "C:\Users\user\AppData\Local\Programs\Python\Python313\Lib\site-packages\rest_framework\request.py", line 380, in _authenticate
    user_auth_tuple = authenticator.authenticate(self)
  File "C:\Users\user\Desktop\laba5\main\api_views.py", line 19, in authenticate
    if not request.user.is_authenticated:
           ^^^^^^^^^^^^
  File "C:\Users\user\AppData\Local\Programs\Python\Python313\Lib\site-packages\rest_framework\request.py", line 227, in user
    self._authenticate()
    ~~~~~~~~~~~~~~~~~~^^
  File "C:\Users\user\AppData\Local\Programs\Python\Python313\Lib\site-packages\rest_framework\request.py", line 380, in _authenticate
    user_auth_tuple = authenticator.authenticate(self)
  File "C:\Users\user\Desktop\laba5\main\api_views.py", line 19, in authenticate
    if not request.user.is_authenticated:
           ^^^^^^^^^^^^
  File "C:\Users\user\AppData\Local\Programs\Python\Python313\Lib\site-packages\rest_framework\request.py", line 227, in user
    self._authenticate()
    ~~~~~~~~~~~~~~~~~~^^
  File "C:\Users\user\AppData\Local\Programs\Python\Python313\Lib\site-packages\rest_framework\request.py", line 380, in _authenticate
    user_auth_tuple = authenticator.authenticate(self)
  File "C:\Users\user\Desktop\laba5\main\api_views.py", line 19, in authenticate
    if not request.user.is_authenticated:
           ^^^^^^^^^^^^
  File "C:\Users\user\AppData\Local\Programs\Python\Python313\Lib\site-packages\rest_framework\request.py", line 227, in user
    self._authenticate()
    ~~~~~~~~~~~~~~~~~~^^
  File "C:\Users\user\AppData\Local\Programs\Python\Python313\Lib\site-packages\rest_framework\request.py", line 380, in _authenticate
    user_auth_tuple = authenticator.authenticate(self)
  File "C:\Users\user\Desktop\laba5\main\api_views.py", line 19, in authenticate
    if not request.user.is_authenticated:
           ^^^^^^^^^^^^
  File "C:\Users\user\AppData\Local\Programs\Python\Python313\Lib\site-packages\rest_framework\request.py", line 227, in user
    self._authenticate()
    ~~~~~~~~~~~~~~~~~~^^
  File "C:\Users\user\AppData\Local\Programs\Python\Python313\Lib\site-packages\rest_framework\request.py", line 380, in _authenticate
    user_auth_tuple = authenticator.authenticate(self)
  File "C:\Users\user\Desktop\laba5\main\api_views.py", line 19, in authenticate
    if not request.user.is_authenticated:
           ^^^^^^^^^^^^
  File "C:\Users\user\AppData\Local\Programs\Python\Python313\Lib\site-packages\rest_framework\request.py", line 227, in user
    self._authenticate()
    ~~~~~~~~~~~~~~~~~~^^
  File "C:\Users\user\AppData\Local\Programs\Python\Python313\Lib\site-packages\rest_framework\request.py", line 380, in _authenticate
    user_auth_tuple = authenticator.authenticate(self)
  File "C:\Users\user\Desktop\laba5\main\api_views.py", line 19, in authenticate
    if not request.user.is_authenticated:
           ^^^^^^^^^^^^
  File "C:\Users\user\AppData\Local\Programs\Python\Python313\Lib\site-packages\rest_framework\request.py", line 227, in user
    self._authenticate()
    ~~~~~~~~~~~~~~~~~~^^
  File "C:\Users\user\AppData\Local\Programs\Python\Python313\Lib\site-packages\rest_framework\request.py", line 380, in _authenticate
    user_auth_tuple = authenticator.authenticate(self)
  File "C:\Users\user\Desktop\laba5\main\api_views.py", line 19, in authenticate
    if not request.user.is_authenticated:
           ^^^^^^^^^^^^
  File "C:\Users\user\AppData\Local\Programs\Python\Python313\Lib\site-packages\rest_framework\request.py", line 227, in user
    self._authenticate()
    ~~~~~~~~~~~~~~~~~~^^
  File "C:\Users\user\AppData\Local\Programs\Python\Python313\Lib\site-packages\rest_framework\request.py", line 380, in _authenticate
    user_auth_tuple = authenticator.authenticate(self)
  File "C:\Users\user\Desktop\laba5\main\api_views.py", line 19, in authenticate
    if not request.user.is_authenticated:
           ^^^^^^^^^^^^
  File "C:\Users\user\AppData\Local\Programs\Python\Python313\Lib\site-packages\rest_framework\request.py", line 227, in user
    self._authenticate()
    ~~~~~~~~~~~~~~~~~~^^
  File "C:\Users\user\AppData\Local\Programs\Python\Python313\Lib\site-packages\rest_framework\request.py", line 380, in _authenticate
    user_auth_tuple = authenticator.authenticate(self)
  File "C:\Users\user\Desktop\laba5\main\api_views.py", line 19, in authenticate
    if not request.user.is_authenticated:
           ^^^^^^^^^^^^
  File "C:\Users\user\AppData\Local\Programs\Python\Python313\Lib\site-packages\rest_framework\request.py", line 227, in user
    self._authenticate()
    ~~~~~~~~~~~~~~~~~~^^
  File "C:\Users\user\AppData\Local\Programs\Python\Python313\Lib\site-packages\rest_framework\request.py", line 380, in _authenticate
    user_auth_tuple = authenticator.authenticate(self)
  File "C:\Users\user\Desktop\laba5\main\api_views.py", line 19, in authenticate
    if not request.user.is_authenticated:
           ^^^^^^^^^^^^
  File "C:\Users\user\AppData\Local\Programs\Python\Python313\Lib\site-packages\rest_framework\request.py", line 227, in user
    self._authenticate()
    ~~~~~~~~~~~~~~~~~~^^
  File "C:\Users\user\AppData\Local\Programs\Python\Python313\Lib\site-packages\rest_framework\request.py", line 380, in _authenticate
    user_auth_tuple = authenticator.authenticate(self)
  File "C:\Users\user\Desktop\laba5\main\api_views.py", line 19, in authenticate
    if not request.user.is_authenticated:
           ^^^^^^^^^^^^
  File "C:\Users\user\AppData\Local\Programs\Python\Python313\Lib\site-packages\rest_framework\request.py", line 227, in user
    self._authenticate()
    ~~~~~~~~~~~~~~~~~~^^
  File "C:\Users\user\AppData\Local\Programs\Python\Python313\Lib\site-packages\rest_framework\request.py", line 380, in _authenticate
    user_auth_tuple = authenticator.authenticate(self)
  File "C:\Users\user\Desktop\laba5\main\api_views.py", line 19, in authenticate
    if not request.user.is_authenticated:
           ^^^^^^^^^^^^
  File "C:\Users\user\AppData\Local\Programs\Python\Python313\Lib\site-packages\rest_framework\request.py", line 227, in user
    self._authenticate()
    ~~~~~~~~~~~~~~~~~~^^
  File "C:\Users\user\AppData\Local\Programs\Python\Python313\Lib\site-packages\rest_framework\request.py", line 380, in _authenticate
    user_auth_tuple = authenticator.authenticate(self)
  File "C:\Users\user\Desktop\laba5\main\api_views.py", line 19, in authenticate
    if not request.user.is_authenticated:
           ^^^^^^^^^^^^
  File "C:\Users\user\AppData\Local\Programs\Python\Python313\Lib\site-packages\rest_framework\request.py", line 227, in user
    self._authenticate()
    ~~~~~~~~~~~~~~~~~~^^
  File "C:\Users\user\AppData\Local\Programs\Python\Python313\Lib\site-packages\rest_framework\request.py", line 380, in _authenticate
    user_auth_tuple = authenticator.authenticate(self)
  File "C:\Users\user\Desktop\laba5\main\api_views.py", line 19, in authenticate
    if not request.user.is_authenticated:
           ^^^^^^^^^^^^
  File "C:\Users\user\AppData\Local\Programs\Python\Python313\Lib\site-packages\rest_framework\request.py", line 227, in user
    self._authenticate()
    ~~~~~~~~~~~~~~~~~~^^
  File "C:\Users\user\AppData\Local\Programs\Python\Python313\Lib\site-packages\rest_framework\request.py", line 380, in _authenticate
    user_auth_tuple = authenticator.authenticate(self)
  File "C:\Users\user\Desktop\laba5\main\api_views.py", line 19, in authenticate
    if not request.user.is_authenticated:
           ^^^^^^^^^^^^
  File "C:\Users\user\AppData\Local\Programs\Python\Python313\Lib\site-packages\rest_framework\request.py", line 227, in user
    self._authenticate()
    ~~~~~~~~~~~~~~~~~~^^
  File "C:\Users\user\AppData\Local\Programs\Python\Python313\Lib\site-packages\rest_framework\request.py", line 380, in _authenticate
    user_auth_tuple = authenticator.authenticate(self)
  File "C:\Users\user\Desktop\laba5\main\api_views.py", line 19, in authenticate
    if not request.user.is_authenticated:
           ^^^^^^^^^^^^
  File "C:\Users\user\AppData\Local\Programs\Python\Python313\Lib\site-packages\rest_framework\request.py", line 227, in user
    self._authenticate()
    ~~~~~~~~~~~~~~~~~~^^
  File "C:\Users\user\AppData\Local\Programs\Python\Python313\Lib\site-packages\rest_framework\request.py", line 380, in _authenticate
    user_auth_tuple = authenticator.authenticate(self)
  File "C:\Users\user\Desktop\laba5\main\api_views.py", line 19, in authenticate
    if not request.user.is_authenticated:
           ^^^^^^^^^^^^
  File "C:\Users\user\AppData\Local\Programs\Python\Python313\Lib\site-packages\rest_framework\request.py", line 227, in user
    self._authenticate()
    ~~~~~~~~~~~~~~~~~~^^
  File "C:\Users\user\AppData\Local\Programs\Python\Python313\Lib\site-packages\rest_framework\request.py", line 380, in _authenticate
    user_auth_tuple = authenticator.authenticate(self)
  File "C:\Users\user\Desktop\laba5\main\api_views.py", line 19, in authenticate
    if not request.user.is_authenticated:
           ^^^^^^^^^^^^
  File "C:\Users\user\AppData\Local\Programs\Python\Python313\Lib\site-packages\rest_framework\request.py", line 227, in user
    self._authenticate()
    ~~~~~~~~~~~~~~~~~~^^
  File "C:\Users\user\AppData\Local\Programs\Python\Python313\Lib\site-packages\rest_framework\request.py", line 380, in _authenticate
    user_auth_tuple = authenticator.authenticate(self)
  File "C:\Users\user\Desktop\laba5\main\api_views.py", line 19, in authenticate
    if not request.user.is_authenticated:
           ^^^^^^^^^^^^
  File "C:\Users\user\AppData\Local\Programs\Python\Python313\Lib\site-packages\rest_framework\request.py", line 227, in user
    self._authenticate()
    ~~~~~~~~~~~~~~~~~~^^
  File "C:\Users\user\AppData\Local\Programs\Python\Python313\Lib\site-packages\rest_framework\request.py", line 380, in _authenticate
    user_auth_tuple = authenticator.authenticate(self)
  File "C:\Users\user\Desktop\laba5\main\api_views.py", line 19, in authenticate
    if not request.user.is_authenticated:
           ^^^^^^^^^^^^
  File "C:\Users\user\AppData\Local\Programs\Python\Python313\Lib\site-packages\rest_framework\request.py", line 227, in user
    self._authenticate()
    ~~~~~~~~~~~~~~~~~~^^
  File "C:\Users\user\AppData\Local\Programs\Python\Python313\Lib\site-packages\rest_framework\request.py", line 380, in _authenticate
    user_auth_tuple = authenticator.authenticate(self)
  File "C:\Users\user\Desktop\laba5\main\api_views.py", line 19, in authenticate
    if not request.user.is_authenticated:
           ^^^^^^^^^^^^
  File "C:\Users\user\AppData\Local\Programs\Python\Python313\Lib\site-packages\rest_framework\request.py", line 227, in user
    self._authenticate()
    ~~~~~~~~~~~~~~~~~~^^
  File "C:\Users\user\AppData\Local\Programs\Python\Python313\Lib\site-packages\rest_framework\request.py", line 380, in _authenticate
    user_auth_tuple = authenticator.authenticate(self)
  File "C:\Users\user\Desktop\laba5\main\api_views.py", line 19, in authenticate
    if not request.user.is_authenticated:
           ^^^^^^^^^^^^
  File "C:\Users\user\AppData\Local\Programs\Python\Python313\Lib\site-packages\rest_framework\request.py", line 227, in user
    self._authenticate()
    ~~~~~~~~~~~~~~~~~~^^
  File "C:\Users\user\AppData\Local\Programs\Python\Python313\Lib\site-packages\rest_framework\request.py", line 380, in _authenticate
    user_auth_tuple = authenticator.authenticate(self)
  File "C:\Users\user\Desktop\laba5\main\api_views.py", line 19, in authenticate
    if not request.user.is_authenticated:
           ^^^^^^^^^^^^
  File "C:\Users\user\AppData\Local\Programs\Python\Python313\Lib\site-packages\rest_framework\request.py", line 227, in user
    self._authenticate()
    ~~~~~~~~~~~~~~~~~~^^
  File "C:\Users\user\AppData\Local\Programs\Python\Python313\Lib\site-packages\rest_framework\request.py", line 380, in _authenticate
    user_auth_tuple = authenticator.authenticate(self)
  File "C:\Users\user\Desktop\laba5\main\api_views.py", line 19, in authenticate
    if not request.user.is_authenticated:
           ^^^^^^^^^^^^
  File "C:\Users\user\AppData\Local\Programs\Python\Python313\Lib\site-packages\rest_framework\request.py", line 227, in user
    self._authenticate()
    ~~~~~~~~~~~~~~~~~~^^
  File "C:\Users\user\AppData\Local\Programs\Python\Python313\Lib\site-packages\rest_framework\request.py", line 380, in _authenticate
    user_auth_tuple = authenticator.authenticate(self)
  File "C:\Users\user\Desktop\laba5\main\api_views.py", line 19, in authenticate
    if not request.user.is_authenticated:
           ^^^^^^^^^^^^
  File "C:\Users\user\AppData\Local\Programs\Python\Python313\Lib\site-packages\rest_framework\request.py", line 227, in user
    self._authenticate()
    ~~~~~~~~~~~~~~~~~~^^
  File "C:\Users\user\AppData\Local\Programs\Python\Python313\Lib\site-packages\rest_framework\request.py", line 380, in _authenticate
    user_auth_tuple = authenticator.authenticate(self)
  File "C:\Users\user\Desktop\laba5\main\api_views.py", line 19, in authenticate
    if not request.user.is_authenticated:
           ^^^^^^^^^^^^
  File "C:\Users\user\AppData\Local\Programs\Python\Python313\Lib\site-packages\rest_framework\request.py", line 227, in user
    self._authenticate()
    ~~~~~~~~~~~~~~~~~~^^
  File "C:\Users\user\AppData\Local\Programs\Python\Python313\Lib\site-packages\rest_framework\request.py", line 380, in _authenticate
    user_auth_tuple = authenticator.authenticate(self)
  File "C:\Users\user\Desktop\laba5\main\api_views.py", line 19, in authenticate
    if not request.user.is_authenticated:
           ^^^^^^^^^^^^
  File "C:\Users\user\AppData\Local\Programs\Python\Python313\Lib\site-packages\rest_framework\request.py", line 227, in user
    self._authenticate()
    ~~~~~~~~~~~~~~~~~~^^
  File "C:\Users\user\AppData\Local\Programs\Python\Python313\Lib\site-packages\rest_framework\request.py", line 380, in _authenticate
    user_auth_tuple = authenticator.authenticate(self)
  File "C:\Users\user\Desktop\laba5\main\api_views.py", line 19, in authenticate
    if not request.user.is_authenticated:
           ^^^^^^^^^^^^
  File "C:\Users\user\AppData\Local\Programs\Python\Python313\Lib\site-packages\rest_framework\request.py", line 227, in user
    self._authenticate()
    ~~~~~~~~~~~~~~~~~~^^
  File "C:\Users\user\AppData\Local\Programs\Python\Python313\Lib\site-packages\rest_framework\request.py", line 380, in _authenticate
    user_auth_tuple = authenticator.authenticate(self)
  File "C:\Users\user\Desktop\laba5\main\api_views.py", line 19, in authenticate
    if not request.user.is_authenticated:
           ^^^^^^^^^^^^
  File "C:\Users\user\AppData\Local\Programs\Python\Python313\Lib\site-packages\rest_framework\request.py", line 227, in user
    self._authenticate()
    ~~~~~~~~~~~~~~~~~~^^
  File "C:\Users\user\AppData\Local\Programs\Python\Python313\Lib\site-packages\rest_framework\request.py", line 380, in _authenticate
    user_auth_tuple = authenticator.authenticate(self)
  File "C:\Users\user\Desktop\laba5\main\api_views.py", line 19, in authenticate
    if not request.user.is_authenticated:
           ^^^^^^^^^^^^
  File "C:\Users\user\AppData\Local\Programs\Python\Python313\Lib\site-packages\rest_framework\request.py", line 227, in user
    self._authenticate()
    ~~~~~~~~~~~~~~~~~~^^
  File "C:\Users\user\AppData\Local\Programs\Python\Python313\Lib\site-packages\rest_framework\request.py", line 380, in _authenticate
    user_auth_tuple = authenticator.authenticate(self)
  File "C:\Users\user\Desktop\laba5\main\api_views.py", line 19, in authenticate
    if not request.user.is_authenticated:
           ^^^^^^^^^^^^
  File "C:\Users\user\AppData\Local\Programs\Python\Python313\Lib\site-packages\rest_framework\request.py", line 227, in user
    self._authenticate()
    ~~~~~~~~~~~~~~~~~~^^
  File "C:\Users\user\AppData\Local\Programs\Python\Python313\Lib\site-packages\rest_framework\request.py", line 380, in _authenticate
    user_auth_tuple = authenticator.authenticate(self)
  File "C:\Users\user\Desktop\laba5\main\api_views.py", line 19, in authenticate
    if not request.user.is_authenticated:
           ^^^^^^^^^^^^
  File "C:\Users\user\AppData\Local\Programs\Python\Python313\Lib\site-packages\rest_framework\request.py", line 227, in user
    self._authenticate()
    ~~~~~~~~~~~~~~~~~~^^
  File "C:\Users\user\AppData\Local\Programs\Python\Python313\Lib\site-packages\rest_framework\request.py", line 380, in _authenticate
    user_auth_tuple = authenticator.authenticate(self)
  File "C:\Users\user\Desktop\laba5\main\api_views.py", line 19, in authenticate
    if not request.user.is_authenticated:
           ^^^^^^^^^^^^
  File "C:\Users\user\AppData\Local\Programs\Python\Python313\Lib\site-packages\rest_framework\request.py", line 227, in user
    self._authenticate()
    ~~~~~~~~~~~~~~~~~~^^
  File "C:\Users\user\AppData\Local\Programs\Python\Python313\Lib\site-packages\rest_framework\request.py", line 380, in _authenticate
    user_auth_tuple = authenticator.authenticate(self)
  File "C:\Users\user\Desktop\laba5\main\api_views.py", line 19, in authenticate
    if not request.user.is_authenticated:
           ^^^^^^^^^^^^
  File "C:\Users\user\AppData\Local\Programs\Python\Python313\Lib\site-packages\rest_framework\request.py", line 227, in user
    self._authenticate()
    ~~~~~~~~~~~~~~~~~~^^
  File "C:\Users\user\AppData\Local\Programs\Python\Python313\Lib\site-packages\rest_framework\request.py", line 380, in _authenticate
    user_auth_tuple = authenticator.authenticate(self)
  File "C:\Users\user\Desktop\laba5\main\api_views.py", line 19, in authenticate
    if not request.user.is_authenticated:
           ^^^^^^^^^^^^
  File "C:\Users\user\AppData\Local\Programs\Python\Python313\Lib\site-packages\rest_framework\request.py", line 227, in user
    self._authenticate()
    ~~~~~~~~~~~~~~~~~~^^
  File "C:\Users\user\AppData\Local\Programs\Python\Python313\Lib\site-packages\rest_framework\request.py", line 380, in _authenticate
    user_auth_tuple = authenticator.authenticate(self)
  File "C:\Users\user\Desktop\laba5\main\api_views.py", line 19, in authenticate
    if not request.user.is_authenticated:
           ^^^^^^^^^^^^
  File "C:\Users\user\AppData\Local\Programs\Python\Python313\Lib\site-packages\rest_framework\request.py", line 227, in user
    self._authenticate()
    ~~~~~~~~~~~~~~~~~~^^
  File "C:\Users\user\AppData\Local\Programs\Python\Python313\Lib\site-packages\rest_framework\request.py", line 380, in _authenticate
    user_auth_tuple = authenticator.authenticate(self)
  File "C:\Users\user\Desktop\laba5\main\api_views.py", line 19, in authenticate
    if not request.user.is_authenticated:
           ^^^^^^^^^^^^
  File "C:\Users\user\AppData\Local\Programs\Python\Python313\Lib\site-packages\rest_framework\request.py", line 227, in user
    self._authenticate()
    ~~~~~~~~~~~~~~~~~~^^
  File "C:\Users\user\AppData\Local\Programs\Python\Python313\Lib\site-packages\rest_framework\request.py", line 380, in _authenticate
    user_auth_tuple = authenticator.authenticate(self)
  File "C:\Users\user\Desktop\laba5\main\api_views.py", line 19, in authenticate
    if not request.user.is_authenticated:
           ^^^^^^^^^^^^
  File "C:\Users\user\AppData\Local\Programs\Python\Python313\Lib\site-packages\rest_framework\request.py", line 227, in user
    self._authenticate()
    ~~~~~~~~~~~~~~~~~~^^
  File "C:\Users\user\AppData\Local\Programs\Python\Python313\Lib\site-packages\rest_framework\request.py", line 380, in _authenticate
    user_auth_tuple = authenticator.authenticate(self)
  File "C:\Users\user\Desktop\laba5\main\api_views.py", line 19, in authenticate
    if not request.user.is_authenticated:
           ^^^^^^^^^^^^
  File "C:\Users\user\AppData\Local\Programs\Python\Python313\Lib\site-packages\rest_framework\request.py", line 227, in user
    self._authenticate()
    ~~~~~~~~~~~~~~~~~~^^
  File "C:\Users\user\AppData\Local\Programs\Python\Python313\Lib\site-packages\rest_framework\request.py", line 380, in _authenticate
    user_auth_tuple = authenticator.authenticate(self)
  File "C:\Users\user\Desktop\laba5\main\api_views.py", line 19, in authenticate
    if not request.user.is_authenticated:
           ^^^^^^^^^^^^
  File "C:\Users\user\AppData\Local\Programs\Python\Python313\Lib\site-packages\rest_framework\request.py", line 227, in user
    self._authenticate()
    ~~~~~~~~~~~~~~~~~~^^
  File "C:\Users\user\AppData\Local\Programs\Python\Python313\Lib\site-packages\rest_framework\request.py", line 380, in _authenticate
    user_auth_tuple = authenticator.authenticate(self)
  File "C:\Users\user\Desktop\laba5\main\api_views.py", line 19, in authenticate
    if not request.user.is_authenticated:
           ^^^^^^^^^^^^
  File "C:\Users\user\AppData\Local\Programs\Python\Python313\Lib\site-packages\rest_framework\request.py", line 227, in user
    self._authenticate()
    ~~~~~~~~~~~~~~~~~~^^
  File "C:\Users\user\AppData\Local\Programs\Python\Python313\Lib\site-packages\rest_framework\request.py", line 380, in _authenticate
    user_auth_tuple = authenticator.authenticate(self)
  File "C:\Users\user\Desktop\laba5\main\api_views.py", line 19, in authenticate
    if not request.user.is_authenticated:
           ^^^^^^^^^^^^
  File "C:\Users\user\AppData\Local\Programs\Python\Python313\Lib\site-packages\rest_framework\request.py", line 227, in user
    self._authenticate()
    ~~~~~~~~~~~~~~~~~~^^
  File "C:\Users\user\AppData\Local\Programs\Python\Python313\Lib\site-packages\rest_framework\request.py", line 380, in _authenticate
    user_auth_tuple = authenticator.authenticate(self)
  File "C:\Users\user\Desktop\laba5\main\api_views.py", line 19, in authenticate
    if not request.user.is_authenticated:
           ^^^^^^^^^^^^
  File "C:\Users\user\AppData\Local\Programs\Python\Python313\Lib\site-packages\rest_framework\request.py", line 227, in user
    self._authenticate()
    ~~~~~~~~~~~~~~~~~~^^
  File "C:\Users\user\AppData\Local\Programs\Python\Python313\Lib\site-packages\rest_framework\request.py", line 380, in _authenticate
    user_auth_tuple = authenticator.authenticate(self)
  File "C:\Users\user\Desktop\laba5\main\api_views.py", line 19, in authenticate
    if not request.user.is_authenticated:
           ^^^^^^^^^^^^
  File "C:\Users\user\AppData\Local\Programs\Python\Python313\Lib\site-packages\rest_framework\request.py", line 227, in user
    self._authenticate()
    ~~~~~~~~~~~~~~~~~~^^
  File "C:\Users\user\AppData\Local\Programs\Python\Python313\Lib\site-packages\rest_framework\request.py", line 380, in _authenticate
    user_auth_tuple = authenticator.authenticate(self)
  File "C:\Users\user\Desktop\laba5\main\api_views.py", line 19, in authenticate
    if not request.user.is_authenticated:
           ^^^^^^^^^^^^
  File "C:\Users\user\AppData\Local\Programs\Python\Python313\Lib\site-packages\rest_framework\request.py", line 227, in user
    self._authenticate()
    ~~~~~~~~~~~~~~~~~~^^
  File "C:\Users\user\AppData\Local\Programs\Python\Python313\Lib\site-packages\rest_framework\request.py", line 380, in _authenticate
    user_auth_tuple = authenticator.authenticate(self)
  File "C:\Users\user\Desktop\laba5\main\api_views.py", line 19, in authenticate
    if not request.user.is_authenticated:
           ^^^^^^^^^^^^
  File "C:\Users\user\AppData\Local\Programs\Python\Python313\Lib\site-packages\rest_framework\request.py", line 227, in user
    self._authenticate()
    ~~~~~~~~~~~~~~~~~~^^
  File "C:\Users\user\AppData\Local\Programs\Python\Python313\Lib\site-packages\rest_framework\request.py", line 380, in _authenticate
    user_auth_tuple = authenticator.authenticate(self)
  File "C:\Users\user\Desktop\laba5\main\api_views.py", line 19, in authenticate
    if not request.user.is_authenticated:
           ^^^^^^^^^^^^
  File "C:\Users\user\AppData\Local\Programs\Python\Python313\Lib\site-packages\rest_framework\request.py", line 227, in user
    self._authenticate()
    ~~~~~~~~~~~~~~~~~~^^
  File "C:\Users\user\AppData\Local\Programs\Python\Python313\Lib\site-packages\rest_framework\request.py", line 380, in _authenticate
    user_auth_tuple = authenticator.authenticate(self)
  File "C:\Users\user\Desktop\laba5\main\api_views.py", line 19, in authenticate
    if not request.user.is_authenticated:
           ^^^^^^^^^^^^
  File "C:\Users\user\AppData\Local\Programs\Python\Python313\Lib\site-packages\rest_framework\request.py", line 227, in user
    self._authenticate()
    ~~~~~~~~~~~~~~~~~~^^
  File "C:\Users\user\AppData\Local\Programs\Python\Python313\Lib\site-packages\rest_framework\request.py", line 380, in _authenticate
    user_auth_tuple = authenticator.authenticate(self)
  File "C:\Users\user\Desktop\laba5\main\api_views.py", line 19, in authenticate
    if not request.user.is_authenticated:
           ^^^^^^^^^^^^
  File "C:\Users\user\AppData\Local\Programs\Python\Python313\Lib\site-packages\rest_framework\request.py", line 227, in user
    self._authenticate()
    ~~~~~~~~~~~~~~~~~~^^
  File "C:\Users\user\AppData\Local\Programs\Python\Python313\Lib\site-packages\rest_framework\request.py", line 380, in _authenticate
    user_auth_tuple = authenticator.authenticate(self)
  File "C:\Users\user\Desktop\laba5\main\api_views.py", line 19, in authenticate
    if not request.user.is_authenticated:
           ^^^^^^^^^^^^
  File "C:\Users\user\AppData\Local\Programs\Python\Python313\Lib\site-packages\rest_framework\request.py", line 227, in user
    self._authenticate()
    ~~~~~~~~~~~~~~~~~~^^
  File "C:\Users\user\AppData\Local\Programs\Python\Python313\Lib\site-packages\rest_framework\request.py", line 380, in _authenticate
    user_auth_tuple = authenticator.authenticate(self)
  File "C:\Users\user\Desktop\laba5\main\api_views.py", line 19, in authenticate
    if not request.user.is_authenticated:
           ^^^^^^^^^^^^
  File "C:\Users\user\AppData\Local\Programs\Python\Python313\Lib\site-packages\rest_framework\request.py", line 227, in user
    self._authenticate()
    ~~~~~~~~~~~~~~~~~~^^
  File "C:\Users\user\AppData\Local\Programs\Python\Python313\Lib\site-packages\rest_framework\request.py", line 380, in _authenticate
    user_auth_tuple = authenticator.authenticate(self)
  File "C:\Users\user\Desktop\laba5\main\api_views.py", line 19, in authenticate
    if not request.user.is_authenticated:
           ^^^^^^^^^^^^
  File "C:\Users\user\AppData\Local\Programs\Python\Python313\Lib\site-packages\rest_framework\request.py", line 227, in user
    self._authenticate()
    ~~~~~~~~~~~~~~~~~~^^
  File "C:\Users\user\AppData\Local\Programs\Python\Python313\Lib\site-packages\rest_framework\request.py", line 380, in _authenticate
    user_auth_tuple = authenticator.authenticate(self)
  File "C:\Users\user\Desktop\laba5\main\api_views.py", line 19, in authenticate
    if not request.user.is_authenticated:
           ^^^^^^^^^^^^
  File "C:\Users\user\AppData\Local\Programs\Python\Python313\Lib\site-packages\rest_framework\request.py", line 227, in user
    self._authenticate()
    ~~~~~~~~~~~~~~~~~~^^
  File "C:\Users\user\AppData\Local\Programs\Python\Python313\Lib\site-packages\rest_framework\request.py", line 380, in _authenticate
    user_auth_tuple = authenticator.authenticate(self)
  File "C:\Users\user\Desktop\laba5\main\api_views.py", line 19, in authenticate
    if not request.user.is_authenticated:
           ^^^^^^^^^^^^
  File "C:\Users\user\AppData\Local\Programs\Python\Python313\Lib\site-packages\rest_framework\request.py", line 227, in user
    self._authenticate()
    ~~~~~~~~~~~~~~~~~~^^
  File "C:\Users\user\AppData\Local\Programs\Python\Python313\Lib\site-packages\rest_framework\request.py", line 380, in _authenticate
    user_auth_tuple = authenticator.authenticate(self)
  File "C:\Users\user\Desktop\laba5\main\api_views.py", line 19, in authenticate
    if not request.user.is_authenticated:
           ^^^^^^^^^^^^
  File "C:\Users\user\AppData\Local\Programs\Python\Python313\Lib\site-packages\rest_framework\request.py", line 227, in user
    self._authenticate()
    ~~~~~~~~~~~~~~~~~~^^
  File "C:\Users\user\AppData\Local\Programs\Python\Python313\Lib\site-packages\rest_framework\request.py", line 380, in _authenticate
    user_auth_tuple = authenticator.authenticate(self)
  File "C:\Users\user\Desktop\laba5\main\api_views.py", line 19, in authenticate
    if not request.user.is_authenticated:
           ^^^^^^^^^^^^
  File "C:\Users\user\AppData\Local\Programs\Python\Python313\Lib\site-packages\rest_framework\request.py", line 227, in user
    self._authenticate()
    ~~~~~~~~~~~~~~~~~~^^
  File "C:\Users\user\AppData\Local\Programs\Python\Python313\Lib\site-packages\rest_framework\request.py", line 380, in _authenticate
    user_auth_tuple = authenticator.authenticate(self)
  File "C:\Users\user\Desktop\laba5\main\api_views.py", line 19, in authenticate
    if not request.user.is_authenticated:
           ^^^^^^^^^^^^
  File "C:\Users\user\AppData\Local\Programs\Python\Python313\Lib\site-packages\rest_framework\request.py", line 227, in user
    self._authenticate()
    ~~~~~~~~~~~~~~~~~~^^
  File "C:\Users\user\AppData\Local\Programs\Python\Python313\Lib\site-packages\rest_framework\request.py", line 380, in _authenticate
    user_auth_tuple = authenticator.authenticate(self)
  File "C:\Users\user\Desktop\laba5\main\api_views.py", line 19, in authenticate
    if not request.user.is_authenticated:
           ^^^^^^^^^^^^
  File "C:\Users\user\AppData\Local\Programs\Python\Python313\Lib\site-packages\rest_framework\request.py", line 227, in user
    self._authenticate()
    ~~~~~~~~~~~~~~~~~~^^
  File "C:\Users\user\AppData\Local\Programs\Python\Python313\Lib\site-packages\rest_framework\request.py", line 380, in _authenticate
    user_auth_tuple = authenticator.authenticate(self)
  File "C:\Users\user\Desktop\laba5\main\api_views.py", line 19, in authenticate
    if not request.user.is_authenticated:
           ^^^^^^^^^^^^
  File "C:\Users\user\AppData\Local\Programs\Python\Python313\Lib\site-packages\rest_framework\request.py", line 227, in user
    self._authenticate()
    ~~~~~~~~~~~~~~~~~~^^
  File "C:\Users\user\AppData\Local\Programs\Python\Python313\Lib\site-packages\rest_framework\request.py", line 380, in _authenticate
    user_auth_tuple = authenticator.authenticate(self)
  File "C:\Users\user\Desktop\laba5\main\api_views.py", line 19, in authenticate
    if not request.user.is_authenticated:
           ^^^^^^^^^^^^
  File "C:\Users\user\AppData\Local\Programs\Python\Python313\Lib\site-packages\rest_framework\request.py", line 227, in user
    self._authenticate()
    ~~~~~~~~~~~~~~~~~~^^
  File "C:\Users\user\AppData\Local\Programs\Python\Python313\Lib\site-packages\rest_framework\request.py", line 380, in _authenticate
    user_auth_tuple = authenticator.authenticate(self)
  File "C:\Users\user\Desktop\laba5\main\api_views.py", line 19, in authenticate
    if not request.user.is_authenticated:
           ^^^^^^^^^^^^
  File "C:\Users\user\AppData\Local\Programs\Python\Python313\Lib\site-packages\rest_framework\request.py", line 227, in user
    self._authenticate()
    ~~~~~~~~~~~~~~~~~~^^
  File "C:\Users\user\AppData\Local\Programs\Python\Python313\Lib\site-packages\rest_framework\request.py", line 380, in _authenticate
    user_auth_tuple = authenticator.authenticate(self)
  File "C:\Users\user\Desktop\laba5\main\api_views.py", line 19, in authenticate
    if not request.user.is_authenticated:
           ^^^^^^^^^^^^
  File "C:\Users\user\AppData\Local\Programs\Python\Python313\Lib\site-packages\rest_framework\request.py", line 227, in user
    self._authenticate()
    ~~~~~~~~~~~~~~~~~~^^
  File "C:\Users\user\AppData\Local\Programs\Python\Python313\Lib\site-packages\rest_framework\request.py", line 380, in _authenticate
    user_auth_tuple = authenticator.authenticate(self)
  File "C:\Users\user\Desktop\laba5\main\api_views.py", line 19, in authenticate
    if not request.user.is_authenticated:
           ^^^^^^^^^^^^
  File "C:\Users\user\AppData\Local\Programs\Python\Python313\Lib\site-packages\rest_framework\request.py", line 227, in user
    self._authenticate()
    ~~~~~~~~~~~~~~~~~~^^
  File "C:\Users\user\AppData\Local\Programs\Python\Python313\Lib\site-packages\rest_framework\request.py", line 380, in _authenticate
    user_auth_tuple = authenticator.authenticate(self)
  File "C:\Users\user\Desktop\laba5\main\api_views.py", line 19, in authenticate
    if not request.user.is_authenticated:
           ^^^^^^^^^^^^
  File "C:\Users\user\AppData\Local\Programs\Python\Python313\Lib\site-packages\rest_framework\request.py", line 227, in user
    self._authenticate()
    ~~~~~~~~~~~~~~~~~~^^
  File "C:\Users\user\AppData\Local\Programs\Python\Python313\Lib\site-packages\rest_framework\request.py", line 380, in _authenticate
    user_auth_tuple = authenticator.authenticate(self)
  File "C:\Users\user\Desktop\laba5\main\api_views.py", line 19, in authenticate
    if not request.user.is_authenticated:
           ^^^^^^^^^^^^
  File "C:\Users\user\AppData\Local\Programs\Python\Python313\Lib\site-packages\rest_framework\request.py", line 227, in user
    self._authenticate()
    ~~~~~~~~~~~~~~~~~~^^
  File "C:\Users\user\AppData\Local\Programs\Python\Python313\Lib\site-packages\rest_framework\request.py", line 380, in _authenticate
    user_auth_tuple = authenticator.authenticate(self)
  File "C:\Users\user\Desktop\laba5\main\api_views.py", line 19, in authenticate
    if not request.user.is_authenticated:
           ^^^^^^^^^^^^
  File "C:\Users\user\AppData\Local\Programs\Python\Python313\Lib\site-packages\rest_framework\request.py", line 227, in user
    self._authenticate()
    ~~~~~~~~~~~~~~~~~~^^
  File "C:\Users\user\AppData\Local\Programs\Python\Python313\Lib\site-packages\rest_framework\request.py", line 380, in _authenticate
    user_auth_tuple = authenticator.authenticate(self)
  File "C:\Users\user\Desktop\laba5\main\api_views.py", line 19, in authenticate
    if not request.user.is_authenticated:
           ^^^^^^^^^^^^
  File "C:\Users\user\AppData\Local\Programs\Python\Python313\Lib\site-packages\rest_framework\request.py", line 227, in user
    self._authenticate()
    ~~~~~~~~~~~~~~~~~~^^
  File "C:\Users\user\AppData\Local\Programs\Python\Python313\Lib\site-packages\rest_framework\request.py", line 380, in _authenticate
    user_auth_tuple = authenticator.authenticate(self)
  File "C:\Users\user\Desktop\laba5\main\api_views.py", line 19, in authenticate
    if not request.user.is_authenticated:
           ^^^^^^^^^^^^
  File "C:\Users\user\AppData\Local\Programs\Python\Python313\Lib\site-packages\rest_framework\request.py", line 227, in user
    self._authenticate()
    ~~~~~~~~~~~~~~~~~~^^
  File "C:\Users\user\AppData\Local\Programs\Python\Python313\Lib\site-packages\rest_framework\request.py", line 380, in _authenticate
    user_auth_tuple = authenticator.authenticate(self)
  File "C:\Users\user\Desktop\laba5\main\api_views.py", line 19, in authenticate
    if not request.user.is_authenticated:
           ^^^^^^^^^^^^
  File "C:\Users\user\AppData\Local\Programs\Python\Python313\Lib\site-packages\rest_framework\request.py", line 227, in user
    self._authenticate()
    ~~~~~~~~~~~~~~~~~~^^
  File "C:\Users\user\AppData\Local\Programs\Python\Python313\Lib\site-packages\rest_framework\request.py", line 380, in _authenticate
    user_auth_tuple = authenticator.authenticate(self)
  File "C:\Users\user\Desktop\laba5\main\api_views.py", line 19, in authenticate
    if not request.user.is_authenticated:
           ^^^^^^^^^^^^
  File "C:\Users\user\AppData\Local\Programs\Python\Python313\Lib\site-packages\rest_framework\request.py", line 227, in user
    self._authenticate()
    ~~~~~~~~~~~~~~~~~~^^
  File "C:\Users\user\AppData\Local\Programs\Python\Python313\Lib\site-packages\rest_framework\request.py", line 380, in _authenticate
    user_auth_tuple = authenticator.authenticate(self)
  File "C:\Users\user\Desktop\laba5\main\api_views.py", line 19, in authenticate
    if not request.user.is_authenticated:
           ^^^^^^^^^^^^
  File "C:\Users\user\AppData\Local\Programs\Python\Python313\Lib\site-packages\rest_framework\request.py", line 227, in user
    self._authenticate()
    ~~~~~~~~~~~~~~~~~~^^
  File "C:\Users\user\AppData\Local\Programs\Python\Python313\Lib\site-packages\rest_framework\request.py", line 380, in _authenticate
    user_auth_tuple = authenticator.authenticate(self)
  File "C:\Users\user\Desktop\laba5\main\api_views.py", line 19, in authenticate
    if not request.user.is_authenticated:
           ^^^^^^^^^^^^
  File "C:\Users\user\AppData\Local\Programs\Python\Python313\Lib\site-packages\rest_framework\request.py", line 227, in user
    self._authenticate()
    ~~~~~~~~~~~~~~~~~~^^
  File "C:\Users\user\AppData\Local\Programs\Python\Python313\Lib\site-packages\rest_framework\request.py", line 380, in _authenticate
    user_auth_tuple = authenticator.authenticate(self)
  File "C:\Users\user\Desktop\laba5\main\api_views.py", line 19, in authenticate
    if not request.user.is_authenticated:
           ^^^^^^^^^^^^
  File "C:\Users\user\AppData\Local\Programs\Python\Python313\Lib\site-packages\rest_framework\request.py", line 227, in user
    self._authenticate()
    ~~~~~~~~~~~~~~~~~~^^
  File "C:\Users\user\AppData\Local\Programs\Python\Python313\Lib\site-packages\rest_framework\request.py", line 380, in _authenticate
    user_auth_tuple = authenticator.authenticate(self)
  File "C:\Users\user\Desktop\laba5\main\api_views.py", line 19, in authenticate
    if not request.user.is_authenticated:
           ^^^^^^^^^^^^
  File "C:\Users\user\AppData\Local\Programs\Python\Python313\Lib\site-packages\rest_framework\request.py", line 227, in user
    self._authenticate()
    ~~~~~~~~~~~~~~~~~~^^
  File "C:\Users\user\AppData\Local\Programs\Python\Python313\Lib\site-packages\rest_framework\request.py", line 380, in _authenticate
    user_auth_tuple = authenticator.authenticate(self)
  File "C:\Users\user\Desktop\laba5\main\api_views.py", line 19, in authenticate
    if not request.user.is_authenticated:
           ^^^^^^^^^^^^
  File "C:\Users\user\AppData\Local\Programs\Python\Python313\Lib\site-packages\rest_framework\request.py", line 227, in user
    self._authenticate()
    ~~~~~~~~~~~~~~~~~~^^
  File "C:\Users\user\AppData\Local\Programs\Python\Python313\Lib\site-packages\rest_framework\request.py", line 380, in _authenticate
    user_auth_tuple = authenticator.authenticate(self)
  File "C:\Users\user\Desktop\laba5\main\api_views.py", line 19, in authenticate
    if not request.user.is_authenticated:
           ^^^^^^^^^^^^
  File "C:\Users\user\AppData\Local\Programs\Python\Python313\Lib\site-packages\rest_framework\request.py", line 227, in user
    self._authenticate()
    ~~~~~~~~~~~~~~~~~~^^
  File "C:\Users\user\AppData\Local\Programs\Python\Python313\Lib\site-packages\rest_framework\request.py", line 380, in _authenticate
    user_auth_tuple = authenticator.authenticate(self)
  File "C:\Users\user\Desktop\laba5\main\api_views.py", line 19, in authenticate
    if not request.user.is_authenticated:
           ^^^^^^^^^^^^
  File "C:\Users\user\AppData\Local\Programs\Python\Python313\Lib\site-packages\rest_framework\request.py", line 227, in user
    self._authenticate()
    ~~~~~~~~~~~~~~~~~~^^
  File "C:\Users\user\AppData\Local\Programs\Python\Python313\Lib\site-packages\rest_framework\request.py", line 380, in _authenticate
    user_auth_tuple = authenticator.authenticate(self)
  File "C:\Users\user\Desktop\laba5\main\api_views.py", line 19, in authenticate
    if not request.user.is_authenticated:
           ^^^^^^^^^^^^
  File "C:\Users\user\AppData\Local\Programs\Python\Python313\Lib\site-packages\rest_framework\request.py", line 227, in user
    self._authenticate()
    ~~~~~~~~~~~~~~~~~~^^
  File "C:\Users\user\AppData\Local\Programs\Python\Python313\Lib\site-packages\rest_framework\request.py", line 380, in _authenticate
    user_auth_tuple = authenticator.authenticate(self)
  File "C:\Users\user\Desktop\laba5\main\api_views.py", line 19, in authenticate
    if not request.user.is_authenticated:
           ^^^^^^^^^^^^
  File "C:\Users\user\AppData\Local\Programs\Python\Python313\Lib\site-packages\rest_framework\request.py", line 227, in user
    self._authenticate()
    ~~~~~~~~~~~~~~~~~~^^
  File "C:\Users\user\AppData\Local\Programs\Python\Python313\Lib\site-packages\rest_framework\request.py", line 380, in _authenticate
    user_auth_tuple = authenticator.authenticate(self)
  File "C:\Users\user\Desktop\laba5\main\api_views.py", line 19, in authenticate
    if not request.user.is_authenticated:
           ^^^^^^^^^^^^
  File "C:\Users\user\AppData\Local\Programs\Python\Python313\Lib\site-packages\rest_framework\request.py", line 227, in user
    self._authenticate()
    ~~~~~~~~~~~~~~~~~~^^
  File "C:\Users\user\AppData\Local\Programs\Python\Python313\Lib\site-packages\rest_framework\request.py", line 380, in _authenticate
    user_auth_tuple = authenticator.authenticate(self)
  File "C:\Users\user\Desktop\laba5\main\api_views.py", line 19, in authenticate
    if not request.user.is_authenticated:
           ^^^^^^^^^^^^
  File "C:\Users\user\AppData\Local\Programs\Python\Python313\Lib\site-packages\rest_framework\request.py", line 227, in user
    self._authenticate()
    ~~~~~~~~~~~~~~~~~~^^
  File "C:\Users\user\AppData\Local\Programs\Python\Python313\Lib\site-packages\rest_framework\request.py", line 380, in _authenticate
    user_auth_tuple = authenticator.authenticate(self)
  File "C:\Users\user\Desktop\laba5\main\api_views.py", line 19, in authenticate
    if not request.user.is_authenticated:
           ^^^^^^^^^^^^
  File "C:\Users\user\AppData\Local\Programs\Python\Python313\Lib\site-packages\rest_framework\request.py", line 227, in user
    self._authenticate()
    ~~~~~~~~~~~~~~~~~~^^
  File "C:\Users\user\AppData\Local\Programs\Python\Python313\Lib\site-packages\rest_framework\request.py", line 380, in _authenticate
    user_auth_tuple = authenticator.authenticate(self)
  File "C:\Users\user\Desktop\laba5\main\api_views.py", line 19, in authenticate
    if not request.user.is_authenticated:
           ^^^^^^^^^^^^
  File "C:\Users\user\AppData\Local\Programs\Python\Python313\Lib\site-packages\rest_framework\request.py", line 227, in user
    self._authenticate()
    ~~~~~~~~~~~~~~~~~~^^
  File "C:\Users\user\AppData\Local\Programs\Python\Python313\Lib\site-packages\rest_framework\request.py", line 380, in _authenticate
    user_auth_tuple = authenticator.authenticate(self)
  File "C:\Users\user\Desktop\laba5\main\api_views.py", line 19, in authenticate
    if not request.user.is_authenticated:
           ^^^^^^^^^^^^
  File "C:\Users\user\AppData\Local\Programs\Python\Python313\Lib\site-packages\rest_framework\request.py", line 227, in user
    self._authenticate()
    ~~~~~~~~~~~~~~~~~~^^
  File "C:\Users\user\AppData\Local\Programs\Python\Python313\Lib\site-packages\rest_framework\request.py", line 380, in _authenticate
    user_auth_tuple = authenticator.authenticate(self)
  File "C:\Users\user\Desktop\laba5\main\api_views.py", line 19, in authenticate
    if not request.user.is_authenticated:
           ^^^^^^^^^^^^
  File "C:\Users\user\AppData\Local\Programs\Python\Python313\Lib\site-packages\rest_framework\request.py", line 227, in user
    self._authenticate()
    ~~~~~~~~~~~~~~~~~~^^
  File "C:\Users\user\AppData\Local\Programs\Python\Python313\Lib\site-packages\rest_framework\request.py", line 380, in _authenticate
    user_auth_tuple = authenticator.authenticate(self)
  File "C:\Users\user\Desktop\laba5\main\api_views.py", line 19, in authenticate
    if not request.user.is_authenticated:
           ^^^^^^^^^^^^
  File "C:\Users\user\AppData\Local\Programs\Python\Python313\Lib\site-packages\rest_framework\request.py", line 227, in user
    self._authenticate()
    ~~~~~~~~~~~~~~~~~~^^
  File "C:\Users\user\AppData\Local\Programs\Python\Python313\Lib\site-packages\rest_framework\request.py", line 380, in _authenticate
    user_auth_tuple = authenticator.authenticate(self)
  File "C:\Users\user\Desktop\laba5\main\api_views.py", line 19, in authenticate
    if not request.user.is_authenticated:
           ^^^^^^^^^^^^
  File "C:\Users\user\AppData\Local\Programs\Python\Python313\Lib\site-packages\rest_framework\request.py", line 227, in user
    self._authenticate()
    ~~~~~~~~~~~~~~~~~~^^
  File "C:\Users\user\AppData\Local\Programs\Python\Python313\Lib\site-packages\rest_framework\request.py", line 380, in _authenticate
    user_auth_tuple = authenticator.authenticate(self)
  File "C:\Users\user\Desktop\laba5\main\api_views.py", line 19, in authenticate
    if not request.user.is_authenticated:
           ^^^^^^^^^^^^
  File "C:\Users\user\AppData\Local\Programs\Python\Python313\Lib\site-packages\rest_framework\request.py", line 227, in user
    self._authenticate()
    ~~~~~~~~~~~~~~~~~~^^
  File "C:\Users\user\AppData\Local\Programs\Python\Python313\Lib\site-packages\rest_framework\request.py", line 380, in _authenticate
    user_auth_tuple = authenticator.authenticate(self)
  File "C:\Users\user\Desktop\laba5\main\api_views.py", line 19, in authenticate
    if not request.user.is_authenticated:
           ^^^^^^^^^^^^
  File "C:\Users\user\AppData\Local\Programs\Python\Python313\Lib\site-packages\rest_framework\request.py", line 227, in user
    self._authenticate()
    ~~~~~~~~~~~~~~~~~~^^
  File "C:\Users\user\AppData\Local\Programs\Python\Python313\Lib\site-packages\rest_framework\request.py", line 380, in _authenticate
    user_auth_tuple = authenticator.authenticate(self)
  File "C:\Users\user\Desktop\laba5\main\api_views.py", line 19, in authenticate
    if not request.user.is_authenticated:
           ^^^^^^^^^^^^
  File "C:\Users\user\AppData\Local\Programs\Python\Python313\Lib\site-packages\rest_framework\request.py", line 227, in user
    self._authenticate()
    ~~~~~~~~~~~~~~~~~~^^
  File "C:\Users\user\AppData\Local\Programs\Python\Python313\Lib\site-packages\rest_framework\request.py", line 380, in _authenticate
    user_auth_tuple = authenticator.authenticate(self)
  File "C:\Users\user\Desktop\laba5\main\api_views.py", line 19, in authenticate
    if not request.user.is_authenticated:
           ^^^^^^^^^^^^
  File "C:\Users\user\AppData\Local\Programs\Python\Python313\Lib\site-packages\rest_framework\request.py", line 227, in user
    self._authenticate()
    ~~~~~~~~~~~~~~~~~~^^
  File "C:\Users\user\AppData\Local\Programs\Python\Python313\Lib\site-packages\rest_framework\request.py", line 380, in _authenticate
    user_auth_tuple = authenticator.authenticate(self)
  File "C:\Users\user\Desktop\laba5\main\api_views.py", line 19, in authenticate
    if not request.user.is_authenticated:
           ^^^^^^^^^^^^
  File "C:\Users\user\AppData\Local\Programs\Python\Python313\Lib\site-packages\rest_framework\request.py", line 227, in user
    self._authenticate()
    ~~~~~~~~~~~~~~~~~~^^
  File "C:\Users\user\AppData\Local\Programs\Python\Python313\Lib\site-packages\rest_framework\request.py", line 380, in _authenticate
    user_auth_tuple = authenticator.authenticate(self)
  File "C:\Users\user\Desktop\laba5\main\api_views.py", line 19, in authenticate
    if not request.user.is_authenticated:
           ^^^^^^^^^^^^
  File "C:\Users\user\AppData\Local\Programs\Python\Python313\Lib\site-packages\rest_framework\request.py", line 227, in user
    self._authenticate()
    ~~~~~~~~~~~~~~~~~~^^
  File "C:\Users\user\AppData\Local\Programs\Python\Python313\Lib\site-packages\rest_framework\request.py", line 380, in _authenticate
    user_auth_tuple = authenticator.authenticate(self)
  File "C:\Users\user\Desktop\laba5\main\api_views.py", line 19, in authenticate
    if not request.user.is_authenticated:
           ^^^^^^^^^^^^
  File "C:\Users\user\AppData\Local\Programs\Python\Python313\Lib\site-packages\rest_framework\request.py", line 227, in user
    self._authenticate()
    ~~~~~~~~~~~~~~~~~~^^
  File "C:\Users\user\AppData\Local\Programs\Python\Python313\Lib\site-packages\rest_framework\request.py", line 380, in _authenticate
    user_auth_tuple = authenticator.authenticate(self)
  File "C:\Users\user\Desktop\laba5\main\api_views.py", line 19, in authenticate
    if not request.user.is_authenticated:
           ^^^^^^^^^^^^
  File "C:\Users\user\AppData\Local\Programs\Python\Python313\Lib\site-packages\rest_framework\request.py", line 227, in user
    self._authenticate()
    ~~~~~~~~~~~~~~~~~~^^
  File "C:\Users\user\AppData\Local\Programs\Python\Python313\Lib\site-packages\rest_framework\request.py", line 380, in _authenticate
    user_auth_tuple = authenticator.authenticate(self)
  File "C:\Users\user\Desktop\laba5\main\api_views.py", line 19, in authenticate
    if not request.user.is_authenticated:
           ^^^^^^^^^^^^
  File "C:\Users\user\AppData\Local\Programs\Python\Python313\Lib\site-packages\rest_framework\request.py", line 227, in user
    self._authenticate()
    ~~~~~~~~~~~~~~~~~~^^
  File "C:\Users\user\AppData\Local\Programs\Python\Python313\Lib\site-packages\rest_framework\request.py", line 380, in _authenticate
    user_auth_tuple = authenticator.authenticate(self)
  File "C:\Users\user\Desktop\laba5\main\api_views.py", line 19, in authenticate
    if not request.user.is_authenticated:
           ^^^^^^^^^^^^
  File "C:\Users\user\AppData\Local\Programs\Python\Python313\Lib\site-packages\rest_framework\request.py", line 227, in user
    self._authenticate()
    ~~~~~~~~~~~~~~~~~~^^
  File "C:\Users\user\AppData\Local\Programs\Python\Python313\Lib\site-packages\rest_framework\request.py", line 380, in _authenticate
    user_auth_tuple = authenticator.authenticate(self)
  File "C:\Users\user\Desktop\laba5\main\api_views.py", line 19, in authenticate
    if not request.user.is_authenticated:
           ^^^^^^^^^^^^
  File "C:\Users\user\AppData\Local\Programs\Python\Python313\Lib\site-packages\rest_framework\request.py", line 227, in user
    self._authenticate()
    ~~~~~~~~~~~~~~~~~~^^
  File "C:\Users\user\AppData\Local\Programs\Python\Python313\Lib\site-packages\rest_framework\request.py", line 380, in _authenticate
    user_auth_tuple = authenticator.authenticate(self)
  File "C:\Users\user\Desktop\laba5\main\api_views.py", line 19, in authenticate
    if not request.user.is_authenticated:
           ^^^^^^^^^^^^
  File "C:\Users\user\AppData\Local\Programs\Python\Python313\Lib\site-packages\rest_framework\request.py", line 227, in user
    self._authenticate()
    ~~~~~~~~~~~~~~~~~~^^
  File "C:\Users\user\AppData\Local\Programs\Python\Python313\Lib\site-packages\rest_framework\request.py", line 380, in _authenticate
    user_auth_tuple = authenticator.authenticate(self)
  File "C:\Users\user\Desktop\laba5\main\api_views.py", line 19, in authenticate
    if not request.user.is_authenticated:
           ^^^^^^^^^^^^
  File "C:\Users\user\AppData\Local\Programs\Python\Python313\Lib\site-packages\rest_framework\request.py", line 227, in user
    self._authenticate()
    ~~~~~~~~~~~~~~~~~~^^
  File "C:\Users\user\AppData\Local\Programs\Python\Python313\Lib\site-packages\rest_framework\request.py", line 380, in _authenticate
    user_auth_tuple = authenticator.authenticate(self)
  File "C:\Users\user\Desktop\laba5\main\api_views.py", line 19, in authenticate
    if not request.user.is_authenticated:
           ^^^^^^^^^^^^
  File "C:\Users\user\AppData\Local\Programs\Python\Python313\Lib\site-packages\rest_framework\request.py", line 227, in user
    self._authenticate()
    ~~~~~~~~~~~~~~~~~~^^
  File "C:\Users\user\AppData\Local\Programs\Python\Python313\Lib\site-packages\rest_framework\request.py", line 380, in _authenticate
    user_auth_tuple = authenticator.authenticate(self)
  File "C:\Users\user\Desktop\laba5\main\api_views.py", line 19, in authenticate
    if not request.user.is_authenticated:
           ^^^^^^^^^^^^
  File "C:\Users\user\AppData\Local\Programs\Python\Python313\Lib\site-packages\rest_framework\request.py", line 227, in user
    self._authenticate()
    ~~~~~~~~~~~~~~~~~~^^
  File "C:\Users\user\AppData\Local\Programs\Python\Python313\Lib\site-packages\rest_framework\request.py", line 380, in _authenticate
    user_auth_tuple = authenticator.authenticate(self)
  File "C:\Users\user\Desktop\laba5\main\api_views.py", line 19, in authenticate
    if not request.user.is_authenticated:
           ^^^^^^^^^^^^
  File "C:\Users\user\AppData\Local\Programs\Python\Python313\Lib\site-packages\rest_framework\request.py", line 227, in user
    self._authenticate()
    ~~~~~~~~~~~~~~~~~~^^
  File "C:\Users\user\AppData\Local\Programs\Python\Python313\Lib\site-packages\rest_framework\request.py", line 380, in _authenticate
    user_auth_tuple = authenticator.authenticate(self)
  File "C:\Users\user\Desktop\laba5\main\api_views.py", line 19, in authenticate
    if not request.user.is_authenticated:
           ^^^^^^^^^^^^
  File "C:\Users\user\AppData\Local\Programs\Python\Python313\Lib\site-packages\rest_framework\request.py", line 227, in user
    self._authenticate()
    ~~~~~~~~~~~~~~~~~~^^
  File "C:\Users\user\AppData\Local\Programs\Python\Python313\Lib\site-packages\rest_framework\request.py", line 380, in _authenticate
    user_auth_tuple = authenticator.authenticate(self)
  File "C:\Users\user\Desktop\laba5\main\api_views.py", line 19, in authenticate
    if not request.user.is_authenticated:
           ^^^^^^^^^^^^
  File "C:\Users\user\AppData\Local\Programs\Python\Python313\Lib\site-packages\rest_framework\request.py", line 227, in user
    self._authenticate()
    ~~~~~~~~~~~~~~~~~~^^
  File "C:\Users\user\AppData\Local\Programs\Python\Python313\Lib\site-packages\rest_framework\request.py", line 380, in _authenticate
    user_auth_tuple = authenticator.authenticate(self)
  File "C:\Users\user\Desktop\laba5\main\api_views.py", line 19, in authenticate
    if not request.user.is_authenticated:
           ^^^^^^^^^^^^
  File "C:\Users\user\AppData\Local\Programs\Python\Python313\Lib\site-packages\rest_framework\request.py", line 227, in user
    self._authenticate()
    ~~~~~~~~~~~~~~~~~~^^
  File "C:\Users\user\AppData\Local\Programs\Python\Python313\Lib\site-packages\rest_framework\request.py", line 380, in _authenticate
    user_auth_tuple = authenticator.authenticate(self)
  File "C:\Users\user\Desktop\laba5\main\api_views.py", line 19, in authenticate
    if not request.user.is_authenticated:
           ^^^^^^^^^^^^
  File "C:\Users\user\AppData\Local\Programs\Python\Python313\Lib\site-packages\rest_framework\request.py", line 227, in user
    self._authenticate()
    ~~~~~~~~~~~~~~~~~~^^
  File "C:\Users\user\AppData\Local\Programs\Python\Python313\Lib\site-packages\rest_framework\request.py", line 380, in _authenticate
    user_auth_tuple = authenticator.authenticate(self)
  File "C:\Users\user\Desktop\laba5\main\api_views.py", line 19, in authenticate
    if not request.user.is_authenticated:
           ^^^^^^^^^^^^
  File "C:\Users\user\AppData\Local\Programs\Python\Python313\Lib\site-packages\rest_framework\request.py", line 227, in user
    self._authenticate()
    ~~~~~~~~~~~~~~~~~~^^
  File "C:\Users\user\AppData\Local\Programs\Python\Python313\Lib\site-packages\rest_framework\request.py", line 380, in _authenticate
    user_auth_tuple = authenticator.authenticate(self)
  File "C:\Users\user\Desktop\laba5\main\api_views.py", line 19, in authenticate
    if not request.user.is_authenticated:
           ^^^^^^^^^^^^
  File "C:\Users\user\AppData\Local\Programs\Python\Python313\Lib\site-packages\rest_framework\request.py", line 227, in user
    self._authenticate()
    ~~~~~~~~~~~~~~~~~~^^
  File "C:\Users\user\AppData\Local\Programs\Python\Python313\Lib\site-packages\rest_framework\request.py", line 380, in _authenticate
    user_auth_tuple = authenticator.authenticate(self)
  File "C:\Users\user\Desktop\laba5\main\api_views.py", line 19, in authenticate
    if not request.user.is_authenticated:
           ^^^^^^^^^^^^
  File "C:\Users\user\AppData\Local\Programs\Python\Python313\Lib\site-packages\rest_framework\request.py", line 227, in user
    self._authenticate()
    ~~~~~~~~~~~~~~~~~~^^
  File "C:\Users\user\AppData\Local\Programs\Python\Python313\Lib\site-packages\rest_framework\request.py", line 380, in _authenticate
    user_auth_tuple = authenticator.authenticate(self)
  File "C:\Users\user\Desktop\laba5\main\api_views.py", line 19, in authenticate
    if not request.user.is_authenticated:
           ^^^^^^^^^^^^
  File "C:\Users\user\AppData\Local\Programs\Python\Python313\Lib\site-packages\rest_framework\request.py", line 227, in user
    self._authenticate()
    ~~~~~~~~~~~~~~~~~~^^
  File "C:\Users\user\AppData\Local\Programs\Python\Python313\Lib\site-packages\rest_framework\request.py", line 380, in _authenticate
    user_auth_tuple = authenticator.authenticate(self)
  File "C:\Users\user\Desktop\laba5\main\api_views.py", line 19, in authenticate
    if not request.user.is_authenticated:
           ^^^^^^^^^^^^
  File "C:\Users\user\AppData\Local\Programs\Python\Python313\Lib\site-packages\rest_framework\request.py", line 227, in user
    self._authenticate()
    ~~~~~~~~~~~~~~~~~~^^
  File "C:\Users\user\AppData\Local\Programs\Python\Python313\Lib\site-packages\rest_framework\request.py", line 380, in _authenticate
    user_auth_tuple = authenticator.authenticate(self)
  File "C:\Users\user\Desktop\laba5\main\api_views.py", line 19, in authenticate
    if not request.user.is_authenticated:
           ^^^^^^^^^^^^
  File "C:\Users\user\AppData\Local\Programs\Python\Python313\Lib\site-packages\rest_framework\request.py", line 227, in user
    self._authenticate()
    ~~~~~~~~~~~~~~~~~~^^
  File "C:\Users\user\AppData\Local\Programs\Python\Python313\Lib\site-packages\rest_framework\request.py", line 380, in _authenticate
    user_auth_tuple = authenticator.authenticate(self)
  File "C:\Users\user\Desktop\laba5\main\api_views.py", line 19, in authenticate
    if not request.user.is_authenticated:
           ^^^^^^^^^^^^
  File "C:\Users\user\AppData\Local\Programs\Python\Python313\Lib\site-packages\rest_framework\request.py", line 227, in user
    self._authenticate()
    ~~~~~~~~~~~~~~~~~~^^
  File "C:\Users\user\AppData\Local\Programs\Python\Python313\Lib\site-packages\rest_framework\request.py", line 380, in _authenticate
    user_auth_tuple = authenticator.authenticate(self)
  File "C:\Users\user\Desktop\laba5\main\api_views.py", line 19, in authenticate
    if not request.user.is_authenticated:
           ^^^^^^^^^^^^
  File "C:\Users\user\AppData\Local\Programs\Python\Python313\Lib\site-packages\rest_framework\request.py", line 227, in user
    self._authenticate()
    ~~~~~~~~~~~~~~~~~~^^
  File "C:\Users\user\AppData\Local\Programs\Python\Python313\Lib\site-packages\rest_framework\request.py", line 380, in _authenticate
    user_auth_tuple = authenticator.authenticate(self)
  File "C:\Users\user\Desktop\laba5\main\api_views.py", line 19, in authenticate
    if not request.user.is_authenticated:
           ^^^^^^^^^^^^
  File "C:\Users\user\AppData\Local\Programs\Python\Python313\Lib\site-packages\rest_framework\request.py", line 227, in user
    self._authenticate()
    ~~~~~~~~~~~~~~~~~~^^
  File "C:\Users\user\AppData\Local\Programs\Python\Python313\Lib\site-packages\rest_framework\request.py", line 380, in _authenticate
    user_auth_tuple = authenticator.authenticate(self)
  File "C:\Users\user\Desktop\laba5\main\api_views.py", line 19, in authenticate
    if not request.user.is_authenticated:
           ^^^^^^^^^^^^
  File "C:\Users\user\AppData\Local\Programs\Python\Python313\Lib\site-packages\rest_framework\request.py", line 227, in user
    self._authenticate()
    ~~~~~~~~~~~~~~~~~~^^
  File "C:\Users\user\AppData\Local\Programs\Python\Python313\Lib\site-packages\rest_framework\request.py", line 380, in _authenticate
    user_auth_tuple = authenticator.authenticate(self)
  File "C:\Users\user\Desktop\laba5\main\api_views.py", line 19, in authenticate
    if not request.user.is_authenticated:
           ^^^^^^^^^^^^
  File "C:\Users\user\AppData\Local\Programs\Python\Python313\Lib\site-packages\rest_framework\request.py", line 227, in user
    self._authenticate()
    ~~~~~~~~~~~~~~~~~~^^
  File "C:\Users\user\AppData\Local\Programs\Python\Python313\Lib\site-packages\rest_framework\request.py", line 380, in _authenticate
    user_auth_tuple = authenticator.authenticate(self)
  File "C:\Users\user\Desktop\laba5\main\api_views.py", line 19, in authenticate
    if not request.user.is_authenticated:
           ^^^^^^^^^^^^
  File "C:\Users\user\AppData\Local\Programs\Python\Python313\Lib\site-packages\rest_framework\request.py", line 227, in user
    self._authenticate()
    ~~~~~~~~~~~~~~~~~~^^
  File "C:\Users\user\AppData\Local\Programs\Python\Python313\Lib\site-packages\rest_framework\request.py", line 380, in _authenticate
    user_auth_tuple = authenticator.authenticate(self)
  File "C:\Users\user\Desktop\laba5\main\api_views.py", line 19, in authenticate
    if not request.user.is_authenticated:
           ^^^^^^^^^^^^
  File "C:\Users\user\AppData\Local\Programs\Python\Python313\Lib\site-packages\rest_framework\request.py", line 227, in user
    self._authenticate()
    ~~~~~~~~~~~~~~~~~~^^
  File "C:\Users\user\AppData\Local\Programs\Python\Python313\Lib\site-packages\rest_framework\request.py", line 380, in _authenticate
    user_auth_tuple = authenticator.authenticate(self)
  File "C:\Users\user\Desktop\laba5\main\api_views.py", line 19, in authenticate
    if not request.user.is_authenticated:
           ^^^^^^^^^^^^
  File "C:\Users\user\AppData\Local\Programs\Python\Python313\Lib\site-packages\rest_framework\request.py", line 227, in user
    self._authenticate()
    ~~~~~~~~~~~~~~~~~~^^
  File "C:\Users\user\AppData\Local\Programs\Python\Python313\Lib\site-packages\rest_framework\request.py", line 380, in _authenticate
    user_auth_tuple = authenticator.authenticate(self)
  File "C:\Users\user\Desktop\laba5\main\api_views.py", line 19, in authenticate
    if not request.user.is_authenticated:
           ^^^^^^^^^^^^
  File "C:\Users\user\AppData\Local\Programs\Python\Python313\Lib\site-packages\rest_framework\request.py", line 227, in user
    self._authenticate()
    ~~~~~~~~~~~~~~~~~~^^
  File "C:\Users\user\AppData\Local\Programs\Python\Python313\Lib\site-packages\rest_framework\request.py", line 380, in _authenticate
    user_auth_tuple = authenticator.authenticate(self)
  File "C:\Users\user\Desktop\laba5\main\api_views.py", line 19, in authenticate
    if not request.user.is_authenticated:
           ^^^^^^^^^^^^
  File "C:\Users\user\AppData\Local\Programs\Python\Python313\Lib\site-packages\rest_framework\request.py", line 227, in user
    self._authenticate()
    ~~~~~~~~~~~~~~~~~~^^
  File "C:\Users\user\AppData\Local\Programs\Python\Python313\Lib\site-packages\rest_framework\request.py", line 380, in _authenticate
    user_auth_tuple = authenticator.authenticate(self)
  File "C:\Users\user\Desktop\laba5\main\api_views.py", line 19, in authenticate
    if not request.user.is_authenticated:
           ^^^^^^^^^^^^
  File "C:\Users\user\AppData\Local\Programs\Python\Python313\Lib\site-packages\rest_framework\request.py", line 227, in user
    self._authenticate()
    ~~~~~~~~~~~~~~~~~~^^
  File "C:\Users\user\AppData\Local\Programs\Python\Python313\Lib\site-packages\rest_framework\request.py", line 380, in _authenticate
    user_auth_tuple = authenticator.authenticate(self)
  File "C:\Users\user\Desktop\laba5\main\api_views.py", line 19, in authenticate
    if not request.user.is_authenticated:
           ^^^^^^^^^^^^
  File "C:\Users\user\AppData\Local\Programs\Python\Python313\Lib\site-packages\rest_framework\request.py", line 227, in user
    self._authenticate()
    ~~~~~~~~~~~~~~~~~~^^
  File "C:\Users\user\AppData\Local\Programs\Python\Python313\Lib\site-packages\rest_framework\request.py", line 380, in _authenticate
    user_auth_tuple = authenticator.authenticate(self)
  File "C:\Users\user\Desktop\laba5\main\api_views.py", line 19, in authenticate
    if not request.user.is_authenticated:
           ^^^^^^^^^^^^
  File "C:\Users\user\AppData\Local\Programs\Python\Python313\Lib\site-packages\rest_framework\request.py", line 227, in user
    self._authenticate()
    ~~~~~~~~~~~~~~~~~~^^
  File "C:\Users\user\AppData\Local\Programs\Python\Python313\Lib\site-packages\rest_framework\request.py", line 380, in _authenticate
    user_auth_tuple = authenticator.authenticate(self)
  File "C:\Users\user\Desktop\laba5\main\api_views.py", line 19, in authenticate
    if not request.user.is_authenticated:
           ^^^^^^^^^^^^
  File "C:\Users\user\AppData\Local\Programs\Python\Python313\Lib\site-packages\rest_framework\request.py", line 227, in user
    self._authenticate()
    ~~~~~~~~~~~~~~~~~~^^
  File "C:\Users\user\AppData\Local\Programs\Python\Python313\Lib\site-packages\rest_framework\request.py", line 380, in _authenticate
    user_auth_tuple = authenticator.authenticate(self)
  File "C:\Users\user\Desktop\laba5\main\api_views.py", line 19, in authenticate
    if not request.user.is_authenticated:
           ^^^^^^^^^^^^
  File "C:\Users\user\AppData\Local\Programs\Python\Python313\Lib\site-packages\rest_framework\request.py", line 227, in user
    self._authenticate()
    ~~~~~~~~~~~~~~~~~~^^
  File "C:\Users\user\AppData\Local\Programs\Python\Python313\Lib\site-packages\rest_framework\request.py", line 380, in _authenticate
    user_auth_tuple = authenticator.authenticate(self)
  File "C:\Users\user\Desktop\laba5\main\api_views.py", line 19, in authenticate
    if not request.user.is_authenticated:
           ^^^^^^^^^^^^
  File "C:\Users\user\AppData\Local\Programs\Python\Python313\Lib\site-packages\rest_framework\request.py", line 227, in user
    self._authenticate()
    ~~~~~~~~~~~~~~~~~~^^
  File "C:\Users\user\AppData\Local\Programs\Python\Python313\Lib\site-packages\rest_framework\request.py", line 380, in _authenticate
    user_auth_tuple = authenticator.authenticate(self)
  File "C:\Users\user\Desktop\laba5\main\api_views.py", line 19, in authenticate
    if not request.user.is_authenticated:
           ^^^^^^^^^^^^
  File "C:\Users\user\AppData\Local\Programs\Python\Python313\Lib\site-packages\rest_framework\request.py", line 227, in user
    self._authenticate()
    ~~~~~~~~~~~~~~~~~~^^
  File "C:\Users\user\AppData\Local\Programs\Python\Python313\Lib\site-packages\rest_framework\request.py", line 380, in _authenticate
    user_auth_tuple = authenticator.authenticate(self)
  File "C:\Users\user\Desktop\laba5\main\api_views.py", line 19, in authenticate
    if not request.user.is_authenticated:
           ^^^^^^^^^^^^
  File "C:\Users\user\AppData\Local\Programs\Python\Python313\Lib\site-packages\rest_framework\request.py", line 227, in user
    self._authenticate()
    ~~~~~~~~~~~~~~~~~~^^
  File "C:\Users\user\AppData\Local\Programs\Python\Python313\Lib\site-packages\rest_framework\request.py", line 380, in _authenticate
    user_auth_tuple = authenticator.authenticate(self)
  File "C:\Users\user\Desktop\laba5\main\api_views.py", line 19, in authenticate
    if not request.user.is_authenticated:
           ^^^^^^^^^^^^
  File "C:\Users\user\AppData\Local\Programs\Python\Python313\Lib\site-packages\rest_framework\request.py", line 227, in user
    self._authenticate()
    ~~~~~~~~~~~~~~~~~~^^
  File "C:\Users\user\AppData\Local\Programs\Python\Python313\Lib\site-packages\rest_framework\request.py", line 380, in _authenticate
    user_auth_tuple = authenticator.authenticate(self)
  File "C:\Users\user\Desktop\laba5\main\api_views.py", line 19, in authenticate
    if not request.user.is_authenticated:
           ^^^^^^^^^^^^
  File "C:\Users\user\AppData\Local\Programs\Python\Python313\Lib\site-packages\rest_framework\request.py", line 227, in user
    self._authenticate()
    ~~~~~~~~~~~~~~~~~~^^
  File "C:\Users\user\AppData\Local\Programs\Python\Python313\Lib\site-packages\rest_framework\request.py", line 380, in _authenticate
    user_auth_tuple = authenticator.authenticate(self)
  File "C:\Users\user\Desktop\laba5\main\api_views.py", line 19, in authenticate
    if not request.user.is_authenticated:
           ^^^^^^^^^^^^
  File "C:\Users\user\AppData\Local\Programs\Python\Python313\Lib\site-packages\rest_framework\request.py", line 227, in user
    self._authenticate()
    ~~~~~~~~~~~~~~~~~~^^
  File "C:\Users\user\AppData\Local\Programs\Python\Python313\Lib\site-packages\rest_framework\request.py", line 380, in _authenticate
    user_auth_tuple = authenticator.authenticate(self)
  File "C:\Users\user\Desktop\laba5\main\api_views.py", line 19, in authenticate
    if not request.user.is_authenticated:
           ^^^^^^^^^^^^
  File "C:\Users\user\AppData\Local\Programs\Python\Python313\Lib\site-packages\rest_framework\request.py", line 227, in user
    self._authenticate()
    ~~~~~~~~~~~~~~~~~~^^
  File "C:\Users\user\AppData\Local\Programs\Python\Python313\Lib\site-packages\rest_framework\request.py", line 380, in _authenticate
    user_auth_tuple = authenticator.authenticate(self)
  File "C:\Users\user\Desktop\laba5\main\api_views.py", line 19, in authenticate
    if not request.user.is_authenticated:
           ^^^^^^^^^^^^
  File "C:\Users\user\AppData\Local\Programs\Python\Python313\Lib\site-packages\rest_framework\request.py", line 227, in user
    self._authenticate()
    ~~~~~~~~~~~~~~~~~~^^
  File "C:\Users\user\AppData\Local\Programs\Python\Python313\Lib\site-packages\rest_framework\request.py", line 380, in _authenticate
    user_auth_tuple = authenticator.authenticate(self)
  File "C:\Users\user\Desktop\laba5\main\api_views.py", line 19, in authenticate
    if not request.user.is_authenticated:
           ^^^^^^^^^^^^
  File "C:\Users\user\AppData\Local\Programs\Python\Python313\Lib\site-packages\rest_framework\request.py", line 227, in user
    self._authenticate()
    ~~~~~~~~~~~~~~~~~~^^
  File "C:\Users\user\AppData\Local\Programs\Python\Python313\Lib\site-packages\rest_framework\request.py", line 380, in _authenticate
    user_auth_tuple = authenticator.authenticate(self)
  File "C:\Users\user\Desktop\laba5\main\api_views.py", line 19, in authenticate
    if not request.user.is_authenticated:
           ^^^^^^^^^^^^
  File "C:\Users\user\AppData\Local\Programs\Python\Python313\Lib\site-packages\rest_framework\request.py", line 227, in user
    self._authenticate()
    ~~~~~~~~~~~~~~~~~~^^
  File "C:\Users\user\AppData\Local\Programs\Python\Python313\Lib\site-packages\rest_framework\request.py", line 380, in _authenticate
    user_auth_tuple = authenticator.authenticate(self)
  File "C:\Users\user\Desktop\laba5\main\api_views.py", line 19, in authenticate
    if not request.user.is_authenticated:
           ^^^^^^^^^^^^
  File "C:\Users\user\AppData\Local\Programs\Python\Python313\Lib\site-packages\rest_framework\request.py", line 227, in user
    self._authenticate()
    ~~~~~~~~~~~~~~~~~~^^
  File "C:\Users\user\AppData\Local\Programs\Python\Python313\Lib\site-packages\rest_framework\request.py", line 380, in _authenticate
    user_auth_tuple = authenticator.authenticate(self)
  File "C:\Users\user\Desktop\laba5\main\api_views.py", line 19, in authenticate
    if not request.user.is_authenticated:
           ^^^^^^^^^^^^
  File "C:\Users\user\AppData\Local\Programs\Python\Python313\Lib\site-packages\rest_framework\request.py", line 227, in user
    self._authenticate()
    ~~~~~~~~~~~~~~~~~~^^
  File "C:\Users\user\AppData\Local\Programs\Python\Python313\Lib\site-packages\rest_framework\request.py", line 380, in _authenticate
    user_auth_tuple = authenticator.authenticate(self)
  File "C:\Users\user\Desktop\laba5\main\api_views.py", line 19, in authenticate
    if not request.user.is_authenticated:
           ^^^^^^^^^^^^
  File "C:\Users\user\AppData\Local\Programs\Python\Python313\Lib\site-packages\rest_framework\request.py", line 227, in user
    self._authenticate()
    ~~~~~~~~~~~~~~~~~~^^
  File "C:\Users\user\AppData\Local\Programs\Python\Python313\Lib\site-packages\rest_framework\request.py", line 380, in _authenticate
    user_auth_tuple = authenticator.authenticate(self)
  File "C:\Users\user\Desktop\laba5\main\api_views.py", line 19, in authenticate
    if not request.user.is_authenticated:
           ^^^^^^^^^^^^
  File "C:\Users\user\AppData\Local\Programs\Python\Python313\Lib\site-packages\rest_framework\request.py", line 227, in user
    self._authenticate()
    ~~~~~~~~~~~~~~~~~~^^
  File "C:\Users\user\AppData\Local\Programs\Python\Python313\Lib\site-packages\rest_framework\request.py", line 380, in _authenticate
    user_auth_tuple = authenticator.authenticate(self)
  File "C:\Users\user\Desktop\laba5\main\api_views.py", line 19, in authenticate
    if not request.user.is_authenticated:
           ^^^^^^^^^^^^
  File "C:\Users\user\AppData\Local\Programs\Python\Python313\Lib\site-packages\rest_framework\request.py", line 227, in user
    self._authenticate()
    ~~~~~~~~~~~~~~~~~~^^
  File "C:\Users\user\AppData\Local\Programs\Python\Python313\Lib\site-packages\rest_framework\request.py", line 380, in _authenticate
    user_auth_tuple = authenticator.authenticate(self)
  File "C:\Users\user\Desktop\laba5\main\api_views.py", line 19, in authenticate
    if not request.user.is_authenticated:
           ^^^^^^^^^^^^
  File "C:\Users\user\AppData\Local\Programs\Python\Python313\Lib\site-packages\rest_framework\request.py", line 227, in user
    self._authenticate()
    ~~~~~~~~~~~~~~~~~~^^
  File "C:\Users\user\AppData\Local\Programs\Python\Python313\Lib\site-packages\rest_framework\request.py", line 380, in _authenticate
    user_auth_tuple = authenticator.authenticate(self)
  File "C:\Users\user\Desktop\laba5\main\api_views.py", line 19, in authenticate
    if not request.user.is_authenticated:
           ^^^^^^^^^^^^
  File "C:\Users\user\AppData\Local\Programs\Python\Python313\Lib\site-packages\rest_framework\request.py", line 227, in user
    self._authenticate()
    ~~~~~~~~~~~~~~~~~~^^
  File "C:\Users\user\AppData\Local\Programs\Python\Python313\Lib\site-packages\rest_framework\request.py", line 380, in _authenticate
    user_auth_tuple = authenticator.authenticate(self)
  File "C:\Users\user\Desktop\laba5\main\api_views.py", line 19, in authenticate
    if not request.user.is_authenticated:
           ^^^^^^^^^^^^
  File "C:\Users\user\AppData\Local\Programs\Python\Python313\Lib\site-packages\rest_framework\request.py", line 227, in user
    self._authenticate()
    ~~~~~~~~~~~~~~~~~~^^
  File "C:\Users\user\AppData\Local\Programs\Python\Python313\Lib\site-packages\rest_framework\request.py", line 380, in _authenticate
    user_auth_tuple = authenticator.authenticate(self)
  File "C:\Users\user\Desktop\laba5\main\api_views.py", line 19, in authenticate
    if not request.user.is_authenticated:
           ^^^^^^^^^^^^
  File "C:\Users\user\AppData\Local\Programs\Python\Python313\Lib\site-packages\rest_framework\request.py", line 227, in user
    self._authenticate()
    ~~~~~~~~~~~~~~~~~~^^
  File "C:\Users\user\AppData\Local\Programs\Python\Python313\Lib\site-packages\rest_framework\request.py", line 380, in _authenticate
    user_auth_tuple = authenticator.authenticate(self)
  File "C:\Users\user\Desktop\laba5\main\api_views.py", line 19, in authenticate
    if not request.user.is_authenticated:
           ^^^^^^^^^^^^
  File "C:\Users\user\AppData\Local\Programs\Python\Python313\Lib\site-packages\rest_framework\request.py", line 227, in user
    self._authenticate()
    ~~~~~~~~~~~~~~~~~~^^
  File "C:\Users\user\AppData\Local\Programs\Python\Python313\Lib\site-packages\rest_framework\request.py", line 380, in _authenticate
    user_auth_tuple = authenticator.authenticate(self)
  File "C:\Users\user\Desktop\laba5\main\api_views.py", line 19, in authenticate
    if not request.user.is_authenticated:
           ^^^^^^^^^^^^
  File "C:\Users\user\AppData\Local\Programs\Python\Python313\Lib\site-packages\rest_framework\request.py", line 227, in user
    self._authenticate()
    ~~~~~~~~~~~~~~~~~~^^
  File "C:\Users\user\AppData\Local\Programs\Python\Python313\Lib\site-packages\rest_framework\request.py", line 380, in _authenticate
    user_auth_tuple = authenticator.authenticate(self)
  File "C:\Users\user\Desktop\laba5\main\api_views.py", line 19, in authenticate
    if not request.user.is_authenticated:
           ^^^^^^^^^^^^
  File "C:\Users\user\AppData\Local\Programs\Python\Python313\Lib\site-packages\rest_framework\request.py", line 227, in user
    self._authenticate()
    ~~~~~~~~~~~~~~~~~~^^
  File "C:\Users\user\AppData\Local\Programs\Python\Python313\Lib\site-packages\rest_framework\request.py", line 380, in _authenticate
    user_auth_tuple = authenticator.authenticate(self)
  File "C:\Users\user\Desktop\laba5\main\api_views.py", line 19, in authenticate
    if not request.user.is_authenticated:
           ^^^^^^^^^^^^
  File "C:\Users\user\AppData\Local\Programs\Python\Python313\Lib\site-packages\rest_framework\request.py", line 227, in user
    self._authenticate()
    ~~~~~~~~~~~~~~~~~~^^
  File "C:\Users\user\AppData\Local\Programs\Python\Python313\Lib\site-packages\rest_framework\request.py", line 380, in _authenticate
    user_auth_tuple = authenticator.authenticate(self)
  File "C:\Users\user\Desktop\laba5\main\api_views.py", line 19, in authenticate
    if not request.user.is_authenticated:
           ^^^^^^^^^^^^
  File "C:\Users\user\AppData\Local\Programs\Python\Python313\Lib\site-packages\rest_framework\request.py", line 227, in user
    self._authenticate()
    ~~~~~~~~~~~~~~~~~~^^
  File "C:\Users\user\AppData\Local\Programs\Python\Python313\Lib\site-packages\rest_framework\request.py", line 380, in _authenticate
    user_auth_tuple = authenticator.authenticate(self)
  File "C:\Users\user\Desktop\laba5\main\api_views.py", line 19, in authenticate
    if not request.user.is_authenticated:
           ^^^^^^^^^^^^
  File "C:\Users\user\AppData\Local\Programs\Python\Python313\Lib\site-packages\rest_framework\request.py", line 227, in user
    self._authenticate()
    ~~~~~~~~~~~~~~~~~~^^
  File "C:\Users\user\AppData\Local\Programs\Python\Python313\Lib\site-packages\rest_framework\request.py", line 380, in _authenticate
    user_auth_tuple = authenticator.authenticate(self)
  File "C:\Users\user\Desktop\laba5\main\api_views.py", line 19, in authenticate
    if not request.user.is_authenticated:
           ^^^^^^^^^^^^
  File "C:\Users\user\AppData\Local\Programs\Python\Python313\Lib\site-packages\rest_framework\request.py", line 227, in user
    self._authenticate()
    ~~~~~~~~~~~~~~~~~~^^
  File "C:\Users\user\AppData\Local\Programs\Python\Python313\Lib\site-packages\rest_framework\request.py", line 380, in _authenticate
    user_auth_tuple = authenticator.authenticate(self)
  File "C:\Users\user\Desktop\laba5\main\api_views.py", line 19, in authenticate
    if not request.user.is_authenticated:
           ^^^^^^^^^^^^
  File "C:\Users\user\AppData\Local\Programs\Python\Python313\Lib\site-packages\rest_framework\request.py", line 227, in user
    self._authenticate()
    ~~~~~~~~~~~~~~~~~~^^
  File "C:\Users\user\AppData\Local\Programs\Python\Python313\Lib\site-packages\rest_framework\request.py", line 380, in _authenticate
    user_auth_tuple = authenticator.authenticate(self)
  File "C:\Users\user\Desktop\laba5\main\api_views.py", line 19, in authenticate
    if not request.user.is_authenticated:
           ^^^^^^^^^^^^
  File "C:\Users\user\AppData\Local\Programs\Python\Python313\Lib\site-packages\rest_framework\request.py", line 227, in user
    self._authenticate()
    ~~~~~~~~~~~~~~~~~~^^
  File "C:\Users\user\AppData\Local\Programs\Python\Python313\Lib\site-packages\rest_framework\request.py", line 380, in _authenticate
    user_auth_tuple = authenticator.authenticate(self)
  File "C:\Users\user\Desktop\laba5\main\api_views.py", line 19, in authenticate
    if not request.user.is_authenticated:
           ^^^^^^^^^^^^
  File "C:\Users\user\AppData\Local\Programs\Python\Python313\Lib\site-packages\rest_framework\request.py", line 227, in user
    self._authenticate()
    ~~~~~~~~~~~~~~~~~~^^
  File "C:\Users\user\AppData\Local\Programs\Python\Python313\Lib\site-packages\rest_framework\request.py", line 380, in _authenticate
    user_auth_tuple = authenticator.authenticate(self)
  File "C:\Users\user\Desktop\laba5\main\api_views.py", line 19, in authenticate
    if not request.user.is_authenticated:
           ^^^^^^^^^^^^
  File "C:\Users\user\AppData\Local\Programs\Python\Python313\Lib\site-packages\rest_framework\request.py", line 227, in user
    self._authenticate()
    ~~~~~~~~~~~~~~~~~~^^
  File "C:\Users\user\AppData\Local\Programs\Python\Python313\Lib\site-packages\rest_framework\request.py", line 380, in _authenticate
    user_auth_tuple = authenticator.authenticate(self)
  File "C:\Users\user\Desktop\laba5\main\api_views.py", line 19, in authenticate
    if not request.user.is_authenticated:
           ^^^^^^^^^^^^
  File "C:\Users\user\AppData\Local\Programs\Python\Python313\Lib\site-packages\rest_framework\request.py", line 227, in user
    self._authenticate()
    ~~~~~~~~~~~~~~~~~~^^
  File "C:\Users\user\AppData\Local\Programs\Python\Python313\Lib\site-packages\rest_framework\request.py", line 380, in _authenticate
    user_auth_tuple = authenticator.authenticate(self)
  File "C:\Users\user\Desktop\laba5\main\api_views.py", line 19, in authenticate
    if not request.user.is_authenticated:
           ^^^^^^^^^^^^
  File "C:\Users\user\AppData\Local\Programs\Python\Python313\Lib\site-packages\rest_framework\request.py", line 227, in user
    self._authenticate()
    ~~~~~~~~~~~~~~~~~~^^
  File "C:\Users\user\AppData\Local\Programs\Python\Python313\Lib\site-packages\rest_framework\request.py", line 380, in _authenticate
    user_auth_tuple = authenticator.authenticate(self)
  File "C:\Users\user\Desktop\laba5\main\api_views.py", line 19, in authenticate
    if not request.user.is_authenticated:
           ^^^^^^^^^^^^
  File "C:\Users\user\AppData\Local\Programs\Python\Python313\Lib\site-packages\rest_framework\request.py", line 227, in user
    self._authenticate()
    ~~~~~~~~~~~~~~~~~~^^
  File "C:\Users\user\AppData\Local\Programs\Python\Python313\Lib\site-packages\rest_framework\request.py", line 380, in _authenticate
    user_auth_tuple = authenticator.authenticate(self)
  File "C:\Users\user\Desktop\laba5\main\api_views.py", line 19, in authenticate
    if not request.user.is_authenticated:
           ^^^^^^^^^^^^
  File "C:\Users\user\AppData\Local\Programs\Python\Python313\Lib\site-packages\rest_framework\request.py", line 227, in user
    self._authenticate()
    ~~~~~~~~~~~~~~~~~~^^
  File "C:\Users\user\AppData\Local\Programs\Python\Python313\Lib\site-packages\rest_framework\request.py", line 380, in _authenticate
    user_auth_tuple = authenticator.authenticate(self)
  File "C:\Users\user\Desktop\laba5\main\api_views.py", line 19, in authenticate
    if not request.user.is_authenticated:
           ^^^^^^^^^^^^
  File "C:\Users\user\AppData\Local\Programs\Python\Python313\Lib\site-packages\rest_framework\request.py", line 227, in user
    self._authenticate()
    ~~~~~~~~~~~~~~~~~~^^
  File "C:\Users\user\AppData\Local\Programs\Python\Python313\Lib\site-packages\rest_framework\request.py", line 380, in _authenticate
    user_auth_tuple = authenticator.authenticate(self)
  File "C:\Users\user\Desktop\laba5\main\api_views.py", line 19, in authenticate
    if not request.user.is_authenticated:
           ^^^^^^^^^^^^
  File "C:\Users\user\AppData\Local\Programs\Python\Python313\Lib\site-packages\rest_framework\request.py", line 227, in user
    self._authenticate()
    ~~~~~~~~~~~~~~~~~~^^
  File "C:\Users\user\AppData\Local\Programs\Python\Python313\Lib\site-packages\rest_framework\request.py", line 380, in _authenticate
    user_auth_tuple = authenticator.authenticate(self)
  File "C:\Users\user\Desktop\laba5\main\api_views.py", line 19, in authenticate
    if not request.user.is_authenticated:
           ^^^^^^^^^^^^
  File "C:\Users\user\AppData\Local\Programs\Python\Python313\Lib\site-packages\rest_framework\request.py", line 227, in user
    self._authenticate()
    ~~~~~~~~~~~~~~~~~~^^
  File "C:\Users\user\AppData\Local\Programs\Python\Python313\Lib\site-packages\rest_framework\request.py", line 380, in _authenticate
    user_auth_tuple = authenticator.authenticate(self)
  File "C:\Users\user\Desktop\laba5\main\api_views.py", line 19, in authenticate
    if not request.user.is_authenticated:
           ^^^^^^^^^^^^
  File "C:\Users\user\AppData\Local\Programs\Python\Python313\Lib\site-packages\rest_framework\request.py", line 227, in user
    self._authenticate()
    ~~~~~~~~~~~~~~~~~~^^
  File "C:\Users\user\AppData\Local\Programs\Python\Python313\Lib\site-packages\rest_framework\request.py", line 380, in _authenticate
    user_auth_tuple = authenticator.authenticate(self)
  File "C:\Users\user\Desktop\laba5\main\api_views.py", line 19, in authenticate
    if not request.user.is_authenticated:
           ^^^^^^^^^^^^
  File "C:\Users\user\AppData\Local\Programs\Python\Python313\Lib\site-packages\rest_framework\request.py", line 227, in user
    self._authenticate()
    ~~~~~~~~~~~~~~~~~~^^
  File "C:\Users\user\AppData\Local\Programs\Python\Python313\Lib\site-packages\rest_framework\request.py", line 380, in _authenticate
    user_auth_tuple = authenticator.authenticate(self)
  File "C:\Users\user\Desktop\laba5\main\api_views.py", line 19, in authenticate
    if not request.user.is_authenticated:
           ^^^^^^^^^^^^
  File "C:\Users\user\AppData\Local\Programs\Python\Python313\Lib\site-packages\rest_framework\request.py", line 227, in user
    self._authenticate()
    ~~~~~~~~~~~~~~~~~~^^
  File "C:\Users\user\AppData\Local\Programs\Python\Python313\Lib\site-packages\rest_framework\request.py", line 380, in _authenticate
    user_auth_tuple = authenticator.authenticate(self)
  File "C:\Users\user\Desktop\laba5\main\api_views.py", line 19, in authenticate
    if not request.user.is_authenticated:
           ^^^^^^^^^^^^
  File "C:\Users\user\AppData\Local\Programs\Python\Python313\Lib\site-packages\rest_framework\request.py", line 227, in user
    self._authenticate()
    ~~~~~~~~~~~~~~~~~~^^
  File "C:\Users\user\AppData\Local\Programs\Python\Python313\Lib\site-packages\rest_framework\request.py", line 380, in _authenticate
    user_auth_tuple = authenticator.authenticate(self)
  File "C:\Users\user\Desktop\laba5\main\api_views.py", line 19, in authenticate
    if not request.user.is_authenticated:
           ^^^^^^^^^^^^
  File "C:\Users\user\AppData\Local\Programs\Python\Python313\Lib\site-packages\rest_framework\request.py", line 227, in user
    self._authenticate()
    ~~~~~~~~~~~~~~~~~~^^
  File "C:\Users\user\AppData\Local\Programs\Python\Python313\Lib\site-packages\rest_framework\request.py", line 380, in _authenticate
    user_auth_tuple = authenticator.authenticate(self)
  File "C:\Users\user\Desktop\laba5\main\api_views.py", line 19, in authenticate
    if not request.user.is_authenticated:
           ^^^^^^^^^^^^
  File "C:\Users\user\AppData\Local\Programs\Python\Python313\Lib\site-packages\rest_framework\request.py", line 227, in user
    self._authenticate()
    ~~~~~~~~~~~~~~~~~~^^
  File "C:\Users\user\AppData\Local\Programs\Python\Python313\Lib\site-packages\rest_framework\request.py", line 380, in _authenticate
    user_auth_tuple = authenticator.authenticate(self)
  File "C:\Users\user\Desktop\laba5\main\api_views.py", line 19, in authenticate
    if not request.user.is_authenticated:
           ^^^^^^^^^^^^
  File "C:\Users\user\AppData\Local\Programs\Python\Python313\Lib\site-packages\rest_framework\request.py", line 227, in user
    self._authenticate()
    ~~~~~~~~~~~~~~~~~~^^
  File "C:\Users\user\AppData\Local\Programs\Python\Python313\Lib\site-packages\rest_framework\request.py", line 380, in _authenticate
    user_auth_tuple = authenticator.authenticate(self)
  File "C:\Users\user\Desktop\laba5\main\api_views.py", line 19, in authenticate
    if not request.user.is_authenticated:
           ^^^^^^^^^^^^
  File "C:\Users\user\AppData\Local\Programs\Python\Python313\Lib\site-packages\rest_framework\request.py", line 227, in user
    self._authenticate()
    ~~~~~~~~~~~~~~~~~~^^
  File "C:\Users\user\AppData\Local\Programs\Python\Python313\Lib\site-packages\rest_framework\request.py", line 380, in _authenticate
    user_auth_tuple = authenticator.authenticate(self)
  File "C:\Users\user\Desktop\laba5\main\api_views.py", line 19, in authenticate
    if not request.user.is_authenticated:
           ^^^^^^^^^^^^
  File "C:\Users\user\AppData\Local\Programs\Python\Python313\Lib\site-packages\rest_framework\request.py", line 227, in user
    self._authenticate()
    ~~~~~~~~~~~~~~~~~~^^
  File "C:\Users\user\AppData\Local\Programs\Python\Python313\Lib\site-packages\rest_framework\request.py", line 380, in _authenticate
    user_auth_tuple = authenticator.authenticate(self)
  File "C:\Users\user\Desktop\laba5\main\api_views.py", line 19, in authenticate
    if not request.user.is_authenticated:
           ^^^^^^^^^^^^
  File "C:\Users\user\AppData\Local\Programs\Python\Python313\Lib\site-packages\rest_framework\request.py", line 227, in user
    self._authenticate()
    ~~~~~~~~~~~~~~~~~~^^
  File "C:\Users\user\AppData\Local\Programs\Python\Python313\Lib\site-packages\rest_framework\request.py", line 380, in _authenticate
    user_auth_tuple = authenticator.authenticate(self)
  File "C:\Users\user\Desktop\laba5\main\api_views.py", line 19, in authenticate
    if not request.user.is_authenticated:
           ^^^^^^^^^^^^
  File "C:\Users\user\AppData\Local\Programs\Python\Python313\Lib\site-packages\rest_framework\request.py", line 227, in user
    self._authenticate()
    ~~~~~~~~~~~~~~~~~~^^
  File "C:\Users\user\AppData\Local\Programs\Python\Python313\Lib\site-packages\rest_framework\request.py", line 380, in _authenticate
    user_auth_tuple = authenticator.authenticate(self)
  File "C:\Users\user\Desktop\laba5\main\api_views.py", line 19, in authenticate
    if not request.user.is_authenticated:
           ^^^^^^^^^^^^
  File "C:\Users\user\AppData\Local\Programs\Python\Python313\Lib\site-packages\rest_framework\request.py", line 227, in user
    self._authenticate()
    ~~~~~~~~~~~~~~~~~~^^
  File "C:\Users\user\AppData\Local\Programs\Python\Python313\Lib\site-packages\rest_framework\request.py", line 380, in _authenticate
    user_auth_tuple = authenticator.authenticate(self)
  File "C:\Users\user\Desktop\laba5\main\api_views.py", line 19, in authenticate
    if not request.user.is_authenticated:
           ^^^^^^^^^^^^
  File "C:\Users\user\AppData\Local\Programs\Python\Python313\Lib\site-packages\rest_framework\request.py", line 227, in user
    self._authenticate()
    ~~~~~~~~~~~~~~~~~~^^
  File "C:\Users\user\AppData\Local\Programs\Python\Python313\Lib\site-packages\rest_framework\request.py", line 380, in _authenticate
    user_auth_tuple = authenticator.authenticate(self)
  File "C:\Users\user\Desktop\laba5\main\api_views.py", line 19, in authenticate
    if not request.user.is_authenticated:
           ^^^^^^^^^^^^
  File "C:\Users\user\AppData\Local\Programs\Python\Python313\Lib\site-packages\rest_framework\request.py", line 227, in user
    self._authenticate()
    ~~~~~~~~~~~~~~~~~~^^
  File "C:\Users\user\AppData\Local\Programs\Python\Python313\Lib\site-packages\rest_framework\request.py", line 380, in _authenticate
    user_auth_tuple = authenticator.authenticate(self)
  File "C:\Users\user\Desktop\laba5\main\api_views.py", line 19, in authenticate
    if not request.user.is_authenticated:
           ^^^^^^^^^^^^
  File "C:\Users\user\AppData\Local\Programs\Python\Python313\Lib\site-packages\rest_framework\request.py", line 227, in user
    self._authenticate()
    ~~~~~~~~~~~~~~~~~~^^
  File "C:\Users\user\AppData\Local\Programs\Python\Python313\Lib\site-packages\rest_framework\request.py", line 380, in _authenticate
    user_auth_tuple = authenticator.authenticate(self)
  File "C:\Users\user\Desktop\laba5\main\api_views.py", line 19, in authenticate
    if not request.user.is_authenticated:
           ^^^^^^^^^^^^
  File "C:\Users\user\AppData\Local\Programs\Python\Python313\Lib\site-packages\rest_framework\request.py", line 227, in user
    self._authenticate()
    ~~~~~~~~~~~~~~~~~~^^
  File "C:\Users\user\AppData\Local\Programs\Python\Python313\Lib\site-packages\rest_framework\request.py", line 380, in _authenticate
    user_auth_tuple = authenticator.authenticate(self)
  File "C:\Users\user\Desktop\laba5\main\api_views.py", line 19, in authenticate
    if not request.user.is_authenticated:
           ^^^^^^^^^^^^
  File "C:\Users\user\AppData\Local\Programs\Python\Python313\Lib\site-packages\rest_framework\request.py", line 227, in user
    self._authenticate()
    ~~~~~~~~~~~~~~~~~~^^
  File "C:\Users\user\AppData\Local\Programs\Python\Python313\Lib\site-packages\rest_framework\request.py", line 380, in _authenticate
    user_auth_tuple = authenticator.authenticate(self)
  File "C:\Users\user\Desktop\laba5\main\api_views.py", line 19, in authenticate
    if not request.user.is_authenticated:
           ^^^^^^^^^^^^
  File "C:\Users\user\AppData\Local\Programs\Python\Python313\Lib\site-packages\rest_framework\request.py", line 227, in user
    self._authenticate()
    ~~~~~~~~~~~~~~~~~~^^
  File "C:\Users\user\AppData\Local\Programs\Python\Python313\Lib\site-packages\rest_framework\request.py", line 380, in _authenticate
    user_auth_tuple = authenticator.authenticate(self)
  File "C:\Users\user\Desktop\laba5\main\api_views.py", line 19, in authenticate
    if not request.user.is_authenticated:
           ^^^^^^^^^^^^
  File "C:\Users\user\AppData\Local\Programs\Python\Python313\Lib\site-packages\rest_framework\request.py", line 227, in user
    self._authenticate()
    ~~~~~~~~~~~~~~~~~~^^
  File "C:\Users\user\AppData\Local\Programs\Python\Python313\Lib\site-packages\rest_framework\request.py", line 380, in _authenticate
    user_auth_tuple = authenticator.authenticate(self)
  File "C:\Users\user\Desktop\laba5\main\api_views.py", line 19, in authenticate
    if not request.user.is_authenticated:
           ^^^^^^^^^^^^
  File "C:\Users\user\AppData\Local\Programs\Python\Python313\Lib\site-packages\rest_framework\request.py", line 227, in user
    self._authenticate()
    ~~~~~~~~~~~~~~~~~~^^
  File "C:\Users\user\AppData\Local\Programs\Python\Python313\Lib\site-packages\rest_framework\request.py", line 380, in _authenticate
    user_auth_tuple = authenticator.authenticate(self)
  File "C:\Users\user\Desktop\laba5\main\api_views.py", line 19, in authenticate
    if not request.user.is_authenticated:
           ^^^^^^^^^^^^
  File "C:\Users\user\AppData\Local\Programs\Python\Python313\Lib\site-packages\rest_framework\request.py", line 227, in user
    self._authenticate()
    ~~~~~~~~~~~~~~~~~~^^
  File "C:\Users\user\AppData\Local\Programs\Python\Python313\Lib\site-packages\rest_framework\request.py", line 380, in _authenticate
    user_auth_tuple = authenticator.authenticate(self)
  File "C:\Users\user\Desktop\laba5\main\api_views.py", line 19, in authenticate
    if not request.user.is_authenticated:
           ^^^^^^^^^^^^
  File "C:\Users\user\AppData\Local\Programs\Python\Python313\Lib\site-packages\rest_framework\request.py", line 227, in user
    self._authenticate()
    ~~~~~~~~~~~~~~~~~~^^
  File "C:\Users\user\AppData\Local\Programs\Python\Python313\Lib\site-packages\rest_framework\request.py", line 380, in _authenticate
    user_auth_tuple = authenticator.authenticate(self)
  File "C:\Users\user\Desktop\laba5\main\api_views.py", line 19, in authenticate
    if not request.user.is_authenticated:
           ^^^^^^^^^^^^
  File "C:\Users\user\AppData\Local\Programs\Python\Python313\Lib\site-packages\rest_framework\request.py", line 227, in user
    self._authenticate()
    ~~~~~~~~~~~~~~~~~~^^
  File "C:\Users\user\AppData\Local\Programs\Python\Python313\Lib\site-packages\rest_framework\request.py", line 380, in _authenticate
    user_auth_tuple = authenticator.authenticate(self)
  File "C:\Users\user\Desktop\laba5\main\api_views.py", line 19, in authenticate
    if not request.user.is_authenticated:
           ^^^^^^^^^^^^
  File "C:\Users\user\AppData\Local\Programs\Python\Python313\Lib\site-packages\rest_framework\request.py", line 227, in user
    self._authenticate()
    ~~~~~~~~~~~~~~~~~~^^
  File "C:\Users\user\AppData\Local\Programs\Python\Python313\Lib\site-packages\rest_framework\request.py", line 380, in _authenticate
    user_auth_tuple = authenticator.authenticate(self)
  File "C:\Users\user\Desktop\laba5\main\api_views.py", line 19, in authenticate
    if not request.user.is_authenticated:
           ^^^^^^^^^^^^
  File "C:\Users\user\AppData\Local\Programs\Python\Python313\Lib\site-packages\rest_framework\request.py", line 227, in user
    self._authenticate()
    ~~~~~~~~~~~~~~~~~~^^
  File "C:\Users\user\AppData\Local\Programs\Python\Python313\Lib\site-packages\rest_framework\request.py", line 380, in _authenticate
    user_auth_tuple = authenticator.authenticate(self)
  File "C:\Users\user\Desktop\laba5\main\api_views.py", line 19, in authenticate
    if not request.user.is_authenticated:
           ^^^^^^^^^^^^
  File "C:\Users\user\AppData\Local\Programs\Python\Python313\Lib\site-packages\rest_framework\request.py", line 227, in user
    self._authenticate()
    ~~~~~~~~~~~~~~~~~~^^
  File "C:\Users\user\AppData\Local\Programs\Python\Python313\Lib\site-packages\rest_framework\request.py", line 380, in _authenticate
    user_auth_tuple = authenticator.authenticate(self)
  File "C:\Users\user\Desktop\laba5\main\api_views.py", line 19, in authenticate
    if not request.user.is_authenticated:
           ^^^^^^^^^^^^
  File "C:\Users\user\AppData\Local\Programs\Python\Python313\Lib\site-packages\rest_framework\request.py", line 227, in user
    self._authenticate()
    ~~~~~~~~~~~~~~~~~~^^
  File "C:\Users\user\AppData\Local\Programs\Python\Python313\Lib\site-packages\rest_framework\request.py", line 380, in _authenticate
    user_auth_tuple = authenticator.authenticate(self)
  File "C:\Users\user\Desktop\laba5\main\api_views.py", line 19, in authenticate
    if not request.user.is_authenticated:
           ^^^^^^^^^^^^
  File "C:\Users\user\AppData\Local\Programs\Python\Python313\Lib\site-packages\rest_framework\request.py", line 227, in user
    self._authenticate()
    ~~~~~~~~~~~~~~~~~~^^
  File "C:\Users\user\AppData\Local\Programs\Python\Python313\Lib\site-packages\rest_framework\request.py", line 380, in _authenticate
    user_auth_tuple = authenticator.authenticate(self)
  File "C:\Users\user\Desktop\laba5\main\api_views.py", line 19, in authenticate
    if not request.user.is_authenticated:
           ^^^^^^^^^^^^
  File "C:\Users\user\AppData\Local\Programs\Python\Python313\Lib\site-packages\rest_framework\request.py", line 227, in user
    self._authenticate()
    ~~~~~~~~~~~~~~~~~~^^
  File "C:\Users\user\AppData\Local\Programs\Python\Python313\Lib\site-packages\rest_framework\request.py", line 380, in _authenticate
    user_auth_tuple = authenticator.authenticate(self)
  File "C:\Users\user\Desktop\laba5\main\api_views.py", line 19, in authenticate
    if not request.user.is_authenticated:
           ^^^^^^^^^^^^
  File "C:\Users\user\AppData\Local\Programs\Python\Python313\Lib\site-packages\rest_framework\request.py", line 227, in user
    self._authenticate()
    ~~~~~~~~~~~~~~~~~~^^
  File "C:\Users\user\AppData\Local\Programs\Python\Python313\Lib\site-packages\rest_framework\request.py", line 380, in _authenticate
    user_auth_tuple = authenticator.authenticate(self)
  File "C:\Users\user\Desktop\laba5\main\api_views.py", line 19, in authenticate
    if not request.user.is_authenticated:
           ^^^^^^^^^^^^
  File "C:\Users\user\AppData\Local\Programs\Python\Python313\Lib\site-packages\rest_framework\request.py", line 227, in user
    self._authenticate()
    ~~~~~~~~~~~~~~~~~~^^
  File "C:\Users\user\AppData\Local\Programs\Python\Python313\Lib\site-packages\rest_framework\request.py", line 380, in _authenticate
    user_auth_tuple = authenticator.authenticate(self)
  File "C:\Users\user\Desktop\laba5\main\api_views.py", line 19, in authenticate
    if not request.user.is_authenticated:
           ^^^^^^^^^^^^
  File "C:\Users\user\AppData\Local\Programs\Python\Python313\Lib\site-packages\rest_framework\request.py", line 227, in user
    self._authenticate()
    ~~~~~~~~~~~~~~~~~~^^
  File "C:\Users\user\AppData\Local\Programs\Python\Python313\Lib\site-packages\rest_framework\request.py", line 380, in _authenticate
    user_auth_tuple = authenticator.authenticate(self)
  File "C:\Users\user\Desktop\laba5\main\api_views.py", line 19, in authenticate
    if not request.user.is_authenticated:
           ^^^^^^^^^^^^
  File "C:\Users\user\AppData\Local\Programs\Python\Python313\Lib\site-packages\rest_framework\request.py", line 227, in user
    self._authenticate()
    ~~~~~~~~~~~~~~~~~~^^
  File "C:\Users\user\AppData\Local\Programs\Python\Python313\Lib\site-packages\rest_framework\request.py", line 380, in _authenticate
    user_auth_tuple = authenticator.authenticate(self)
  File "C:\Users\user\Desktop\laba5\main\api_views.py", line 19, in authenticate
    if not request.user.is_authenticated:
           ^^^^^^^^^^^^
  File "C:\Users\user\AppData\Local\Programs\Python\Python313\Lib\site-packages\rest_framework\request.py", line 227, in user
    self._authenticate()
    ~~~~~~~~~~~~~~~~~~^^
  File "C:\Users\user\AppData\Local\Programs\Python\Python313\Lib\site-packages\rest_framework\request.py", line 380, in _authenticate
    user_auth_tuple = authenticator.authenticate(self)
  File "C:\Users\user\Desktop\laba5\main\api_views.py", line 19, in authenticate
    if not request.user.is_authenticated:
           ^^^^^^^^^^^^
  File "C:\Users\user\AppData\Local\Programs\Python\Python313\Lib\site-packages\rest_framework\request.py", line 227, in user
    self._authenticate()
    ~~~~~~~~~~~~~~~~~~^^
  File "C:\Users\user\AppData\Local\Programs\Python\Python313\Lib\site-packages\rest_framework\request.py", line 380, in _authenticate
    user_auth_tuple = authenticator.authenticate(self)
  File "C:\Users\user\Desktop\laba5\main\api_views.py", line 19, in authenticate
    if not request.user.is_authenticated:
           ^^^^^^^^^^^^
  File "C:\Users\user\AppData\Local\Programs\Python\Python313\Lib\site-packages\rest_framework\request.py", line 227, in user
    self._authenticate()
    ~~~~~~~~~~~~~~~~~~^^
  File "C:\Users\user\AppData\Local\Programs\Python\Python313\Lib\site-packages\rest_framework\request.py", line 380, in _authenticate
    user_auth_tuple = authenticator.authenticate(self)
  File "C:\Users\user\Desktop\laba5\main\api_views.py", line 19, in authenticate
    if not request.user.is_authenticated:
           ^^^^^^^^^^^^
  File "C:\Users\user\AppData\Local\Programs\Python\Python313\Lib\site-packages\rest_framework\request.py", line 227, in user
    self._authenticate()
    ~~~~~~~~~~~~~~~~~~^^
  File "C:\Users\user\AppData\Local\Programs\Python\Python313\Lib\site-packages\rest_framework\request.py", line 380, in _authenticate
    user_auth_tuple = authenticator.authenticate(self)
  File "C:\Users\user\Desktop\laba5\main\api_views.py", line 19, in authenticate
    if not request.user.is_authenticated:
           ^^^^^^^^^^^^
  File "C:\Users\user\AppData\Local\Programs\Python\Python313\Lib\site-packages\rest_framework\request.py", line 227, in user
    self._authenticate()
    ~~~~~~~~~~~~~~~~~~^^
  File "C:\Users\user\AppData\Local\Programs\Python\Python313\Lib\site-packages\rest_framework\request.py", line 380, in _authenticate
    user_auth_tuple = authenticator.authenticate(self)
  File "C:\Users\user\Desktop\laba5\main\api_views.py", line 19, in authenticate
    if not request.user.is_authenticated:
           ^^^^^^^^^^^^
  File "C:\Users\user\AppData\Local\Programs\Python\Python313\Lib\site-packages\rest_framework\request.py", line 227, in user
    self._authenticate()
    ~~~~~~~~~~~~~~~~~~^^
  File "C:\Users\user\AppData\Local\Programs\Python\Python313\Lib\site-packages\rest_framework\request.py", line 380, in _authenticate
    user_auth_tuple = authenticator.authenticate(self)
  File "C:\Users\user\Desktop\laba5\main\api_views.py", line 19, in authenticate
    if not request.user.is_authenticated:
           ^^^^^^^^^^^^
  File "C:\Users\user\AppData\Local\Programs\Python\Python313\Lib\site-packages\rest_framework\request.py", line 227, in user
    self._authenticate()
    ~~~~~~~~~~~~~~~~~~^^
  File "C:\Users\user\AppData\Local\Programs\Python\Python313\Lib\site-packages\rest_framework\request.py", line 380, in _authenticate
    user_auth_tuple = authenticator.authenticate(self)
  File "C:\Users\user\Desktop\laba5\main\api_views.py", line 19, in authenticate
    if not request.user.is_authenticated:
           ^^^^^^^^^^^^
  File "C:\Users\user\AppData\Local\Programs\Python\Python313\Lib\site-packages\rest_framework\request.py", line 227, in user
    self._authenticate()
    ~~~~~~~~~~~~~~~~~~^^
  File "C:\Users\user\AppData\Local\Programs\Python\Python313\Lib\site-packages\rest_framework\request.py", line 380, in _authenticate
    user_auth_tuple = authenticator.authenticate(self)
  File "C:\Users\user\Desktop\laba5\main\api_views.py", line 19, in authenticate
    if not request.user.is_authenticated:
           ^^^^^^^^^^^^
  File "C:\Users\user\AppData\Local\Programs\Python\Python313\Lib\site-packages\rest_framework\request.py", line 227, in user
    self._authenticate()
    ~~~~~~~~~~~~~~~~~~^^
  File "C:\Users\user\AppData\Local\Programs\Python\Python313\Lib\site-packages\rest_framework\request.py", line 380, in _authenticate
    user_auth_tuple = authenticator.authenticate(self)
  File "C:\Users\user\Desktop\laba5\main\api_views.py", line 19, in authenticate
    if not request.user.is_authenticated:
           ^^^^^^^^^^^^
  File "C:\Users\user\AppData\Local\Programs\Python\Python313\Lib\site-packages\rest_framework\request.py", line 227, in user
    self._authenticate()
    ~~~~~~~~~~~~~~~~~~^^
  File "C:\Users\user\AppData\Local\Programs\Python\Python313\Lib\site-packages\rest_framework\request.py", line 380, in _authenticate
    user_auth_tuple = authenticator.authenticate(self)
  File "C:\Users\user\Desktop\laba5\main\api_views.py", line 19, in authenticate
    if not request.user.is_authenticated:
           ^^^^^^^^^^^^
  File "C:\Users\user\AppData\Local\Programs\Python\Python313\Lib\site-packages\rest_framework\request.py", line 227, in user
    self._authenticate()
    ~~~~~~~~~~~~~~~~~~^^
  File "C:\Users\user\AppData\Local\Programs\Python\Python313\Lib\site-packages\rest_framework\request.py", line 380, in _authenticate
    user_auth_tuple = authenticator.authenticate(self)
  File "C:\Users\user\Desktop\laba5\main\api_views.py", line 19, in authenticate
    if not request.user.is_authenticated:
           ^^^^^^^^^^^^
  File "C:\Users\user\AppData\Local\Programs\Python\Python313\Lib\site-packages\rest_framework\request.py", line 227, in user
    self._authenticate()
    ~~~~~~~~~~~~~~~~~~^^
  File "C:\Users\user\AppData\Local\Programs\Python\Python313\Lib\site-packages\rest_framework\request.py", line 380, in _authenticate
    user_auth_tuple = authenticator.authenticate(self)
  File "C:\Users\user\Desktop\laba5\main\api_views.py", line 19, in authenticate
    if not request.user.is_authenticated:
           ^^^^^^^^^^^^
  File "C:\Users\user\AppData\Local\Programs\Python\Python313\Lib\site-packages\rest_framework\request.py", line 227, in user
    self._authenticate()
    ~~~~~~~~~~~~~~~~~~^^
  File "C:\Users\user\AppData\Local\Programs\Python\Python313\Lib\site-packages\rest_framework\request.py", line 380, in _authenticate
    user_auth_tuple = authenticator.authenticate(self)
  File "C:\Users\user\Desktop\laba5\main\api_views.py", line 19, in authenticate
    if not request.user.is_authenticated:
           ^^^^^^^^^^^^
  File "C:\Users\user\AppData\Local\Programs\Python\Python313\Lib\site-packages\rest_framework\request.py", line 227, in user
    self._authenticate()
    ~~~~~~~~~~~~~~~~~~^^
  File "C:\Users\user\AppData\Local\Programs\Python\Python313\Lib\site-packages\rest_framework\request.py", line 380, in _authenticate
    user_auth_tuple = authenticator.authenticate(self)
  File "C:\Users\user\Desktop\laba5\main\api_views.py", line 19, in authenticate
    if not request.user.is_authenticated:
           ^^^^^^^^^^^^
  File "C:\Users\user\AppData\Local\Programs\Python\Python313\Lib\site-packages\rest_framework\request.py", line 227, in user
    self._authenticate()
    ~~~~~~~~~~~~~~~~~~^^
  File "C:\Users\user\AppData\Local\Programs\Python\Python313\Lib\site-packages\rest_framework\request.py", line 380, in _authenticate
    user_auth_tuple = authenticator.authenticate(self)
  File "C:\Users\user\Desktop\laba5\main\api_views.py", line 19, in authenticate
    if not request.user.is_authenticated:
           ^^^^^^^^^^^^
  File "C:\Users\user\AppData\Local\Programs\Python\Python313\Lib\site-packages\rest_framework\request.py", line 227, in user
    self._authenticate()
    ~~~~~~~~~~~~~~~~~~^^
  File "C:\Users\user\AppData\Local\Programs\Python\Python313\Lib\site-packages\rest_framework\request.py", line 380, in _authenticate
    user_auth_tuple = authenticator.authenticate(self)
  File "C:\Users\user\Desktop\laba5\main\api_views.py", line 19, in authenticate
    if not request.user.is_authenticated:
           ^^^^^^^^^^^^
  File "C:\Users\user\AppData\Local\Programs\Python\Python313\Lib\site-packages\rest_framework\request.py", line 227, in user
    self._authenticate()
    ~~~~~~~~~~~~~~~~~~^^
  File "C:\Users\user\AppData\Local\Programs\Python\Python313\Lib\site-packages\rest_framework\request.py", line 380, in _authenticate
    user_auth_tuple = authenticator.authenticate(self)
  File "C:\Users\user\Desktop\laba5\main\api_views.py", line 19, in authenticate
    if not request.user.is_authenticated:
           ^^^^^^^^^^^^
  File "C:\Users\user\AppData\Local\Programs\Python\Python313\Lib\site-packages\rest_framework\request.py", line 227, in user
    self._authenticate()
    ~~~~~~~~~~~~~~~~~~^^
  File "C:\Users\user\AppData\Local\Programs\Python\Python313\Lib\site-packages\rest_framework\request.py", line 380, in _authenticate
    user_auth_tuple = authenticator.authenticate(self)
  File "C:\Users\user\Desktop\laba5\main\api_views.py", line 19, in authenticate
    if not request.user.is_authenticated:
           ^^^^^^^^^^^^
  File "C:\Users\user\AppData\Local\Programs\Python\Python313\Lib\site-packages\rest_framework\request.py", line 227, in user
    self._authenticate()
    ~~~~~~~~~~~~~~~~~~^^
  File "C:\Users\user\AppData\Local\Programs\Python\Python313\Lib\site-packages\rest_framework\request.py", line 380, in _authenticate
    user_auth_tuple = authenticator.authenticate(self)
  File "C:\Users\user\Desktop\laba5\main\api_views.py", line 19, in authenticate
    if not request.user.is_authenticated:
           ^^^^^^^^^^^^
  File "C:\Users\user\AppData\Local\Programs\Python\Python313\Lib\site-packages\rest_framework\request.py", line 227, in user
    self._authenticate()
    ~~~~~~~~~~~~~~~~~~^^
  File "C:\Users\user\AppData\Local\Programs\Python\Python313\Lib\site-packages\rest_framework\request.py", line 380, in _authenticate
    user_auth_tuple = authenticator.authenticate(self)
  File "C:\Users\user\Desktop\laba5\main\api_views.py", line 19, in authenticate
    if not request.user.is_authenticated:
           ^^^^^^^^^^^^
  File "C:\Users\user\AppData\Local\Programs\Python\Python313\Lib\site-packages\rest_framework\request.py", line 227, in user
    self._authenticate()
    ~~~~~~~~~~~~~~~~~~^^
  File "C:\Users\user\AppData\Local\Programs\Python\Python313\Lib\site-packages\rest_framework\request.py", line 380, in _authenticate
    user_auth_tuple = authenticator.authenticate(self)
  File "C:\Users\user\Desktop\laba5\main\api_views.py", line 19, in authenticate
    if not request.user.is_authenticated:
           ^^^^^^^^^^^^
  File "C:\Users\user\AppData\Local\Programs\Python\Python313\Lib\site-packages\rest_framework\request.py", line 227, in user
    self._authenticate()
    ~~~~~~~~~~~~~~~~~~^^
  File "C:\Users\user\AppData\Local\Programs\Python\Python313\Lib\site-packages\rest_framework\request.py", line 380, in _authenticate
    user_auth_tuple = authenticator.authenticate(self)
  File "C:\Users\user\Desktop\laba5\main\api_views.py", line 19, in authenticate
    if not request.user.is_authenticated:
           ^^^^^^^^^^^^
  File "C:\Users\user\AppData\Local\Programs\Python\Python313\Lib\site-packages\rest_framework\request.py", line 227, in user
    self._authenticate()
    ~~~~~~~~~~~~~~~~~~^^
  File "C:\Users\user\AppData\Local\Programs\Python\Python313\Lib\site-packages\rest_framework\request.py", line 380, in _authenticate
    user_auth_tuple = authenticator.authenticate(self)
  File "C:\Users\user\Desktop\laba5\main\api_views.py", line 19, in authenticate
    if not request.user.is_authenticated:
           ^^^^^^^^^^^^
  File "C:\Users\user\AppData\Local\Programs\Python\Python313\Lib\site-packages\rest_framework\request.py", line 227, in user
    self._authenticate()
    ~~~~~~~~~~~~~~~~~~^^
  File "C:\Users\user\AppData\Local\Programs\Python\Python313\Lib\site-packages\rest_framework\request.py", line 380, in _authenticate
    user_auth_tuple = authenticator.authenticate(self)
  File "C:\Users\user\Desktop\laba5\main\api_views.py", line 19, in authenticate
    if not request.user.is_authenticated:
           ^^^^^^^^^^^^
  File "C:\Users\user\AppData\Local\Programs\Python\Python313\Lib\site-packages\rest_framework\request.py", line 227, in user
    self._authenticate()
    ~~~~~~~~~~~~~~~~~~^^
  File "C:\Users\user\AppData\Local\Programs\Python\Python313\Lib\site-packages\rest_framework\request.py", line 380, in _authenticate
    user_auth_tuple = authenticator.authenticate(self)
  File "C:\Users\user\Desktop\laba5\main\api_views.py", line 19, in authenticate
    if not request.user.is_authenticated:
           ^^^^^^^^^^^^
  File "C:\Users\user\AppData\Local\Programs\Python\Python313\Lib\site-packages\rest_framework\request.py", line 227, in user
    self._authenticate()
    ~~~~~~~~~~~~~~~~~~^^
  File "C:\Users\user\AppData\Local\Programs\Python\Python313\Lib\site-packages\rest_framework\request.py", line 380, in _authenticate
    user_auth_tuple = authenticator.authenticate(self)
  File "C:\Users\user\Desktop\laba5\main\api_views.py", line 19, in authenticate
    if not request.user.is_authenticated:
           ^^^^^^^^^^^^
  File "C:\Users\user\AppData\Local\Programs\Python\Python313\Lib\site-packages\rest_framework\request.py", line 227, in user
    self._authenticate()
    ~~~~~~~~~~~~~~~~~~^^
  File "C:\Users\user\AppData\Local\Programs\Python\Python313\Lib\site-packages\rest_framework\request.py", line 380, in _authenticate
    user_auth_tuple = authenticator.authenticate(self)
  File "C:\Users\user\Desktop\laba5\main\api_views.py", line 19, in authenticate
    if not request.user.is_authenticated:
           ^^^^^^^^^^^^
  File "C:\Users\user\AppData\Local\Programs\Python\Python313\Lib\site-packages\rest_framework\request.py", line 227, in user
    self._authenticate()
    ~~~~~~~~~~~~~~~~~~^^
  File "C:\Users\user\AppData\Local\Programs\Python\Python313\Lib\site-packages\rest_framework\request.py", line 380, in _authenticate
    user_auth_tuple = authenticator.authenticate(self)
  File "C:\Users\user\Desktop\laba5\main\api_views.py", line 19, in authenticate
    if not request.user.is_authenticated:
           ^^^^^^^^^^^^
  File "C:\Users\user\AppData\Local\Programs\Python\Python313\Lib\site-packages\rest_framework\request.py", line 227, in user
    self._authenticate()
    ~~~~~~~~~~~~~~~~~~^^
  File "C:\Users\user\AppData\Local\Programs\Python\Python313\Lib\site-packages\rest_framework\request.py", line 380, in _authenticate
    user_auth_tuple = authenticator.authenticate(self)
  File "C:\Users\user\Desktop\laba5\main\api_views.py", line 19, in authenticate
    if not request.user.is_authenticated:
           ^^^^^^^^^^^^
  File "C:\Users\user\AppData\Local\Programs\Python\Python313\Lib\site-packages\rest_framework\request.py", line 227, in user
    self._authenticate()
    ~~~~~~~~~~~~~~~~~~^^
  File "C:\Users\user\AppData\Local\Programs\Python\Python313\Lib\site-packages\rest_framework\request.py", line 380, in _authenticate
    user_auth_tuple = authenticator.authenticate(self)
  File "C:\Users\user\Desktop\laba5\main\api_views.py", line 19, in authenticate
    if not request.user.is_authenticated:
           ^^^^^^^^^^^^
  File "C:\Users\user\AppData\Local\Programs\Python\Python313\Lib\site-packages\rest_framework\request.py", line 227, in user
    self._authenticate()
    ~~~~~~~~~~~~~~~~~~^^
  File "C:\Users\user\AppData\Local\Programs\Python\Python313\Lib\site-packages\rest_framework\request.py", line 380, in _authenticate
    user_auth_tuple = authenticator.authenticate(self)
  File "C:\Users\user\Desktop\laba5\main\api_views.py", line 19, in authenticate
    if not request.user.is_authenticated:
           ^^^^^^^^^^^^
  File "C:\Users\user\AppData\Local\Programs\Python\Python313\Lib\site-packages\rest_framework\request.py", line 227, in user
    self._authenticate()
    ~~~~~~~~~~~~~~~~~~^^
  File "C:\Users\user\AppData\Local\Programs\Python\Python313\Lib\site-packages\rest_framework\request.py", line 380, in _authenticate
    user_auth_tuple = authenticator.authenticate(self)
  File "C:\Users\user\Desktop\laba5\main\api_views.py", line 19, in authenticate
    if not request.user.is_authenticated:
           ^^^^^^^^^^^^
  File "C:\Users\user\AppData\Local\Programs\Python\Python313\Lib\site-packages\rest_framework\request.py", line 227, in user
    self._authenticate()
    ~~~~~~~~~~~~~~~~~~^^
  File "C:\Users\user\AppData\Local\Programs\Python\Python313\Lib\site-packages\rest_framework\request.py", line 380, in _authenticate
    user_auth_tuple = authenticator.authenticate(self)
  File "C:\Users\user\Desktop\laba5\main\api_views.py", line 19, in authenticate
    if not request.user.is_authenticated:
           ^^^^^^^^^^^^
  File "C:\Users\user\AppData\Local\Programs\Python\Python313\Lib\site-packages\rest_framework\request.py", line 227, in user
    self._authenticate()
    ~~~~~~~~~~~~~~~~~~^^
  File "C:\Users\user\AppData\Local\Programs\Python\Python313\Lib\site-packages\rest_framework\request.py", line 380, in _authenticate
    user_auth_tuple = authenticator.authenticate(self)
  File "C:\Users\user\Desktop\laba5\main\api_views.py", line 19, in authenticate
    if not request.user.is_authenticated:
           ^^^^^^^^^^^^
  File "C:\Users\user\AppData\Local\Programs\Python\Python313\Lib\site-packages\rest_framework\request.py", line 227, in user
    self._authenticate()
    ~~~~~~~~~~~~~~~~~~^^
  File "C:\Users\user\AppData\Local\Programs\Python\Python313\Lib\site-packages\rest_framework\request.py", line 380, in _authenticate
    user_auth_tuple = authenticator.authenticate(self)
  File "C:\Users\user\Desktop\laba5\main\api_views.py", line 19, in authenticate
    if not request.user.is_authenticated:
           ^^^^^^^^^^^^
  File "C:\Users\user\AppData\Local\Programs\Python\Python313\Lib\site-packages\rest_framework\request.py", line 227, in user
    self._authenticate()
    ~~~~~~~~~~~~~~~~~~^^
  File "C:\Users\user\AppData\Local\Programs\Python\Python313\Lib\site-packages\rest_framework\request.py", line 380, in _authenticate
    user_auth_tuple = authenticator.authenticate(self)
  File "C:\Users\user\Desktop\laba5\main\api_views.py", line 19, in authenticate
    if not request.user.is_authenticated:
           ^^^^^^^^^^^^
  File "C:\Users\user\AppData\Local\Programs\Python\Python313\Lib\site-packages\rest_framework\request.py", line 227, in user
    self._authenticate()
    ~~~~~~~~~~~~~~~~~~^^
  File "C:\Users\user\AppData\Local\Programs\Python\Python313\Lib\site-packages\rest_framework\request.py", line 380, in _authenticate
    user_auth_tuple = authenticator.authenticate(self)
  File "C:\Users\user\Desktop\laba5\main\api_views.py", line 19, in authenticate
    if not request.user.is_authenticated:
           ^^^^^^^^^^^^
  File "C:\Users\user\AppData\Local\Programs\Python\Python313\Lib\site-packages\rest_framework\request.py", line 227, in user
    self._authenticate()
    ~~~~~~~~~~~~~~~~~~^^
  File "C:\Users\user\AppData\Local\Programs\Python\Python313\Lib\site-packages\rest_framework\request.py", line 380, in _authenticate
    user_auth_tuple = authenticator.authenticate(self)
  File "C:\Users\user\Desktop\laba5\main\api_views.py", line 19, in authenticate
    if not request.user.is_authenticated:
           ^^^^^^^^^^^^
  File "C:\Users\user\AppData\Local\Programs\Python\Python313\Lib\site-packages\rest_framework\request.py", line 227, in user
    self._authenticate()
    ~~~~~~~~~~~~~~~~~~^^
  File "C:\Users\user\AppData\Local\Programs\Python\Python313\Lib\site-packages\rest_framework\request.py", line 380, in _authenticate
    user_auth_tuple = authenticator.authenticate(self)
  File "C:\Users\user\Desktop\laba5\main\api_views.py", line 19, in authenticate
    if not request.user.is_authenticated:
           ^^^^^^^^^^^^
  File "C:\Users\user\AppData\Local\Programs\Python\Python313\Lib\site-packages\rest_framework\request.py", line 227, in user
    self._authenticate()
    ~~~~~~~~~~~~~~~~~~^^
  File "C:\Users\user\AppData\Local\Programs\Python\Python313\Lib\site-packages\rest_framework\request.py", line 380, in _authenticate
    user_auth_tuple = authenticator.authenticate(self)
  File "C:\Users\user\Desktop\laba5\main\api_views.py", line 19, in authenticate
    if not request.user.is_authenticated:
           ^^^^^^^^^^^^
  File "C:\Users\user\AppData\Local\Programs\Python\Python313\Lib\site-packages\rest_framework\request.py", line 227, in user
    self._authenticate()
    ~~~~~~~~~~~~~~~~~~^^
  File "C:\Users\user\AppData\Local\Programs\Python\Python313\Lib\site-packages\rest_framework\request.py", line 380, in _authenticate
    user_auth_tuple = authenticator.authenticate(self)
  File "C:\Users\user\Desktop\laba5\main\api_views.py", line 19, in authenticate
    if not request.user.is_authenticated:
           ^^^^^^^^^^^^
  File "C:\Users\user\AppData\Local\Programs\Python\Python313\Lib\site-packages\rest_framework\request.py", line 227, in user
    self._authenticate()
    ~~~~~~~~~~~~~~~~~~^^
  File "C:\Users\user\AppData\Local\Programs\Python\Python313\Lib\site-packages\rest_framework\request.py", line 380, in _authenticate
    user_auth_tuple = authenticator.authenticate(self)
  File "C:\Users\user\Desktop\laba5\main\api_views.py", line 19, in authenticate
    if not request.user.is_authenticated:
           ^^^^^^^^^^^^
  File "C:\Users\user\AppData\Local\Programs\Python\Python313\Lib\site-packages\rest_framework\request.py", line 227, in user
    self._authenticate()
    ~~~~~~~~~~~~~~~~~~^^
  File "C:\Users\user\AppData\Local\Programs\Python\Python313\Lib\site-packages\rest_framework\request.py", line 380, in _authenticate
    user_auth_tuple = authenticator.authenticate(self)
  File "C:\Users\user\Desktop\laba5\main\api_views.py", line 19, in authenticate
    if not request.user.is_authenticated:
           ^^^^^^^^^^^^
  File "C:\Users\user\AppData\Local\Programs\Python\Python313\Lib\site-packages\rest_framework\request.py", line 227, in user
    self._authenticate()
    ~~~~~~~~~~~~~~~~~~^^
  File "C:\Users\user\AppData\Local\Programs\Python\Python313\Lib\site-packages\rest_framework\request.py", line 380, in _authenticate
    user_auth_tuple = authenticator.authenticate(self)
  File "C:\Users\user\Desktop\laba5\main\api_views.py", line 19, in authenticate
    if not request.user.is_authenticated:
           ^^^^^^^^^^^^
  File "C:\Users\user\AppData\Local\Programs\Python\Python313\Lib\site-packages\rest_framework\request.py", line 227, in user
    self._authenticate()
    ~~~~~~~~~~~~~~~~~~^^
  File "C:\Users\user\AppData\Local\Programs\Python\Python313\Lib\site-packages\rest_framework\request.py", line 380, in _authenticate
    user_auth_tuple = authenticator.authenticate(self)
  File "C:\Users\user\Desktop\laba5\main\api_views.py", line 19, in authenticate
    if not request.user.is_authenticated:
           ^^^^^^^^^^^^
  File "C:\Users\user\AppData\Local\Programs\Python\Python313\Lib\site-packages\rest_framework\request.py", line 227, in user
    self._authenticate()
    ~~~~~~~~~~~~~~~~~~^^
  File "C:\Users\user\AppData\Local\Programs\Python\Python313\Lib\site-packages\rest_framework\request.py", line 380, in _authenticate
    user_auth_tuple = authenticator.authenticate(self)
  File "C:\Users\user\Desktop\laba5\main\api_views.py", line 19, in authenticate
    if not request.user.is_authenticated:
           ^^^^^^^^^^^^
  File "C:\Users\user\AppData\Local\Programs\Python\Python313\Lib\site-packages\rest_framework\request.py", line 227, in user
    self._authenticate()
    ~~~~~~~~~~~~~~~~~~^^
  File "C:\Users\user\AppData\Local\Programs\Python\Python313\Lib\site-packages\rest_framework\request.py", line 380, in _authenticate
    user_auth_tuple = authenticator.authenticate(self)
  File "C:\Users\user\Desktop\laba5\main\api_views.py", line 19, in authenticate
    if not request.user.is_authenticated:
           ^^^^^^^^^^^^
  File "C:\Users\user\AppData\Local\Programs\Python\Python313\Lib\site-packages\rest_framework\request.py", line 227, in user
    self._authenticate()
    ~~~~~~~~~~~~~~~~~~^^
  File "C:\Users\user\AppData\Local\Programs\Python\Python313\Lib\site-packages\rest_framework\request.py", line 380, in _authenticate
    user_auth_tuple = authenticator.authenticate(self)
  File "C:\Users\user\Desktop\laba5\main\api_views.py", line 19, in authenticate
    if not request.user.is_authenticated:
           ^^^^^^^^^^^^
  File "C:\Users\user\AppData\Local\Programs\Python\Python313\Lib\site-packages\rest_framework\request.py", line 227, in user
    self._authenticate()
    ~~~~~~~~~~~~~~~~~~^^
  File "C:\Users\user\AppData\Local\Programs\Python\Python313\Lib\site-packages\rest_framework\request.py", line 380, in _authenticate
    user_auth_tuple = authenticator.authenticate(self)
  File "C:\Users\user\Desktop\laba5\main\api_views.py", line 19, in authenticate
    if not request.user.is_authenticated:
           ^^^^^^^^^^^^
  File "C:\Users\user\AppData\Local\Programs\Python\Python313\Lib\site-packages\rest_framework\request.py", line 227, in user
    self._authenticate()
    ~~~~~~~~~~~~~~~~~~^^
  File "C:\Users\user\AppData\Local\Programs\Python\Python313\Lib\site-packages\rest_framework\request.py", line 380, in _authenticate
    user_auth_tuple = authenticator.authenticate(self)
  File "C:\Users\user\Desktop\laba5\main\api_views.py", line 19, in authenticate
    if not request.user.is_authenticated:
           ^^^^^^^^^^^^
  File "C:\Users\user\AppData\Local\Programs\Python\Python313\Lib\site-packages\rest_framework\request.py", line 227, in user
    self._authenticate()
    ~~~~~~~~~~~~~~~~~~^^
  File "C:\Users\user\AppData\Local\Programs\Python\Python313\Lib\site-packages\rest_framework\request.py", line 380, in _authenticate
    user_auth_tuple = authenticator.authenticate(self)
  File "C:\Users\user\Desktop\laba5\main\api_views.py", line 19, in authenticate
    if not request.user.is_authenticated:
           ^^^^^^^^^^^^
  File "C:\Users\user\AppData\Local\Programs\Python\Python313\Lib\site-packages\rest_framework\request.py", line 227, in user
    self._authenticate()
    ~~~~~~~~~~~~~~~~~~^^
  File "C:\Users\user\AppData\Local\Programs\Python\Python313\Lib\site-packages\rest_framework\request.py", line 380, in _authenticate
    user_auth_tuple = authenticator.authenticate(self)
  File "C:\Users\user\Desktop\laba5\main\api_views.py", line 19, in authenticate
    if not request.user.is_authenticated:
           ^^^^^^^^^^^^
  File "C:\Users\user\AppData\Local\Programs\Python\Python313\Lib\site-packages\rest_framework\request.py", line 227, in user
    self._authenticate()
    ~~~~~~~~~~~~~~~~~~^^
  File "C:\Users\user\AppData\Local\Programs\Python\Python313\Lib\site-packages\rest_framework\request.py", line 380, in _authenticate
    user_auth_tuple = authenticator.authenticate(self)
  File "C:\Users\user\Desktop\laba5\main\api_views.py", line 19, in authenticate
    if not request.user.is_authenticated:
           ^^^^^^^^^^^^
  File "C:\Users\user\AppData\Local\Programs\Python\Python313\Lib\site-packages\rest_framework\request.py", line 227, in user
    self._authenticate()
    ~~~~~~~~~~~~~~~~~~^^
  File "C:\Users\user\AppData\Local\Programs\Python\Python313\Lib\site-packages\rest_framework\request.py", line 380, in _authenticate
    user_auth_tuple = authenticator.authenticate(self)
  File "C:\Users\user\Desktop\laba5\main\api_views.py", line 19, in authenticate
    if not request.user.is_authenticated:
           ^^^^^^^^^^^^
  File "C:\Users\user\AppData\Local\Programs\Python\Python313\Lib\site-packages\rest_framework\request.py", line 227, in user
    self._authenticate()
    ~~~~~~~~~~~~~~~~~~^^
  File "C:\Users\user\AppData\Local\Programs\Python\Python313\Lib\site-packages\rest_framework\request.py", line 380, in _authenticate
    user_auth_tuple = authenticator.authenticate(self)
  File "C:\Users\user\Desktop\laba5\main\api_views.py", line 19, in authenticate
    if not request.user.is_authenticated:
           ^^^^^^^^^^^^
  File "C:\Users\user\AppData\Local\Programs\Python\Python313\Lib\site-packages\rest_framework\request.py", line 227, in user
    self._authenticate()
    ~~~~~~~~~~~~~~~~~~^^
  File "C:\Users\user\AppData\Local\Programs\Python\Python313\Lib\site-packages\rest_framework\request.py", line 380, in _authenticate
    user_auth_tuple = authenticator.authenticate(self)
  File "C:\Users\user\Desktop\laba5\main\api_views.py", line 19, in authenticate
    if not request.user.is_authenticated:
           ^^^^^^^^^^^^
  File "C:\Users\user\AppData\Local\Programs\Python\Python313\Lib\site-packages\rest_framework\request.py", line 227, in user
    self._authenticate()
    ~~~~~~~~~~~~~~~~~~^^
  File "C:\Users\user\AppData\Local\Programs\Python\Python313\Lib\site-packages\rest_framework\request.py", line 380, in _authenticate
    user_auth_tuple = authenticator.authenticate(self)
  File "C:\Users\user\Desktop\laba5\main\api_views.py", line 19, in authenticate
    if not request.user.is_authenticated:
           ^^^^^^^^^^^^
  File "C:\Users\user\AppData\Local\Programs\Python\Python313\Lib\site-packages\rest_framework\request.py", line 227, in user
    self._authenticate()
    ~~~~~~~~~~~~~~~~~~^^
  File "C:\Users\user\AppData\Local\Programs\Python\Python313\Lib\site-packages\rest_framework\request.py", line 380, in _authenticate
    user_auth_tuple = authenticator.authenticate(self)
  File "C:\Users\user\Desktop\laba5\main\api_views.py", line 19, in authenticate
    if not request.user.is_authenticated:
           ^^^^^^^^^^^^
  File "C:\Users\user\AppData\Local\Programs\Python\Python313\Lib\site-packages\rest_framework\request.py", line 227, in user
    self._authenticate()
    ~~~~~~~~~~~~~~~~~~^^
  File "C:\Users\user\AppData\Local\Programs\Python\Python313\Lib\site-packages\rest_framework\request.py", line 380, in _authenticate
    user_auth_tuple = authenticator.authenticate(self)
  File "C:\Users\user\Desktop\laba5\main\api_views.py", line 19, in authenticate
    if not request.user.is_authenticated:
           ^^^^^^^^^^^^
  File "C:\Users\user\AppData\Local\Programs\Python\Python313\Lib\site-packages\rest_framework\request.py", line 227, in user
    self._authenticate()
    ~~~~~~~~~~~~~~~~~~^^
  File "C:\Users\user\AppData\Local\Programs\Python\Python313\Lib\site-packages\rest_framework\request.py", line 380, in _authenticate
    user_auth_tuple = authenticator.authenticate(self)
  File "C:\Users\user\Desktop\laba5\main\api_views.py", line 19, in authenticate
    if not request.user.is_authenticated:
           ^^^^^^^^^^^^
  File "C:\Users\user\AppData\Local\Programs\Python\Python313\Lib\site-packages\rest_framework\request.py", line 227, in user
    self._authenticate()
    ~~~~~~~~~~~~~~~~~~^^
  File "C:\Users\user\AppData\Local\Programs\Python\Python313\Lib\site-packages\rest_framework\request.py", line 380, in _authenticate
    user_auth_tuple = authenticator.authenticate(self)
  File "C:\Users\user\Desktop\laba5\main\api_views.py", line 19, in authenticate
    if not request.user.is_authenticated:
           ^^^^^^^^^^^^
  File "C:\Users\user\AppData\Local\Programs\Python\Python313\Lib\site-packages\rest_framework\request.py", line 227, in user
    self._authenticate()
    ~~~~~~~~~~~~~~~~~~^^
  File "C:\Users\user\AppData\Local\Programs\Python\Python313\Lib\site-packages\rest_framework\request.py", line 380, in _authenticate
    user_auth_tuple = authenticator.authenticate(self)
  File "C:\Users\user\Desktop\laba5\main\api_views.py", line 19, in authenticate
    if not request.user.is_authenticated:
           ^^^^^^^^^^^^
  File "C:\Users\user\AppData\Local\Programs\Python\Python313\Lib\site-packages\rest_framework\request.py", line 227, in user
    self._authenticate()
    ~~~~~~~~~~~~~~~~~~^^
  File "C:\Users\user\AppData\Local\Programs\Python\Python313\Lib\site-packages\rest_framework\request.py", line 380, in _authenticate
    user_auth_tuple = authenticator.authenticate(self)
  File "C:\Users\user\Desktop\laba5\main\api_views.py", line 19, in authenticate
    if not request.user.is_authenticated:
           ^^^^^^^^^^^^
  File "C:\Users\user\AppData\Local\Programs\Python\Python313\Lib\site-packages\rest_framework\request.py", line 227, in user
    self._authenticate()
    ~~~~~~~~~~~~~~~~~~^^
  File "C:\Users\user\AppData\Local\Programs\Python\Python313\Lib\site-packages\rest_framework\request.py", line 380, in _authenticate
    user_auth_tuple = authenticator.authenticate(self)
  File "C:\Users\user\Desktop\laba5\main\api_views.py", line 19, in authenticate
    if not request.user.is_authenticated:
           ^^^^^^^^^^^^
  File "C:\Users\user\AppData\Local\Programs\Python\Python313\Lib\site-packages\rest_framework\request.py", line 227, in user
    self._authenticate()
    ~~~~~~~~~~~~~~~~~~^^
  File "C:\Users\user\AppData\Local\Programs\Python\Python313\Lib\site-packages\rest_framework\request.py", line 380, in _authenticate
    user_auth_tuple = authenticator.authenticate(self)
  File "C:\Users\user\Desktop\laba5\main\api_views.py", line 19, in authenticate
    if not request.user.is_authenticated:
           ^^^^^^^^^^^^
  File "C:\Users\user\AppData\Local\Programs\Python\Python313\Lib\site-packages\rest_framework\request.py", line 227, in user
    self._authenticate()
    ~~~~~~~~~~~~~~~~~~^^
  File "C:\Users\user\AppData\Local\Programs\Python\Python313\Lib\site-packages\rest_framework\request.py", line 380, in _authenticate
    user_auth_tuple = authenticator.authenticate(self)
  File "C:\Users\user\Desktop\laba5\main\api_views.py", line 19, in authenticate
    if not request.user.is_authenticated:
           ^^^^^^^^^^^^
  File "C:\Users\user\AppData\Local\Programs\Python\Python313\Lib\site-packages\rest_framework\request.py", line 227, in user
    self._authenticate()
    ~~~~~~~~~~~~~~~~~~^^
  File "C:\Users\user\AppData\Local\Programs\Python\Python313\Lib\site-packages\rest_framework\request.py", line 380, in _authenticate
    user_auth_tuple = authenticator.authenticate(self)
  File "C:\Users\user\Desktop\laba5\main\api_views.py", line 19, in authenticate
    if not request.user.is_authenticated:
           ^^^^^^^^^^^^
  File "C:\Users\user\AppData\Local\Programs\Python\Python313\Lib\site-packages\rest_framework\request.py", line 227, in user
    self._authenticate()
    ~~~~~~~~~~~~~~~~~~^^
  File "C:\Users\user\AppData\Local\Programs\Python\Python313\Lib\site-packages\rest_framework\request.py", line 380, in _authenticate
    user_auth_tuple = authenticator.authenticate(self)
  File "C:\Users\user\Desktop\laba5\main\api_views.py", line 19, in authenticate
    if not request.user.is_authenticated:
           ^^^^^^^^^^^^
  File "C:\Users\user\AppData\Local\Programs\Python\Python313\Lib\site-packages\rest_framework\request.py", line 227, in user
    self._authenticate()
    ~~~~~~~~~~~~~~~~~~^^
  File "C:\Users\user\AppData\Local\Programs\Python\Python313\Lib\site-packages\rest_framework\request.py", line 380, in _authenticate
    user_auth_tuple = authenticator.authenticate(self)
  File "C:\Users\user\Desktop\laba5\main\api_views.py", line 19, in authenticate
    if not request.user.is_authenticated:
           ^^^^^^^^^^^^
  File "C:\Users\user\AppData\Local\Programs\Python\Python313\Lib\site-packages\rest_framework\request.py", line 227, in user
    self._authenticate()
    ~~~~~~~~~~~~~~~~~~^^
  File "C:\Users\user\AppData\Local\Programs\Python\Python313\Lib\site-packages\rest_framework\request.py", line 380, in _authenticate
    user_auth_tuple = authenticator.authenticate(self)
  File "C:\Users\user\Desktop\laba5\main\api_views.py", line 19, in authenticate
    if not request.user.is_authenticated:
           ^^^^^^^^^^^^
  File "C:\Users\user\AppData\Local\Programs\Python\Python313\Lib\site-packages\rest_framework\request.py", line 227, in user
    self._authenticate()
    ~~~~~~~~~~~~~~~~~~^^
  File "C:\Users\user\AppData\Local\Programs\Python\Python313\Lib\site-packages\rest_framework\request.py", line 380, in _authenticate
    user_auth_tuple = authenticator.authenticate(self)
  File "C:\Users\user\Desktop\laba5\main\api_views.py", line 19, in authenticate
    if not request.user.is_authenticated:
           ^^^^^^^^^^^^
  File "C:\Users\user\AppData\Local\Programs\Python\Python313\Lib\site-packages\rest_framework\request.py", line 227, in user
    self._authenticate()
    ~~~~~~~~~~~~~~~~~~^^
  File "C:\Users\user\AppData\Local\Programs\Python\Python313\Lib\site-packages\rest_framework\request.py", line 380, in _authenticate
    user_auth_tuple = authenticator.authenticate(self)
  File "C:\Users\user\Desktop\laba5\main\api_views.py", line 19, in authenticate
    if not request.user.is_authenticated:
           ^^^^^^^^^^^^
  File "C:\Users\user\AppData\Local\Programs\Python\Python313\Lib\site-packages\rest_framework\request.py", line 227, in user
    self._authenticate()
    ~~~~~~~~~~~~~~~~~~^^
  File "C:\Users\user\AppData\Local\Programs\Python\Python313\Lib\site-packages\rest_framework\request.py", line 380, in _authenticate
    user_auth_tuple = authenticator.authenticate(self)
  File "C:\Users\user\Desktop\laba5\main\api_views.py", line 19, in authenticate
    if not request.user.is_authenticated:
           ^^^^^^^^^^^^
  File "C:\Users\user\AppData\Local\Programs\Python\Python313\Lib\site-packages\rest_framework\request.py", line 227, in user
    self._authenticate()
    ~~~~~~~~~~~~~~~~~~^^
  File "C:\Users\user\AppData\Local\Programs\Python\Python313\Lib\site-packages\rest_framework\request.py", line 380, in _authenticate
    user_auth_tuple = authenticator.authenticate(self)
  File "C:\Users\user\Desktop\laba5\main\api_views.py", line 19, in authenticate
    if not request.user.is_authenticated:
           ^^^^^^^^^^^^
  File "C:\Users\user\AppData\Local\Programs\Python\Python313\Lib\site-packages\rest_framework\request.py", line 227, in user
    self._authenticate()
    ~~~~~~~~~~~~~~~~~~^^
  File "C:\Users\user\AppData\Local\Programs\Python\Python313\Lib\site-packages\rest_framework\request.py", line 380, in _authenticate
    user_auth_tuple = authenticator.authenticate(self)
  File "C:\Users\user\Desktop\laba5\main\api_views.py", line 19, in authenticate
    if not request.user.is_authenticated:
           ^^^^^^^^^^^^
  File "C:\Users\user\AppData\Local\Programs\Python\Python313\Lib\site-packages\rest_framework\request.py", line 227, in user
    self._authenticate()
    ~~~~~~~~~~~~~~~~~~^^
  File "C:\Users\user\AppData\Local\Programs\Python\Python313\Lib\site-packages\rest_framework\request.py", line 380, in _authenticate
    user_auth_tuple = authenticator.authenticate(self)
  File "C:\Users\user\Desktop\laba5\main\api_views.py", line 19, in authenticate
    if not request.user.is_authenticated:
           ^^^^^^^^^^^^
  File "C:\Users\user\AppData\Local\Programs\Python\Python313\Lib\site-packages\rest_framework\request.py", line 227, in user
    self._authenticate()
    ~~~~~~~~~~~~~~~~~~^^
  File "C:\Users\user\AppData\Local\Programs\Python\Python313\Lib\site-packages\rest_framework\request.py", line 380, in _authenticate
    user_auth_tuple = authenticator.authenticate(self)
  File "C:\Users\user\Desktop\laba5\main\api_views.py", line 19, in authenticate
    if not request.user.is_authenticated:
           ^^^^^^^^^^^^
  File "C:\Users\user\AppData\Local\Programs\Python\Python313\Lib\site-packages\rest_framework\request.py", line 227, in user
    self._authenticate()
    ~~~~~~~~~~~~~~~~~~^^
  File "C:\Users\user\AppData\Local\Programs\Python\Python313\Lib\site-packages\rest_framework\request.py", line 380, in _authenticate
    user_auth_tuple = authenticator.authenticate(self)
  File "C:\Users\user\Desktop\laba5\main\api_views.py", line 19, in authenticate
    if not request.user.is_authenticated:
           ^^^^^^^^^^^^
  File "C:\Users\user\AppData\Local\Programs\Python\Python313\Lib\site-packages\rest_framework\request.py", line 227, in user
    self._authenticate()
    ~~~~~~~~~~~~~~~~~~^^
  File "C:\Users\user\AppData\Local\Programs\Python\Python313\Lib\site-packages\rest_framework\request.py", line 380, in _authenticate
    user_auth_tuple = authenticator.authenticate(self)
  File "C:\Users\user\Desktop\laba5\main\api_views.py", line 19, in authenticate
    if not request.user.is_authenticated:
           ^^^^^^^^^^^^
  File "C:\Users\user\AppData\Local\Programs\Python\Python313\Lib\site-packages\rest_framework\request.py", line 227, in user
    self._authenticate()
    ~~~~~~~~~~~~~~~~~~^^
  File "C:\Users\user\AppData\Local\Programs\Python\Python313\Lib\site-packages\rest_framework\request.py", line 380, in _authenticate
    user_auth_tuple = authenticator.authenticate(self)
  File "C:\Users\user\Desktop\laba5\main\api_views.py", line 19, in authenticate
    if not request.user.is_authenticated:
           ^^^^^^^^^^^^
  File "C:\Users\user\AppData\Local\Programs\Python\Python313\Lib\site-packages\rest_framework\request.py", line 227, in user
    self._authenticate()
    ~~~~~~~~~~~~~~~~~~^^
  File "C:\Users\user\AppData\Local\Programs\Python\Python313\Lib\site-packages\rest_framework\request.py", line 380, in _authenticate
    user_auth_tuple = authenticator.authenticate(self)
  File "C:\Users\user\Desktop\laba5\main\api_views.py", line 19, in authenticate
    if not request.user.is_authenticated:
           ^^^^^^^^^^^^
  File "C:\Users\user\AppData\Local\Programs\Python\Python313\Lib\site-packages\rest_framework\request.py", line 227, in user
    self._authenticate()
    ~~~~~~~~~~~~~~~~~~^^
  File "C:\Users\user\AppData\Local\Programs\Python\Python313\Lib\site-packages\rest_framework\request.py", line 380, in _authenticate
    user_auth_tuple = authenticator.authenticate(self)
  File "C:\Users\user\Desktop\laba5\main\api_views.py", line 19, in authenticate
    if not request.user.is_authenticated:
           ^^^^^^^^^^^^
  File "C:\Users\user\AppData\Local\Programs\Python\Python313\Lib\site-packages\rest_framework\request.py", line 227, in user
    self._authenticate()
    ~~~~~~~~~~~~~~~~~~^^
  File "C:\Users\user\AppData\Local\Programs\Python\Python313\Lib\site-packages\rest_framework\request.py", line 380, in _authenticate
    user_auth_tuple = authenticator.authenticate(self)
  File "C:\Users\user\Desktop\laba5\main\api_views.py", line 19, in authenticate
    if not request.user.is_authenticated:
           ^^^^^^^^^^^^
  File "C:\Users\user\AppData\Local\Programs\Python\Python313\Lib\site-packages\rest_framework\request.py", line 227, in user
    self._authenticate()
    ~~~~~~~~~~~~~~~~~~^^
  File "C:\Users\user\AppData\Local\Programs\Python\Python313\Lib\site-packages\rest_framework\request.py", line 380, in _authenticate
    user_auth_tuple = authenticator.authenticate(self)
  File "C:\Users\user\Desktop\laba5\main\api_views.py", line 19, in authenticate
    if not request.user.is_authenticated:
           ^^^^^^^^^^^^
  File "C:\Users\user\AppData\Local\Programs\Python\Python313\Lib\site-packages\rest_framework\request.py", line 227, in user
    self._authenticate()
    ~~~~~~~~~~~~~~~~~~^^
  File "C:\Users\user\AppData\Local\Programs\Python\Python313\Lib\site-packages\rest_framework\request.py", line 380, in _authenticate
    user_auth_tuple = authenticator.authenticate(self)
  File "C:\Users\user\Desktop\laba5\main\api_views.py", line 19, in authenticate
    if not request.user.is_authenticated:
           ^^^^^^^^^^^^
  File "C:\Users\user\AppData\Local\Programs\Python\Python313\Lib\site-packages\rest_framework\request.py", line 227, in user
    self._authenticate()
    ~~~~~~~~~~~~~~~~~~^^
  File "C:\Users\user\AppData\Local\Programs\Python\Python313\Lib\site-packages\rest_framework\request.py", line 380, in _authenticate
    user_auth_tuple = authenticator.authenticate(self)
  File "C:\Users\user\Desktop\laba5\main\api_views.py", line 19, in authenticate
    if not request.user.is_authenticated:
           ^^^^^^^^^^^^
  File "C:\Users\user\AppData\Local\Programs\Python\Python313\Lib\site-packages\rest_framework\request.py", line 227, in user
    self._authenticate()
    ~~~~~~~~~~~~~~~~~~^^
  File "C:\Users\user\AppData\Local\Programs\Python\Python313\Lib\site-packages\rest_framework\request.py", line 380, in _authenticate
    user_auth_tuple = authenticator.authenticate(self)
  File "C:\Users\user\Desktop\laba5\main\api_views.py", line 19, in authenticate
    if not request.user.is_authenticated:
           ^^^^^^^^^^^^
  File "C:\Users\user\AppData\Local\Programs\Python\Python313\Lib\site-packages\rest_framework\request.py", line 227, in user
    self._authenticate()
    ~~~~~~~~~~~~~~~~~~^^
  File "C:\Users\user\AppData\Local\Programs\Python\Python313\Lib\site-packages\rest_framework\request.py", line 380, in _authenticate
    user_auth_tuple = authenticator.authenticate(self)
  File "C:\Users\user\Desktop\laba5\main\api_views.py", line 19, in authenticate
    if not request.user.is_authenticated:
           ^^^^^^^^^^^^
  File "C:\Users\user\AppData\Local\Programs\Python\Python313\Lib\site-packages\rest_framework\request.py", line 227, in user
    self._authenticate()
    ~~~~~~~~~~~~~~~~~~^^
  File "C:\Users\user\AppData\Local\Programs\Python\Python313\Lib\site-packages\rest_framework\request.py", line 380, in _authenticate
    user_auth_tuple = authenticator.authenticate(self)
  File "C:\Users\user\Desktop\laba5\main\api_views.py", line 19, in authenticate
    if not request.user.is_authenticated:
           ^^^^^^^^^^^^
  File "C:\Users\user\AppData\Local\Programs\Python\Python313\Lib\site-packages\rest_framework\request.py", line 227, in user
    self._authenticate()
    ~~~~~~~~~~~~~~~~~~^^
  File "C:\Users\user\AppData\Local\Programs\Python\Python313\Lib\site-packages\rest_framework\request.py", line 380, in _authenticate
    user_auth_tuple = authenticator.authenticate(self)
  File "C:\Users\user\Desktop\laba5\main\api_views.py", line 19, in authenticate
    if not request.user.is_authenticated:
           ^^^^^^^^^^^^
  File "C:\Users\user\AppData\Local\Programs\Python\Python313\Lib\site-packages\rest_framework\request.py", line 227, in user
    self._authenticate()
    ~~~~~~~~~~~~~~~~~~^^
  File "C:\Users\user\AppData\Local\Programs\Python\Python313\Lib\site-packages\rest_framework\request.py", line 380, in _authenticate
    user_auth_tuple = authenticator.authenticate(self)
  File "C:\Users\user\Desktop\laba5\main\api_views.py", line 19, in authenticate
    if not request.user.is_authenticated:
           ^^^^^^^^^^^^
  File "C:\Users\user\AppData\Local\Programs\Python\Python313\Lib\site-packages\rest_framework\request.py", line 227, in user
    self._authenticate()
    ~~~~~~~~~~~~~~~~~~^^
  File "C:\Users\user\AppData\Local\Programs\Python\Python313\Lib\site-packages\rest_framework\request.py", line 380, in _authenticate
    user_auth_tuple = authenticator.authenticate(self)
  File "C:\Users\user\Desktop\laba5\main\api_views.py", line 19, in authenticate
    if not request.user.is_authenticated:
           ^^^^^^^^^^^^
  File "C:\Users\user\AppData\Local\Programs\Python\Python313\Lib\site-packages\rest_framework\request.py", line 227, in user
    self._authenticate()
    ~~~~~~~~~~~~~~~~~~^^
  File "C:\Users\user\AppData\Local\Programs\Python\Python313\Lib\site-packages\rest_framework\request.py", line 380, in _authenticate
    user_auth_tuple = authenticator.authenticate(self)
  File "C:\Users\user\Desktop\laba5\main\api_views.py", line 19, in authenticate
    if not request.user.is_authenticated:
           ^^^^^^^^^^^^
  File "C:\Users\user\AppData\Local\Programs\Python\Python313\Lib\site-packages\rest_framework\request.py", line 227, in user
    self._authenticate()
    ~~~~~~~~~~~~~~~~~~^^
  File "C:\Users\user\AppData\Local\Programs\Python\Python313\Lib\site-packages\rest_framework\request.py", line 380, in _authenticate
    user_auth_tuple = authenticator.authenticate(self)
  File "C:\Users\user\Desktop\laba5\main\api_views.py", line 19, in authenticate
    if not request.user.is_authenticated:
           ^^^^^^^^^^^^
  File "C:\Users\user\AppData\Local\Programs\Python\Python313\Lib\site-packages\rest_framework\request.py", line 227, in user
    self._authenticate()
    ~~~~~~~~~~~~~~~~~~^^
  File "C:\Users\user\AppData\Local\Programs\Python\Python313\Lib\site-packages\rest_framework\request.py", line 380, in _authenticate
    user_auth_tuple = authenticator.authenticate(self)
  File "C:\Users\user\Desktop\laba5\main\api_views.py", line 19, in authenticate
    if not request.user.is_authenticated:
           ^^^^^^^^^^^^
  File "C:\Users\user\AppData\Local\Programs\Python\Python313\Lib\site-packages\rest_framework\request.py", line 227, in user
    self._authenticate()
    ~~~~~~~~~~~~~~~~~~^^
  File "C:\Users\user\AppData\Local\Programs\Python\Python313\Lib\site-packages\rest_framework\request.py", line 380, in _authenticate
    user_auth_tuple = authenticator.authenticate(self)
  File "C:\Users\user\Desktop\laba5\main\api_views.py", line 19, in authenticate
    if not request.user.is_authenticated:
           ^^^^^^^^^^^^
  File "C:\Users\user\AppData\Local\Programs\Python\Python313\Lib\site-packages\rest_framework\request.py", line 227, in user
    self._authenticate()
    ~~~~~~~~~~~~~~~~~~^^
  File "C:\Users\user\AppData\Local\Programs\Python\Python313\Lib\site-packages\rest_framework\request.py", line 380, in _authenticate
    user_auth_tuple = authenticator.authenticate(self)
  File "C:\Users\user\Desktop\laba5\main\api_views.py", line 19, in authenticate
    if not request.user.is_authenticated:
           ^^^^^^^^^^^^
  File "C:\Users\user\AppData\Local\Programs\Python\Python313\Lib\site-packages\rest_framework\request.py", line 227, in user
    self._authenticate()
    ~~~~~~~~~~~~~~~~~~^^
  File "C:\Users\user\AppData\Local\Programs\Python\Python313\Lib\site-packages\rest_framework\request.py", line 380, in _authenticate
    user_auth_tuple = authenticator.authenticate(self)
  File "C:\Users\user\Desktop\laba5\main\api_views.py", line 19, in authenticate
    if not request.user.is_authenticated:
           ^^^^^^^^^^^^
  File "C:\Users\user\AppData\Local\Programs\Python\Python313\Lib\site-packages\rest_framework\request.py", line 227, in user
    self._authenticate()
    ~~~~~~~~~~~~~~~~~~^^
  File "C:\Users\user\AppData\Local\Programs\Python\Python313\Lib\site-packages\rest_framework\request.py", line 380, in _authenticate
    user_auth_tuple = authenticator.authenticate(self)
  File "C:\Users\user\Desktop\laba5\main\api_views.py", line 19, in authenticate
    if not request.user.is_authenticated:
           ^^^^^^^^^^^^
  File "C:\Users\user\AppData\Local\Programs\Python\Python313\Lib\site-packages\rest_framework\request.py", line 227, in user
    self._authenticate()
    ~~~~~~~~~~~~~~~~~~^^
  File "C:\Users\user\AppData\Local\Programs\Python\Python313\Lib\site-packages\rest_framework\request.py", line 380, in _authenticate
    user_auth_tuple = authenticator.authenticate(self)
  File "C:\Users\user\Desktop\laba5\main\api_views.py", line 19, in authenticate
    if not request.user.is_authenticated:
           ^^^^^^^^^^^^
  File "C:\Users\user\AppData\Local\Programs\Python\Python313\Lib\site-packages\rest_framework\request.py", line 227, in user
    self._authenticate()
    ~~~~~~~~~~~~~~~~~~^^
  File "C:\Users\user\AppData\Local\Programs\Python\Python313\Lib\site-packages\rest_framework\request.py", line 380, in _authenticate
    user_auth_tuple = authenticator.authenticate(self)
  File "C:\Users\user\Desktop\laba5\main\api_views.py", line 19, in authenticate
    if not request.user.is_authenticated:
           ^^^^^^^^^^^^
  File "C:\Users\user\AppData\Local\Programs\Python\Python313\Lib\site-packages\rest_framework\request.py", line 227, in user
    self._authenticate()
    ~~~~~~~~~~~~~~~~~~^^
  File "C:\Users\user\AppData\Local\Programs\Python\Python313\Lib\site-packages\rest_framework\request.py", line 380, in _authenticate
    user_auth_tuple = authenticator.authenticate(self)
  File "C:\Users\user\Desktop\laba5\main\api_views.py", line 19, in authenticate
    if not request.user.is_authenticated:
           ^^^^^^^^^^^^
  File "C:\Users\user\AppData\Local\Programs\Python\Python313\Lib\site-packages\rest_framework\request.py", line 227, in user
    self._authenticate()
    ~~~~~~~~~~~~~~~~~~^^
  File "C:\Users\user\AppData\Local\Programs\Python\Python313\Lib\site-packages\rest_framework\request.py", line 380, in _authenticate
    user_auth_tuple = authenticator.authenticate(self)
  File "C:\Users\user\Desktop\laba5\main\api_views.py", line 19, in authenticate
    if not request.user.is_authenticated:
           ^^^^^^^^^^^^
  File "C:\Users\user\AppData\Local\Programs\Python\Python313\Lib\site-packages\rest_framework\request.py", line 227, in user
    self._authenticate()
    ~~~~~~~~~~~~~~~~~~^^
  File "C:\Users\user\AppData\Local\Programs\Python\Python313\Lib\site-packages\rest_framework\request.py", line 380, in _authenticate
    user_auth_tuple = authenticator.authenticate(self)
  File "C:\Users\user\Desktop\laba5\main\api_views.py", line 19, in authenticate
    if not request.user.is_authenticated:
           ^^^^^^^^^^^^
  File "C:\Users\user\AppData\Local\Programs\Python\Python313\Lib\site-packages\rest_framework\request.py", line 227, in user
    self._authenticate()
    ~~~~~~~~~~~~~~~~~~^^
  File "C:\Users\user\AppData\Local\Programs\Python\Python313\Lib\site-packages\rest_framework\request.py", line 380, in _authenticate
    user_auth_tuple = authenticator.authenticate(self)
  File "C:\Users\user\Desktop\laba5\main\api_views.py", line 19, in authenticate
    if not request.user.is_authenticated:
           ^^^^^^^^^^^^
  File "C:\Users\user\AppData\Local\Programs\Python\Python313\Lib\site-packages\rest_framework\request.py", line 227, in user
    self._authenticate()
    ~~~~~~~~~~~~~~~~~~^^
  File "C:\Users\user\AppData\Local\Programs\Python\Python313\Lib\site-packages\rest_framework\request.py", line 380, in _authenticate
    user_auth_tuple = authenticator.authenticate(self)
  File "C:\Users\user\Desktop\laba5\main\api_views.py", line 19, in authenticate
    if not request.user.is_authenticated:
           ^^^^^^^^^^^^
  File "C:\Users\user\AppData\Local\Programs\Python\Python313\Lib\site-packages\rest_framework\request.py", line 227, in user
    self._authenticate()
    ~~~~~~~~~~~~~~~~~~^^
  File "C:\Users\user\AppData\Local\Programs\Python\Python313\Lib\site-packages\rest_framework\request.py", line 380, in _authenticate
    user_auth_tuple = authenticator.authenticate(self)
  File "C:\Users\user\Desktop\laba5\main\api_views.py", line 19, in authenticate
    if not request.user.is_authenticated:
           ^^^^^^^^^^^^
  File "C:\Users\user\AppData\Local\Programs\Python\Python313\Lib\site-packages\rest_framework\request.py", line 226, in user
    with wrap_attributeerrors():
         ~~~~~~~~~~~~~~~~~~~~^^
  File "C:\Users\user\AppData\Local\Programs\Python\Python313\Lib\contextlib.py", line 305, in helper
    return _GeneratorContextManager(func, args, kwds)
  File "C:\Users\user\AppData\Local\Programs\Python\Python313\Lib\contextlib.py", line 109, in __init__
    self.gen = func(*args, **kwds)
               ~~~~^^^^^^^^^^^^^^^
RecursionError: maximum recursion depth exceeded
ERROR 2025-05-26 20:51:24,262 log 8904 7528 Internal Server Error: /api/vehicle-types/
Traceback (most recent call last):
  File "C:\Users\user\AppData\Local\Programs\Python\Python313\Lib\site-packages\rest_framework\views.py", line 497, in dispatch
    self.initial(request, *args, **kwargs)
    ~~~~~~~~~~~~^^^^^^^^^^^^^^^^^^^^^^^^^^
  File "C:\Users\user\AppData\Local\Programs\Python\Python313\Lib\site-packages\rest_framework\views.py", line 415, in initial
    self.check_permissions(request)
    ~~~~~~~~~~~~~~~~~~~~~~^^^^^^^^^
  File "C:\Users\user\AppData\Local\Programs\Python\Python313\Lib\site-packages\rest_framework\views.py", line 333, in check_permissions
    self.permission_denied(
    ~~~~~~~~~~~~~~~~~~~~~~^
        request,
        ^^^^^^^^
        message=getattr(permission, 'message', None),
        ^^^^^^^^^^^^^^^^^^^^^^^^^^^^^^^^^^^^^^^^^^^^^
        code=getattr(permission, 'code', None)
        ^^^^^^^^^^^^^^^^^^^^^^^^^^^^^^^^^^^^^^
    )
    ^
  File "C:\Users\user\AppData\Local\Programs\Python\Python313\Lib\site-packages\rest_framework\views.py", line 174, in permission_denied
    raise exceptions.NotAuthenticated()
rest_framework.exceptions.NotAuthenticated: Authentication credentials were not provided.

During handling of the above exception, another exception occurred:

Traceback (most recent call last):
  File "C:\Users\user\AppData\Local\Programs\Python\Python313\Lib\site-packages\django\core\handlers\exception.py", line 55, in inner
    response = get_response(request)
  File "C:\Users\user\AppData\Local\Programs\Python\Python313\Lib\site-packages\django\core\handlers\base.py", line 197, in _get_response
    response = wrapped_callback(request, *callback_args, **callback_kwargs)
  File "C:\Users\user\AppData\Local\Programs\Python\Python313\Lib\site-packages\django\views\decorators\csrf.py", line 65, in _view_wrapper
    return view_func(request, *args, **kwargs)
  File "C:\Users\user\AppData\Local\Programs\Python\Python313\Lib\site-packages\rest_framework\viewsets.py", line 125, in view
    return self.dispatch(request, *args, **kwargs)
           ~~~~~~~~~~~~~^^^^^^^^^^^^^^^^^^^^^^^^^^
  File "C:\Users\user\AppData\Local\Programs\Python\Python313\Lib\site-packages\rest_framework\views.py", line 509, in dispatch
    response = self.handle_exception(exc)
  File "C:\Users\user\Desktop\laba5\main\api_views.py", line 37, in handle_exception
    raise NotAuthenticated()
rest_framework.exceptions.NotAuthenticated: Authentication credentials were not provided.
ERROR 2025-05-26 20:51:59,168 log 12436 5320 Internal Server Error: /api/vehicle-types/
Traceback (most recent call last):
  File "C:\Users\user\AppData\Local\Programs\Python\Python313\Lib\site-packages\rest_framework\views.py", line 497, in dispatch
    self.initial(request, *args, **kwargs)
    ~~~~~~~~~~~~^^^^^^^^^^^^^^^^^^^^^^^^^^
  File "C:\Users\user\AppData\Local\Programs\Python\Python313\Lib\site-packages\rest_framework\views.py", line 415, in initial
    self.check_permissions(request)
    ~~~~~~~~~~~~~~~~~~~~~~^^^^^^^^^
  File "C:\Users\user\AppData\Local\Programs\Python\Python313\Lib\site-packages\rest_framework\views.py", line 332, in check_permissions
    if not permission.has_permission(request, self):
           ~~~~~~~~~~~~~~~~~~~~~~~~~^^^^^^^^^^^^^^^
  File "C:\Users\user\Desktop\laba5\main\api_views.py", line 21, in has_permission
    raise NotAuthenticated()
rest_framework.exceptions.NotAuthenticated: Authentication credentials were not provided.

During handling of the above exception, another exception occurred:

Traceback (most recent call last):
  File "C:\Users\user\AppData\Local\Programs\Python\Python313\Lib\site-packages\django\core\handlers\exception.py", line 55, in inner
    response = get_response(request)
  File "C:\Users\user\AppData\Local\Programs\Python\Python313\Lib\site-packages\django\core\handlers\base.py", line 197, in _get_response
    response = wrapped_callback(request, *callback_args, **callback_kwargs)
  File "C:\Users\user\AppData\Local\Programs\Python\Python313\Lib\site-packages\django\views\decorators\csrf.py", line 65, in _view_wrapper
    return view_func(request, *args, **kwargs)
  File "C:\Users\user\AppData\Local\Programs\Python\Python313\Lib\site-packages\rest_framework\viewsets.py", line 125, in view
    return self.dispatch(request, *args, **kwargs)
           ~~~~~~~~~~~~~^^^^^^^^^^^^^^^^^^^^^^^^^^
  File "C:\Users\user\AppData\Local\Programs\Python\Python313\Lib\site-packages\rest_framework\views.py", line 509, in dispatch
    response = self.handle_exception(exc)
  File "C:\Users\user\Desktop\laba5\main\api_views.py", line 38, in handle_exception
    raise NotAuthenticated()
rest_framework.exceptions.NotAuthenticated: Authentication credentials were not provided.
ERROR 2025-05-26 20:53:41,666 log 20976 14868 Internal Server Error: /api/vehicle-types/
Traceback (most recent call last):
  File "C:\Users\user\AppData\Local\Programs\Python\Python313\Lib\site-packages\rest_framework\views.py", line 497, in dispatch
    self.initial(request, *args, **kwargs)
    ~~~~~~~~~~~~^^^^^^^^^^^^^^^^^^^^^^^^^^
  File "C:\Users\user\AppData\Local\Programs\Python\Python313\Lib\site-packages\rest_framework\views.py", line 415, in initial
    self.check_permissions(request)
    ~~~~~~~~~~~~~~~~~~~~~~^^^^^^^^^
  File "C:\Users\user\AppData\Local\Programs\Python\Python313\Lib\site-packages\rest_framework\views.py", line 332, in check_permissions
    if not permission.has_permission(request, self):
           ~~~~~~~~~~~~~~~~~~~~~~~~~^^^^^^^^^^^^^^^
  File "C:\Users\user\Desktop\laba5\main\api_views.py", line 21, in has_permission
    raise NotAuthenticated()
rest_framework.exceptions.NotAuthenticated: Authentication credentials were not provided.

During handling of the above exception, another exception occurred:

Traceback (most recent call last):
  File "C:\Users\user\AppData\Local\Programs\Python\Python313\Lib\site-packages\django\core\handlers\exception.py", line 55, in inner
    response = get_response(request)
  File "C:\Users\user\AppData\Local\Programs\Python\Python313\Lib\site-packages\django\core\handlers\base.py", line 197, in _get_response
    response = wrapped_callback(request, *callback_args, **callback_kwargs)
  File "C:\Users\user\AppData\Local\Programs\Python\Python313\Lib\site-packages\django\views\decorators\csrf.py", line 65, in _view_wrapper
    return view_func(request, *args, **kwargs)
  File "C:\Users\user\AppData\Local\Programs\Python\Python313\Lib\site-packages\rest_framework\viewsets.py", line 125, in view
    return self.dispatch(request, *args, **kwargs)
           ~~~~~~~~~~~~~^^^^^^^^^^^^^^^^^^^^^^^^^^
  File "C:\Users\user\AppData\Local\Programs\Python\Python313\Lib\site-packages\rest_framework\views.py", line 509, in dispatch
    response = self.handle_exception(exc)
  File "C:\Users\user\Desktop\laba5\main\api_views.py", line 38, in handle_exception
    raise NotAuthenticated()
rest_framework.exceptions.NotAuthenticated: Authentication credentials were not provided.
ERROR 2025-05-26 20:54:21,945 log 2624 9752 Internal Server Error: /api/vehicle-types/
Traceback (most recent call last):
  File "C:\Users\user\AppData\Local\Programs\Python\Python313\Lib\site-packages\rest_framework\views.py", line 497, in dispatch
    self.initial(request, *args, **kwargs)
    ~~~~~~~~~~~~^^^^^^^^^^^^^^^^^^^^^^^^^^
  File "C:\Users\user\AppData\Local\Programs\Python\Python313\Lib\site-packages\rest_framework\views.py", line 415, in initial
    self.check_permissions(request)
    ~~~~~~~~~~~~~~~~~~~~~~^^^^^^^^^
  File "C:\Users\user\AppData\Local\Programs\Python\Python313\Lib\site-packages\rest_framework\views.py", line 333, in check_permissions
    self.permission_denied(
    ~~~~~~~~~~~~~~~~~~~~~~^
        request,
        ^^^^^^^^
        message=getattr(permission, 'message', None),
        ^^^^^^^^^^^^^^^^^^^^^^^^^^^^^^^^^^^^^^^^^^^^^
        code=getattr(permission, 'code', None)
        ^^^^^^^^^^^^^^^^^^^^^^^^^^^^^^^^^^^^^^
    )
    ^
  File "C:\Users\user\AppData\Local\Programs\Python\Python313\Lib\site-packages\rest_framework\views.py", line 174, in permission_denied
    raise exceptions.NotAuthenticated()
rest_framework.exceptions.NotAuthenticated: Authentication credentials were not provided.

During handling of the above exception, another exception occurred:

Traceback (most recent call last):
  File "C:\Users\user\AppData\Local\Programs\Python\Python313\Lib\site-packages\django\core\handlers\exception.py", line 55, in inner
    response = get_response(request)
  File "C:\Users\user\AppData\Local\Programs\Python\Python313\Lib\site-packages\django\core\handlers\base.py", line 197, in _get_response
    response = wrapped_callback(request, *callback_args, **callback_kwargs)
  File "C:\Users\user\AppData\Local\Programs\Python\Python313\Lib\site-packages\django\views\decorators\csrf.py", line 65, in _view_wrapper
    return view_func(request, *args, **kwargs)
  File "C:\Users\user\AppData\Local\Programs\Python\Python313\Lib\site-packages\rest_framework\viewsets.py", line 125, in view
    return self.dispatch(request, *args, **kwargs)
           ~~~~~~~~~~~~~^^^^^^^^^^^^^^^^^^^^^^^^^^
  File "C:\Users\user\AppData\Local\Programs\Python\Python313\Lib\site-packages\rest_framework\views.py", line 509, in dispatch
    response = self.handle_exception(exc)
  File "C:\Users\user\Desktop\laba5\main\api_views.py", line 38, in handle_exception
    raise NotAuthenticated()
rest_framework.exceptions.NotAuthenticated: Authentication credentials were not provided.
ERROR 2025-05-26 20:57:10,880 log 12648 11704 Internal Server Error: /api/vehicle-types/
Traceback (most recent call last):
  File "C:\Users\user\AppData\Local\Programs\Python\Python313\Lib\site-packages\django\core\handlers\exception.py", line 55, in inner
    response = get_response(request)
  File "C:\Users\user\AppData\Local\Programs\Python\Python313\Lib\site-packages\django\core\handlers\base.py", line 197, in _get_response
    response = wrapped_callback(request, *callback_args, **callback_kwargs)
  File "C:\Users\user\AppData\Local\Programs\Python\Python313\Lib\site-packages\django\views\decorators\csrf.py", line 65, in _view_wrapper
    return view_func(request, *args, **kwargs)
  File "C:\Users\user\AppData\Local\Programs\Python\Python313\Lib\site-packages\rest_framework\viewsets.py", line 125, in view
    return self.dispatch(request, *args, **kwargs)
           ~~~~~~~~~~~~~^^^^^^^^^^^^^^^^^^^^^^^^^^
  File "C:\Users\user\AppData\Local\Programs\Python\Python313\Lib\site-packages\rest_framework\views.py", line 509, in dispatch
    response = self.handle_exception(exc)
  File "C:\Users\user\AppData\Local\Programs\Python\Python313\Lib\site-packages\rest_framework\views.py", line 469, in handle_exception
    self.raise_uncaught_exception(exc)
    ~~~~~~~~~~~~~~~~~~~~~~~~~~~~~^^^^^
  File "C:\Users\user\AppData\Local\Programs\Python\Python313\Lib\site-packages\rest_framework\views.py", line 480, in raise_uncaught_exception
    raise exc
  File "C:\Users\user\AppData\Local\Programs\Python\Python313\Lib\site-packages\rest_framework\views.py", line 497, in dispatch
    self.initial(request, *args, **kwargs)
    ~~~~~~~~~~~~^^^^^^^^^^^^^^^^^^^^^^^^^^
  File "C:\Users\user\AppData\Local\Programs\Python\Python313\Lib\site-packages\rest_framework\views.py", line 414, in initial
    self.perform_authentication(request)
    ~~~~~~~~~~~~~~~~~~~~~~~~~~~^^^^^^^^^
  File "C:\Users\user\AppData\Local\Programs\Python\Python313\Lib\site-packages\rest_framework\views.py", line 324, in perform_authentication
    request.user
  File "C:\Users\user\AppData\Local\Programs\Python\Python313\Lib\site-packages\rest_framework\request.py", line 227, in user
    self._authenticate()
    ~~~~~~~~~~~~~~~~~~^^
  File "C:\Users\user\AppData\Local\Programs\Python\Python313\Lib\site-packages\rest_framework\request.py", line 380, in _authenticate
    user_auth_tuple = authenticator.authenticate(self)
  File "C:\Users\user\Desktop\laba5\main\api_views.py", line 19, in authenticate
    if not request.user.is_authenticated:
           ^^^^^^^^^^^^
  File "C:\Users\user\AppData\Local\Programs\Python\Python313\Lib\site-packages\rest_framework\request.py", line 227, in user
    self._authenticate()
    ~~~~~~~~~~~~~~~~~~^^
  File "C:\Users\user\AppData\Local\Programs\Python\Python313\Lib\site-packages\rest_framework\request.py", line 380, in _authenticate
    user_auth_tuple = authenticator.authenticate(self)
  File "C:\Users\user\Desktop\laba5\main\api_views.py", line 19, in authenticate
    if not request.user.is_authenticated:
           ^^^^^^^^^^^^
  File "C:\Users\user\AppData\Local\Programs\Python\Python313\Lib\site-packages\rest_framework\request.py", line 227, in user
    self._authenticate()
    ~~~~~~~~~~~~~~~~~~^^
  File "C:\Users\user\AppData\Local\Programs\Python\Python313\Lib\site-packages\rest_framework\request.py", line 380, in _authenticate
    user_auth_tuple = authenticator.authenticate(self)
  File "C:\Users\user\Desktop\laba5\main\api_views.py", line 19, in authenticate
    if not request.user.is_authenticated:
           ^^^^^^^^^^^^
  File "C:\Users\user\AppData\Local\Programs\Python\Python313\Lib\site-packages\rest_framework\request.py", line 227, in user
    self._authenticate()
    ~~~~~~~~~~~~~~~~~~^^
  File "C:\Users\user\AppData\Local\Programs\Python\Python313\Lib\site-packages\rest_framework\request.py", line 380, in _authenticate
    user_auth_tuple = authenticator.authenticate(self)
  File "C:\Users\user\Desktop\laba5\main\api_views.py", line 19, in authenticate
    if not request.user.is_authenticated:
           ^^^^^^^^^^^^
  File "C:\Users\user\AppData\Local\Programs\Python\Python313\Lib\site-packages\rest_framework\request.py", line 227, in user
    self._authenticate()
    ~~~~~~~~~~~~~~~~~~^^
  File "C:\Users\user\AppData\Local\Programs\Python\Python313\Lib\site-packages\rest_framework\request.py", line 380, in _authenticate
    user_auth_tuple = authenticator.authenticate(self)
  File "C:\Users\user\Desktop\laba5\main\api_views.py", line 19, in authenticate
    if not request.user.is_authenticated:
           ^^^^^^^^^^^^
  File "C:\Users\user\AppData\Local\Programs\Python\Python313\Lib\site-packages\rest_framework\request.py", line 227, in user
    self._authenticate()
    ~~~~~~~~~~~~~~~~~~^^
  File "C:\Users\user\AppData\Local\Programs\Python\Python313\Lib\site-packages\rest_framework\request.py", line 380, in _authenticate
    user_auth_tuple = authenticator.authenticate(self)
  File "C:\Users\user\Desktop\laba5\main\api_views.py", line 19, in authenticate
    if not request.user.is_authenticated:
           ^^^^^^^^^^^^
  File "C:\Users\user\AppData\Local\Programs\Python\Python313\Lib\site-packages\rest_framework\request.py", line 227, in user
    self._authenticate()
    ~~~~~~~~~~~~~~~~~~^^
  File "C:\Users\user\AppData\Local\Programs\Python\Python313\Lib\site-packages\rest_framework\request.py", line 380, in _authenticate
    user_auth_tuple = authenticator.authenticate(self)
  File "C:\Users\user\Desktop\laba5\main\api_views.py", line 19, in authenticate
    if not request.user.is_authenticated:
           ^^^^^^^^^^^^
  File "C:\Users\user\AppData\Local\Programs\Python\Python313\Lib\site-packages\rest_framework\request.py", line 227, in user
    self._authenticate()
    ~~~~~~~~~~~~~~~~~~^^
  File "C:\Users\user\AppData\Local\Programs\Python\Python313\Lib\site-packages\rest_framework\request.py", line 380, in _authenticate
    user_auth_tuple = authenticator.authenticate(self)
  File "C:\Users\user\Desktop\laba5\main\api_views.py", line 19, in authenticate
    if not request.user.is_authenticated:
           ^^^^^^^^^^^^
  File "C:\Users\user\AppData\Local\Programs\Python\Python313\Lib\site-packages\rest_framework\request.py", line 227, in user
    self._authenticate()
    ~~~~~~~~~~~~~~~~~~^^
  File "C:\Users\user\AppData\Local\Programs\Python\Python313\Lib\site-packages\rest_framework\request.py", line 380, in _authenticate
    user_auth_tuple = authenticator.authenticate(self)
  File "C:\Users\user\Desktop\laba5\main\api_views.py", line 19, in authenticate
    if not request.user.is_authenticated:
           ^^^^^^^^^^^^
  File "C:\Users\user\AppData\Local\Programs\Python\Python313\Lib\site-packages\rest_framework\request.py", line 227, in user
    self._authenticate()
    ~~~~~~~~~~~~~~~~~~^^
  File "C:\Users\user\AppData\Local\Programs\Python\Python313\Lib\site-packages\rest_framework\request.py", line 380, in _authenticate
    user_auth_tuple = authenticator.authenticate(self)
  File "C:\Users\user\Desktop\laba5\main\api_views.py", line 19, in authenticate
    if not request.user.is_authenticated:
           ^^^^^^^^^^^^
  File "C:\Users\user\AppData\Local\Programs\Python\Python313\Lib\site-packages\rest_framework\request.py", line 227, in user
    self._authenticate()
    ~~~~~~~~~~~~~~~~~~^^
  File "C:\Users\user\AppData\Local\Programs\Python\Python313\Lib\site-packages\rest_framework\request.py", line 380, in _authenticate
    user_auth_tuple = authenticator.authenticate(self)
  File "C:\Users\user\Desktop\laba5\main\api_views.py", line 19, in authenticate
    if not request.user.is_authenticated:
           ^^^^^^^^^^^^
  File "C:\Users\user\AppData\Local\Programs\Python\Python313\Lib\site-packages\rest_framework\request.py", line 227, in user
    self._authenticate()
    ~~~~~~~~~~~~~~~~~~^^
  File "C:\Users\user\AppData\Local\Programs\Python\Python313\Lib\site-packages\rest_framework\request.py", line 380, in _authenticate
    user_auth_tuple = authenticator.authenticate(self)
  File "C:\Users\user\Desktop\laba5\main\api_views.py", line 19, in authenticate
    if not request.user.is_authenticated:
           ^^^^^^^^^^^^
  File "C:\Users\user\AppData\Local\Programs\Python\Python313\Lib\site-packages\rest_framework\request.py", line 227, in user
    self._authenticate()
    ~~~~~~~~~~~~~~~~~~^^
  File "C:\Users\user\AppData\Local\Programs\Python\Python313\Lib\site-packages\rest_framework\request.py", line 380, in _authenticate
    user_auth_tuple = authenticator.authenticate(self)
  File "C:\Users\user\Desktop\laba5\main\api_views.py", line 19, in authenticate
    if not request.user.is_authenticated:
           ^^^^^^^^^^^^
  File "C:\Users\user\AppData\Local\Programs\Python\Python313\Lib\site-packages\rest_framework\request.py", line 227, in user
    self._authenticate()
    ~~~~~~~~~~~~~~~~~~^^
  File "C:\Users\user\AppData\Local\Programs\Python\Python313\Lib\site-packages\rest_framework\request.py", line 380, in _authenticate
    user_auth_tuple = authenticator.authenticate(self)
  File "C:\Users\user\Desktop\laba5\main\api_views.py", line 19, in authenticate
    if not request.user.is_authenticated:
           ^^^^^^^^^^^^
  File "C:\Users\user\AppData\Local\Programs\Python\Python313\Lib\site-packages\rest_framework\request.py", line 227, in user
    self._authenticate()
    ~~~~~~~~~~~~~~~~~~^^
  File "C:\Users\user\AppData\Local\Programs\Python\Python313\Lib\site-packages\rest_framework\request.py", line 380, in _authenticate
    user_auth_tuple = authenticator.authenticate(self)
  File "C:\Users\user\Desktop\laba5\main\api_views.py", line 19, in authenticate
    if not request.user.is_authenticated:
           ^^^^^^^^^^^^
  File "C:\Users\user\AppData\Local\Programs\Python\Python313\Lib\site-packages\rest_framework\request.py", line 227, in user
    self._authenticate()
    ~~~~~~~~~~~~~~~~~~^^
  File "C:\Users\user\AppData\Local\Programs\Python\Python313\Lib\site-packages\rest_framework\request.py", line 380, in _authenticate
    user_auth_tuple = authenticator.authenticate(self)
  File "C:\Users\user\Desktop\laba5\main\api_views.py", line 19, in authenticate
    if not request.user.is_authenticated:
           ^^^^^^^^^^^^
  File "C:\Users\user\AppData\Local\Programs\Python\Python313\Lib\site-packages\rest_framework\request.py", line 227, in user
    self._authenticate()
    ~~~~~~~~~~~~~~~~~~^^
  File "C:\Users\user\AppData\Local\Programs\Python\Python313\Lib\site-packages\rest_framework\request.py", line 380, in _authenticate
    user_auth_tuple = authenticator.authenticate(self)
  File "C:\Users\user\Desktop\laba5\main\api_views.py", line 19, in authenticate
    if not request.user.is_authenticated:
           ^^^^^^^^^^^^
  File "C:\Users\user\AppData\Local\Programs\Python\Python313\Lib\site-packages\rest_framework\request.py", line 227, in user
    self._authenticate()
    ~~~~~~~~~~~~~~~~~~^^
  File "C:\Users\user\AppData\Local\Programs\Python\Python313\Lib\site-packages\rest_framework\request.py", line 380, in _authenticate
    user_auth_tuple = authenticator.authenticate(self)
  File "C:\Users\user\Desktop\laba5\main\api_views.py", line 19, in authenticate
    if not request.user.is_authenticated:
           ^^^^^^^^^^^^
  File "C:\Users\user\AppData\Local\Programs\Python\Python313\Lib\site-packages\rest_framework\request.py", line 227, in user
    self._authenticate()
    ~~~~~~~~~~~~~~~~~~^^
  File "C:\Users\user\AppData\Local\Programs\Python\Python313\Lib\site-packages\rest_framework\request.py", line 380, in _authenticate
    user_auth_tuple = authenticator.authenticate(self)
  File "C:\Users\user\Desktop\laba5\main\api_views.py", line 19, in authenticate
    if not request.user.is_authenticated:
           ^^^^^^^^^^^^
  File "C:\Users\user\AppData\Local\Programs\Python\Python313\Lib\site-packages\rest_framework\request.py", line 227, in user
    self._authenticate()
    ~~~~~~~~~~~~~~~~~~^^
  File "C:\Users\user\AppData\Local\Programs\Python\Python313\Lib\site-packages\rest_framework\request.py", line 380, in _authenticate
    user_auth_tuple = authenticator.authenticate(self)
  File "C:\Users\user\Desktop\laba5\main\api_views.py", line 19, in authenticate
    if not request.user.is_authenticated:
           ^^^^^^^^^^^^
  File "C:\Users\user\AppData\Local\Programs\Python\Python313\Lib\site-packages\rest_framework\request.py", line 227, in user
    self._authenticate()
    ~~~~~~~~~~~~~~~~~~^^
  File "C:\Users\user\AppData\Local\Programs\Python\Python313\Lib\site-packages\rest_framework\request.py", line 380, in _authenticate
    user_auth_tuple = authenticator.authenticate(self)
  File "C:\Users\user\Desktop\laba5\main\api_views.py", line 19, in authenticate
    if not request.user.is_authenticated:
           ^^^^^^^^^^^^
  File "C:\Users\user\AppData\Local\Programs\Python\Python313\Lib\site-packages\rest_framework\request.py", line 227, in user
    self._authenticate()
    ~~~~~~~~~~~~~~~~~~^^
  File "C:\Users\user\AppData\Local\Programs\Python\Python313\Lib\site-packages\rest_framework\request.py", line 380, in _authenticate
    user_auth_tuple = authenticator.authenticate(self)
  File "C:\Users\user\Desktop\laba5\main\api_views.py", line 19, in authenticate
    if not request.user.is_authenticated:
           ^^^^^^^^^^^^
  File "C:\Users\user\AppData\Local\Programs\Python\Python313\Lib\site-packages\rest_framework\request.py", line 227, in user
    self._authenticate()
    ~~~~~~~~~~~~~~~~~~^^
  File "C:\Users\user\AppData\Local\Programs\Python\Python313\Lib\site-packages\rest_framework\request.py", line 380, in _authenticate
    user_auth_tuple = authenticator.authenticate(self)
  File "C:\Users\user\Desktop\laba5\main\api_views.py", line 19, in authenticate
    if not request.user.is_authenticated:
           ^^^^^^^^^^^^
  File "C:\Users\user\AppData\Local\Programs\Python\Python313\Lib\site-packages\rest_framework\request.py", line 227, in user
    self._authenticate()
    ~~~~~~~~~~~~~~~~~~^^
  File "C:\Users\user\AppData\Local\Programs\Python\Python313\Lib\site-packages\rest_framework\request.py", line 380, in _authenticate
    user_auth_tuple = authenticator.authenticate(self)
  File "C:\Users\user\Desktop\laba5\main\api_views.py", line 19, in authenticate
    if not request.user.is_authenticated:
           ^^^^^^^^^^^^
  File "C:\Users\user\AppData\Local\Programs\Python\Python313\Lib\site-packages\rest_framework\request.py", line 227, in user
    self._authenticate()
    ~~~~~~~~~~~~~~~~~~^^
  File "C:\Users\user\AppData\Local\Programs\Python\Python313\Lib\site-packages\rest_framework\request.py", line 380, in _authenticate
    user_auth_tuple = authenticator.authenticate(self)
  File "C:\Users\user\Desktop\laba5\main\api_views.py", line 19, in authenticate
    if not request.user.is_authenticated:
           ^^^^^^^^^^^^
  File "C:\Users\user\AppData\Local\Programs\Python\Python313\Lib\site-packages\rest_framework\request.py", line 227, in user
    self._authenticate()
    ~~~~~~~~~~~~~~~~~~^^
  File "C:\Users\user\AppData\Local\Programs\Python\Python313\Lib\site-packages\rest_framework\request.py", line 380, in _authenticate
    user_auth_tuple = authenticator.authenticate(self)
  File "C:\Users\user\Desktop\laba5\main\api_views.py", line 19, in authenticate
    if not request.user.is_authenticated:
           ^^^^^^^^^^^^
  File "C:\Users\user\AppData\Local\Programs\Python\Python313\Lib\site-packages\rest_framework\request.py", line 227, in user
    self._authenticate()
    ~~~~~~~~~~~~~~~~~~^^
  File "C:\Users\user\AppData\Local\Programs\Python\Python313\Lib\site-packages\rest_framework\request.py", line 380, in _authenticate
    user_auth_tuple = authenticator.authenticate(self)
  File "C:\Users\user\Desktop\laba5\main\api_views.py", line 19, in authenticate
    if not request.user.is_authenticated:
           ^^^^^^^^^^^^
  File "C:\Users\user\AppData\Local\Programs\Python\Python313\Lib\site-packages\rest_framework\request.py", line 227, in user
    self._authenticate()
    ~~~~~~~~~~~~~~~~~~^^
  File "C:\Users\user\AppData\Local\Programs\Python\Python313\Lib\site-packages\rest_framework\request.py", line 380, in _authenticate
    user_auth_tuple = authenticator.authenticate(self)
  File "C:\Users\user\Desktop\laba5\main\api_views.py", line 19, in authenticate
    if not request.user.is_authenticated:
           ^^^^^^^^^^^^
  File "C:\Users\user\AppData\Local\Programs\Python\Python313\Lib\site-packages\rest_framework\request.py", line 227, in user
    self._authenticate()
    ~~~~~~~~~~~~~~~~~~^^
  File "C:\Users\user\AppData\Local\Programs\Python\Python313\Lib\site-packages\rest_framework\request.py", line 380, in _authenticate
    user_auth_tuple = authenticator.authenticate(self)
  File "C:\Users\user\Desktop\laba5\main\api_views.py", line 19, in authenticate
    if not request.user.is_authenticated:
           ^^^^^^^^^^^^
  File "C:\Users\user\AppData\Local\Programs\Python\Python313\Lib\site-packages\rest_framework\request.py", line 227, in user
    self._authenticate()
    ~~~~~~~~~~~~~~~~~~^^
  File "C:\Users\user\AppData\Local\Programs\Python\Python313\Lib\site-packages\rest_framework\request.py", line 380, in _authenticate
    user_auth_tuple = authenticator.authenticate(self)
  File "C:\Users\user\Desktop\laba5\main\api_views.py", line 19, in authenticate
    if not request.user.is_authenticated:
           ^^^^^^^^^^^^
  File "C:\Users\user\AppData\Local\Programs\Python\Python313\Lib\site-packages\rest_framework\request.py", line 227, in user
    self._authenticate()
    ~~~~~~~~~~~~~~~~~~^^
  File "C:\Users\user\AppData\Local\Programs\Python\Python313\Lib\site-packages\rest_framework\request.py", line 380, in _authenticate
    user_auth_tuple = authenticator.authenticate(self)
  File "C:\Users\user\Desktop\laba5\main\api_views.py", line 19, in authenticate
    if not request.user.is_authenticated:
           ^^^^^^^^^^^^
  File "C:\Users\user\AppData\Local\Programs\Python\Python313\Lib\site-packages\rest_framework\request.py", line 227, in user
    self._authenticate()
    ~~~~~~~~~~~~~~~~~~^^
  File "C:\Users\user\AppData\Local\Programs\Python\Python313\Lib\site-packages\rest_framework\request.py", line 380, in _authenticate
    user_auth_tuple = authenticator.authenticate(self)
  File "C:\Users\user\Desktop\laba5\main\api_views.py", line 19, in authenticate
    if not request.user.is_authenticated:
           ^^^^^^^^^^^^
  File "C:\Users\user\AppData\Local\Programs\Python\Python313\Lib\site-packages\rest_framework\request.py", line 227, in user
    self._authenticate()
    ~~~~~~~~~~~~~~~~~~^^
  File "C:\Users\user\AppData\Local\Programs\Python\Python313\Lib\site-packages\rest_framework\request.py", line 380, in _authenticate
    user_auth_tuple = authenticator.authenticate(self)
  File "C:\Users\user\Desktop\laba5\main\api_views.py", line 19, in authenticate
    if not request.user.is_authenticated:
           ^^^^^^^^^^^^
  File "C:\Users\user\AppData\Local\Programs\Python\Python313\Lib\site-packages\rest_framework\request.py", line 227, in user
    self._authenticate()
    ~~~~~~~~~~~~~~~~~~^^
  File "C:\Users\user\AppData\Local\Programs\Python\Python313\Lib\site-packages\rest_framework\request.py", line 380, in _authenticate
    user_auth_tuple = authenticator.authenticate(self)
  File "C:\Users\user\Desktop\laba5\main\api_views.py", line 19, in authenticate
    if not request.user.is_authenticated:
           ^^^^^^^^^^^^
  File "C:\Users\user\AppData\Local\Programs\Python\Python313\Lib\site-packages\rest_framework\request.py", line 227, in user
    self._authenticate()
    ~~~~~~~~~~~~~~~~~~^^
  File "C:\Users\user\AppData\Local\Programs\Python\Python313\Lib\site-packages\rest_framework\request.py", line 380, in _authenticate
    user_auth_tuple = authenticator.authenticate(self)
  File "C:\Users\user\Desktop\laba5\main\api_views.py", line 19, in authenticate
    if not request.user.is_authenticated:
           ^^^^^^^^^^^^
  File "C:\Users\user\AppData\Local\Programs\Python\Python313\Lib\site-packages\rest_framework\request.py", line 227, in user
    self._authenticate()
    ~~~~~~~~~~~~~~~~~~^^
  File "C:\Users\user\AppData\Local\Programs\Python\Python313\Lib\site-packages\rest_framework\request.py", line 380, in _authenticate
    user_auth_tuple = authenticator.authenticate(self)
  File "C:\Users\user\Desktop\laba5\main\api_views.py", line 19, in authenticate
    if not request.user.is_authenticated:
           ^^^^^^^^^^^^
  File "C:\Users\user\AppData\Local\Programs\Python\Python313\Lib\site-packages\rest_framework\request.py", line 227, in user
    self._authenticate()
    ~~~~~~~~~~~~~~~~~~^^
  File "C:\Users\user\AppData\Local\Programs\Python\Python313\Lib\site-packages\rest_framework\request.py", line 380, in _authenticate
    user_auth_tuple = authenticator.authenticate(self)
  File "C:\Users\user\Desktop\laba5\main\api_views.py", line 19, in authenticate
    if not request.user.is_authenticated:
           ^^^^^^^^^^^^
  File "C:\Users\user\AppData\Local\Programs\Python\Python313\Lib\site-packages\rest_framework\request.py", line 227, in user
    self._authenticate()
    ~~~~~~~~~~~~~~~~~~^^
  File "C:\Users\user\AppData\Local\Programs\Python\Python313\Lib\site-packages\rest_framework\request.py", line 380, in _authenticate
    user_auth_tuple = authenticator.authenticate(self)
  File "C:\Users\user\Desktop\laba5\main\api_views.py", line 19, in authenticate
    if not request.user.is_authenticated:
           ^^^^^^^^^^^^
  File "C:\Users\user\AppData\Local\Programs\Python\Python313\Lib\site-packages\rest_framework\request.py", line 227, in user
    self._authenticate()
    ~~~~~~~~~~~~~~~~~~^^
  File "C:\Users\user\AppData\Local\Programs\Python\Python313\Lib\site-packages\rest_framework\request.py", line 380, in _authenticate
    user_auth_tuple = authenticator.authenticate(self)
  File "C:\Users\user\Desktop\laba5\main\api_views.py", line 19, in authenticate
    if not request.user.is_authenticated:
           ^^^^^^^^^^^^
  File "C:\Users\user\AppData\Local\Programs\Python\Python313\Lib\site-packages\rest_framework\request.py", line 227, in user
    self._authenticate()
    ~~~~~~~~~~~~~~~~~~^^
  File "C:\Users\user\AppData\Local\Programs\Python\Python313\Lib\site-packages\rest_framework\request.py", line 380, in _authenticate
    user_auth_tuple = authenticator.authenticate(self)
  File "C:\Users\user\Desktop\laba5\main\api_views.py", line 19, in authenticate
    if not request.user.is_authenticated:
           ^^^^^^^^^^^^
  File "C:\Users\user\AppData\Local\Programs\Python\Python313\Lib\site-packages\rest_framework\request.py", line 227, in user
    self._authenticate()
    ~~~~~~~~~~~~~~~~~~^^
  File "C:\Users\user\AppData\Local\Programs\Python\Python313\Lib\site-packages\rest_framework\request.py", line 380, in _authenticate
    user_auth_tuple = authenticator.authenticate(self)
  File "C:\Users\user\Desktop\laba5\main\api_views.py", line 19, in authenticate
    if not request.user.is_authenticated:
           ^^^^^^^^^^^^
  File "C:\Users\user\AppData\Local\Programs\Python\Python313\Lib\site-packages\rest_framework\request.py", line 227, in user
    self._authenticate()
    ~~~~~~~~~~~~~~~~~~^^
  File "C:\Users\user\AppData\Local\Programs\Python\Python313\Lib\site-packages\rest_framework\request.py", line 380, in _authenticate
    user_auth_tuple = authenticator.authenticate(self)
  File "C:\Users\user\Desktop\laba5\main\api_views.py", line 19, in authenticate
    if not request.user.is_authenticated:
           ^^^^^^^^^^^^
  File "C:\Users\user\AppData\Local\Programs\Python\Python313\Lib\site-packages\rest_framework\request.py", line 227, in user
    self._authenticate()
    ~~~~~~~~~~~~~~~~~~^^
  File "C:\Users\user\AppData\Local\Programs\Python\Python313\Lib\site-packages\rest_framework\request.py", line 380, in _authenticate
    user_auth_tuple = authenticator.authenticate(self)
  File "C:\Users\user\Desktop\laba5\main\api_views.py", line 19, in authenticate
    if not request.user.is_authenticated:
           ^^^^^^^^^^^^
  File "C:\Users\user\AppData\Local\Programs\Python\Python313\Lib\site-packages\rest_framework\request.py", line 227, in user
    self._authenticate()
    ~~~~~~~~~~~~~~~~~~^^
  File "C:\Users\user\AppData\Local\Programs\Python\Python313\Lib\site-packages\rest_framework\request.py", line 380, in _authenticate
    user_auth_tuple = authenticator.authenticate(self)
  File "C:\Users\user\Desktop\laba5\main\api_views.py", line 19, in authenticate
    if not request.user.is_authenticated:
           ^^^^^^^^^^^^
  File "C:\Users\user\AppData\Local\Programs\Python\Python313\Lib\site-packages\rest_framework\request.py", line 227, in user
    self._authenticate()
    ~~~~~~~~~~~~~~~~~~^^
  File "C:\Users\user\AppData\Local\Programs\Python\Python313\Lib\site-packages\rest_framework\request.py", line 380, in _authenticate
    user_auth_tuple = authenticator.authenticate(self)
  File "C:\Users\user\Desktop\laba5\main\api_views.py", line 19, in authenticate
    if not request.user.is_authenticated:
           ^^^^^^^^^^^^
  File "C:\Users\user\AppData\Local\Programs\Python\Python313\Lib\site-packages\rest_framework\request.py", line 227, in user
    self._authenticate()
    ~~~~~~~~~~~~~~~~~~^^
  File "C:\Users\user\AppData\Local\Programs\Python\Python313\Lib\site-packages\rest_framework\request.py", line 380, in _authenticate
    user_auth_tuple = authenticator.authenticate(self)
  File "C:\Users\user\Desktop\laba5\main\api_views.py", line 19, in authenticate
    if not request.user.is_authenticated:
           ^^^^^^^^^^^^
  File "C:\Users\user\AppData\Local\Programs\Python\Python313\Lib\site-packages\rest_framework\request.py", line 227, in user
    self._authenticate()
    ~~~~~~~~~~~~~~~~~~^^
  File "C:\Users\user\AppData\Local\Programs\Python\Python313\Lib\site-packages\rest_framework\request.py", line 380, in _authenticate
    user_auth_tuple = authenticator.authenticate(self)
  File "C:\Users\user\Desktop\laba5\main\api_views.py", line 19, in authenticate
    if not request.user.is_authenticated:
           ^^^^^^^^^^^^
  File "C:\Users\user\AppData\Local\Programs\Python\Python313\Lib\site-packages\rest_framework\request.py", line 227, in user
    self._authenticate()
    ~~~~~~~~~~~~~~~~~~^^
  File "C:\Users\user\AppData\Local\Programs\Python\Python313\Lib\site-packages\rest_framework\request.py", line 380, in _authenticate
    user_auth_tuple = authenticator.authenticate(self)
  File "C:\Users\user\Desktop\laba5\main\api_views.py", line 19, in authenticate
    if not request.user.is_authenticated:
           ^^^^^^^^^^^^
  File "C:\Users\user\AppData\Local\Programs\Python\Python313\Lib\site-packages\rest_framework\request.py", line 227, in user
    self._authenticate()
    ~~~~~~~~~~~~~~~~~~^^
  File "C:\Users\user\AppData\Local\Programs\Python\Python313\Lib\site-packages\rest_framework\request.py", line 380, in _authenticate
    user_auth_tuple = authenticator.authenticate(self)
  File "C:\Users\user\Desktop\laba5\main\api_views.py", line 19, in authenticate
    if not request.user.is_authenticated:
           ^^^^^^^^^^^^
  File "C:\Users\user\AppData\Local\Programs\Python\Python313\Lib\site-packages\rest_framework\request.py", line 227, in user
    self._authenticate()
    ~~~~~~~~~~~~~~~~~~^^
  File "C:\Users\user\AppData\Local\Programs\Python\Python313\Lib\site-packages\rest_framework\request.py", line 380, in _authenticate
    user_auth_tuple = authenticator.authenticate(self)
  File "C:\Users\user\Desktop\laba5\main\api_views.py", line 19, in authenticate
    if not request.user.is_authenticated:
           ^^^^^^^^^^^^
  File "C:\Users\user\AppData\Local\Programs\Python\Python313\Lib\site-packages\rest_framework\request.py", line 227, in user
    self._authenticate()
    ~~~~~~~~~~~~~~~~~~^^
  File "C:\Users\user\AppData\Local\Programs\Python\Python313\Lib\site-packages\rest_framework\request.py", line 380, in _authenticate
    user_auth_tuple = authenticator.authenticate(self)
  File "C:\Users\user\Desktop\laba5\main\api_views.py", line 19, in authenticate
    if not request.user.is_authenticated:
           ^^^^^^^^^^^^
  File "C:\Users\user\AppData\Local\Programs\Python\Python313\Lib\site-packages\rest_framework\request.py", line 227, in user
    self._authenticate()
    ~~~~~~~~~~~~~~~~~~^^
  File "C:\Users\user\AppData\Local\Programs\Python\Python313\Lib\site-packages\rest_framework\request.py", line 380, in _authenticate
    user_auth_tuple = authenticator.authenticate(self)
  File "C:\Users\user\Desktop\laba5\main\api_views.py", line 19, in authenticate
    if not request.user.is_authenticated:
           ^^^^^^^^^^^^
  File "C:\Users\user\AppData\Local\Programs\Python\Python313\Lib\site-packages\rest_framework\request.py", line 227, in user
    self._authenticate()
    ~~~~~~~~~~~~~~~~~~^^
  File "C:\Users\user\AppData\Local\Programs\Python\Python313\Lib\site-packages\rest_framework\request.py", line 380, in _authenticate
    user_auth_tuple = authenticator.authenticate(self)
  File "C:\Users\user\Desktop\laba5\main\api_views.py", line 19, in authenticate
    if not request.user.is_authenticated:
           ^^^^^^^^^^^^
  File "C:\Users\user\AppData\Local\Programs\Python\Python313\Lib\site-packages\rest_framework\request.py", line 227, in user
    self._authenticate()
    ~~~~~~~~~~~~~~~~~~^^
  File "C:\Users\user\AppData\Local\Programs\Python\Python313\Lib\site-packages\rest_framework\request.py", line 380, in _authenticate
    user_auth_tuple = authenticator.authenticate(self)
  File "C:\Users\user\Desktop\laba5\main\api_views.py", line 19, in authenticate
    if not request.user.is_authenticated:
           ^^^^^^^^^^^^
  File "C:\Users\user\AppData\Local\Programs\Python\Python313\Lib\site-packages\rest_framework\request.py", line 227, in user
    self._authenticate()
    ~~~~~~~~~~~~~~~~~~^^
  File "C:\Users\user\AppData\Local\Programs\Python\Python313\Lib\site-packages\rest_framework\request.py", line 380, in _authenticate
    user_auth_tuple = authenticator.authenticate(self)
  File "C:\Users\user\Desktop\laba5\main\api_views.py", line 19, in authenticate
    if not request.user.is_authenticated:
           ^^^^^^^^^^^^
  File "C:\Users\user\AppData\Local\Programs\Python\Python313\Lib\site-packages\rest_framework\request.py", line 227, in user
    self._authenticate()
    ~~~~~~~~~~~~~~~~~~^^
  File "C:\Users\user\AppData\Local\Programs\Python\Python313\Lib\site-packages\rest_framework\request.py", line 380, in _authenticate
    user_auth_tuple = authenticator.authenticate(self)
  File "C:\Users\user\Desktop\laba5\main\api_views.py", line 19, in authenticate
    if not request.user.is_authenticated:
           ^^^^^^^^^^^^
  File "C:\Users\user\AppData\Local\Programs\Python\Python313\Lib\site-packages\rest_framework\request.py", line 227, in user
    self._authenticate()
    ~~~~~~~~~~~~~~~~~~^^
  File "C:\Users\user\AppData\Local\Programs\Python\Python313\Lib\site-packages\rest_framework\request.py", line 380, in _authenticate
    user_auth_tuple = authenticator.authenticate(self)
  File "C:\Users\user\Desktop\laba5\main\api_views.py", line 19, in authenticate
    if not request.user.is_authenticated:
           ^^^^^^^^^^^^
  File "C:\Users\user\AppData\Local\Programs\Python\Python313\Lib\site-packages\rest_framework\request.py", line 227, in user
    self._authenticate()
    ~~~~~~~~~~~~~~~~~~^^
  File "C:\Users\user\AppData\Local\Programs\Python\Python313\Lib\site-packages\rest_framework\request.py", line 380, in _authenticate
    user_auth_tuple = authenticator.authenticate(self)
  File "C:\Users\user\Desktop\laba5\main\api_views.py", line 19, in authenticate
    if not request.user.is_authenticated:
           ^^^^^^^^^^^^
  File "C:\Users\user\AppData\Local\Programs\Python\Python313\Lib\site-packages\rest_framework\request.py", line 227, in user
    self._authenticate()
    ~~~~~~~~~~~~~~~~~~^^
  File "C:\Users\user\AppData\Local\Programs\Python\Python313\Lib\site-packages\rest_framework\request.py", line 380, in _authenticate
    user_auth_tuple = authenticator.authenticate(self)
  File "C:\Users\user\Desktop\laba5\main\api_views.py", line 19, in authenticate
    if not request.user.is_authenticated:
           ^^^^^^^^^^^^
  File "C:\Users\user\AppData\Local\Programs\Python\Python313\Lib\site-packages\rest_framework\request.py", line 227, in user
    self._authenticate()
    ~~~~~~~~~~~~~~~~~~^^
  File "C:\Users\user\AppData\Local\Programs\Python\Python313\Lib\site-packages\rest_framework\request.py", line 380, in _authenticate
    user_auth_tuple = authenticator.authenticate(self)
  File "C:\Users\user\Desktop\laba5\main\api_views.py", line 19, in authenticate
    if not request.user.is_authenticated:
           ^^^^^^^^^^^^
  File "C:\Users\user\AppData\Local\Programs\Python\Python313\Lib\site-packages\rest_framework\request.py", line 227, in user
    self._authenticate()
    ~~~~~~~~~~~~~~~~~~^^
  File "C:\Users\user\AppData\Local\Programs\Python\Python313\Lib\site-packages\rest_framework\request.py", line 380, in _authenticate
    user_auth_tuple = authenticator.authenticate(self)
  File "C:\Users\user\Desktop\laba5\main\api_views.py", line 19, in authenticate
    if not request.user.is_authenticated:
           ^^^^^^^^^^^^
  File "C:\Users\user\AppData\Local\Programs\Python\Python313\Lib\site-packages\rest_framework\request.py", line 227, in user
    self._authenticate()
    ~~~~~~~~~~~~~~~~~~^^
  File "C:\Users\user\AppData\Local\Programs\Python\Python313\Lib\site-packages\rest_framework\request.py", line 380, in _authenticate
    user_auth_tuple = authenticator.authenticate(self)
  File "C:\Users\user\Desktop\laba5\main\api_views.py", line 19, in authenticate
    if not request.user.is_authenticated:
           ^^^^^^^^^^^^
  File "C:\Users\user\AppData\Local\Programs\Python\Python313\Lib\site-packages\rest_framework\request.py", line 227, in user
    self._authenticate()
    ~~~~~~~~~~~~~~~~~~^^
  File "C:\Users\user\AppData\Local\Programs\Python\Python313\Lib\site-packages\rest_framework\request.py", line 380, in _authenticate
    user_auth_tuple = authenticator.authenticate(self)
  File "C:\Users\user\Desktop\laba5\main\api_views.py", line 19, in authenticate
    if not request.user.is_authenticated:
           ^^^^^^^^^^^^
  File "C:\Users\user\AppData\Local\Programs\Python\Python313\Lib\site-packages\rest_framework\request.py", line 227, in user
    self._authenticate()
    ~~~~~~~~~~~~~~~~~~^^
  File "C:\Users\user\AppData\Local\Programs\Python\Python313\Lib\site-packages\rest_framework\request.py", line 380, in _authenticate
    user_auth_tuple = authenticator.authenticate(self)
  File "C:\Users\user\Desktop\laba5\main\api_views.py", line 19, in authenticate
    if not request.user.is_authenticated:
           ^^^^^^^^^^^^
  File "C:\Users\user\AppData\Local\Programs\Python\Python313\Lib\site-packages\rest_framework\request.py", line 227, in user
    self._authenticate()
    ~~~~~~~~~~~~~~~~~~^^
  File "C:\Users\user\AppData\Local\Programs\Python\Python313\Lib\site-packages\rest_framework\request.py", line 380, in _authenticate
    user_auth_tuple = authenticator.authenticate(self)
  File "C:\Users\user\Desktop\laba5\main\api_views.py", line 19, in authenticate
    if not request.user.is_authenticated:
           ^^^^^^^^^^^^
  File "C:\Users\user\AppData\Local\Programs\Python\Python313\Lib\site-packages\rest_framework\request.py", line 227, in user
    self._authenticate()
    ~~~~~~~~~~~~~~~~~~^^
  File "C:\Users\user\AppData\Local\Programs\Python\Python313\Lib\site-packages\rest_framework\request.py", line 380, in _authenticate
    user_auth_tuple = authenticator.authenticate(self)
  File "C:\Users\user\Desktop\laba5\main\api_views.py", line 19, in authenticate
    if not request.user.is_authenticated:
           ^^^^^^^^^^^^
  File "C:\Users\user\AppData\Local\Programs\Python\Python313\Lib\site-packages\rest_framework\request.py", line 227, in user
    self._authenticate()
    ~~~~~~~~~~~~~~~~~~^^
  File "C:\Users\user\AppData\Local\Programs\Python\Python313\Lib\site-packages\rest_framework\request.py", line 380, in _authenticate
    user_auth_tuple = authenticator.authenticate(self)
  File "C:\Users\user\Desktop\laba5\main\api_views.py", line 19, in authenticate
    if not request.user.is_authenticated:
           ^^^^^^^^^^^^
  File "C:\Users\user\AppData\Local\Programs\Python\Python313\Lib\site-packages\rest_framework\request.py", line 227, in user
    self._authenticate()
    ~~~~~~~~~~~~~~~~~~^^
  File "C:\Users\user\AppData\Local\Programs\Python\Python313\Lib\site-packages\rest_framework\request.py", line 380, in _authenticate
    user_auth_tuple = authenticator.authenticate(self)
  File "C:\Users\user\Desktop\laba5\main\api_views.py", line 19, in authenticate
    if not request.user.is_authenticated:
           ^^^^^^^^^^^^
  File "C:\Users\user\AppData\Local\Programs\Python\Python313\Lib\site-packages\rest_framework\request.py", line 227, in user
    self._authenticate()
    ~~~~~~~~~~~~~~~~~~^^
  File "C:\Users\user\AppData\Local\Programs\Python\Python313\Lib\site-packages\rest_framework\request.py", line 380, in _authenticate
    user_auth_tuple = authenticator.authenticate(self)
  File "C:\Users\user\Desktop\laba5\main\api_views.py", line 19, in authenticate
    if not request.user.is_authenticated:
           ^^^^^^^^^^^^
  File "C:\Users\user\AppData\Local\Programs\Python\Python313\Lib\site-packages\rest_framework\request.py", line 227, in user
    self._authenticate()
    ~~~~~~~~~~~~~~~~~~^^
  File "C:\Users\user\AppData\Local\Programs\Python\Python313\Lib\site-packages\rest_framework\request.py", line 380, in _authenticate
    user_auth_tuple = authenticator.authenticate(self)
  File "C:\Users\user\Desktop\laba5\main\api_views.py", line 19, in authenticate
    if not request.user.is_authenticated:
           ^^^^^^^^^^^^
  File "C:\Users\user\AppData\Local\Programs\Python\Python313\Lib\site-packages\rest_framework\request.py", line 227, in user
    self._authenticate()
    ~~~~~~~~~~~~~~~~~~^^
  File "C:\Users\user\AppData\Local\Programs\Python\Python313\Lib\site-packages\rest_framework\request.py", line 380, in _authenticate
    user_auth_tuple = authenticator.authenticate(self)
  File "C:\Users\user\Desktop\laba5\main\api_views.py", line 19, in authenticate
    if not request.user.is_authenticated:
           ^^^^^^^^^^^^
  File "C:\Users\user\AppData\Local\Programs\Python\Python313\Lib\site-packages\rest_framework\request.py", line 227, in user
    self._authenticate()
    ~~~~~~~~~~~~~~~~~~^^
  File "C:\Users\user\AppData\Local\Programs\Python\Python313\Lib\site-packages\rest_framework\request.py", line 380, in _authenticate
    user_auth_tuple = authenticator.authenticate(self)
  File "C:\Users\user\Desktop\laba5\main\api_views.py", line 19, in authenticate
    if not request.user.is_authenticated:
           ^^^^^^^^^^^^
  File "C:\Users\user\AppData\Local\Programs\Python\Python313\Lib\site-packages\rest_framework\request.py", line 227, in user
    self._authenticate()
    ~~~~~~~~~~~~~~~~~~^^
  File "C:\Users\user\AppData\Local\Programs\Python\Python313\Lib\site-packages\rest_framework\request.py", line 380, in _authenticate
    user_auth_tuple = authenticator.authenticate(self)
  File "C:\Users\user\Desktop\laba5\main\api_views.py", line 19, in authenticate
    if not request.user.is_authenticated:
           ^^^^^^^^^^^^
  File "C:\Users\user\AppData\Local\Programs\Python\Python313\Lib\site-packages\rest_framework\request.py", line 227, in user
    self._authenticate()
    ~~~~~~~~~~~~~~~~~~^^
  File "C:\Users\user\AppData\Local\Programs\Python\Python313\Lib\site-packages\rest_framework\request.py", line 380, in _authenticate
    user_auth_tuple = authenticator.authenticate(self)
  File "C:\Users\user\Desktop\laba5\main\api_views.py", line 19, in authenticate
    if not request.user.is_authenticated:
           ^^^^^^^^^^^^
  File "C:\Users\user\AppData\Local\Programs\Python\Python313\Lib\site-packages\rest_framework\request.py", line 227, in user
    self._authenticate()
    ~~~~~~~~~~~~~~~~~~^^
  File "C:\Users\user\AppData\Local\Programs\Python\Python313\Lib\site-packages\rest_framework\request.py", line 380, in _authenticate
    user_auth_tuple = authenticator.authenticate(self)
  File "C:\Users\user\Desktop\laba5\main\api_views.py", line 19, in authenticate
    if not request.user.is_authenticated:
           ^^^^^^^^^^^^
  File "C:\Users\user\AppData\Local\Programs\Python\Python313\Lib\site-packages\rest_framework\request.py", line 227, in user
    self._authenticate()
    ~~~~~~~~~~~~~~~~~~^^
  File "C:\Users\user\AppData\Local\Programs\Python\Python313\Lib\site-packages\rest_framework\request.py", line 380, in _authenticate
    user_auth_tuple = authenticator.authenticate(self)
  File "C:\Users\user\Desktop\laba5\main\api_views.py", line 19, in authenticate
    if not request.user.is_authenticated:
           ^^^^^^^^^^^^
  File "C:\Users\user\AppData\Local\Programs\Python\Python313\Lib\site-packages\rest_framework\request.py", line 227, in user
    self._authenticate()
    ~~~~~~~~~~~~~~~~~~^^
  File "C:\Users\user\AppData\Local\Programs\Python\Python313\Lib\site-packages\rest_framework\request.py", line 380, in _authenticate
    user_auth_tuple = authenticator.authenticate(self)
  File "C:\Users\user\Desktop\laba5\main\api_views.py", line 19, in authenticate
    if not request.user.is_authenticated:
           ^^^^^^^^^^^^
  File "C:\Users\user\AppData\Local\Programs\Python\Python313\Lib\site-packages\rest_framework\request.py", line 227, in user
    self._authenticate()
    ~~~~~~~~~~~~~~~~~~^^
  File "C:\Users\user\AppData\Local\Programs\Python\Python313\Lib\site-packages\rest_framework\request.py", line 380, in _authenticate
    user_auth_tuple = authenticator.authenticate(self)
  File "C:\Users\user\Desktop\laba5\main\api_views.py", line 19, in authenticate
    if not request.user.is_authenticated:
           ^^^^^^^^^^^^
  File "C:\Users\user\AppData\Local\Programs\Python\Python313\Lib\site-packages\rest_framework\request.py", line 227, in user
    self._authenticate()
    ~~~~~~~~~~~~~~~~~~^^
  File "C:\Users\user\AppData\Local\Programs\Python\Python313\Lib\site-packages\rest_framework\request.py", line 380, in _authenticate
    user_auth_tuple = authenticator.authenticate(self)
  File "C:\Users\user\Desktop\laba5\main\api_views.py", line 19, in authenticate
    if not request.user.is_authenticated:
           ^^^^^^^^^^^^
  File "C:\Users\user\AppData\Local\Programs\Python\Python313\Lib\site-packages\rest_framework\request.py", line 227, in user
    self._authenticate()
    ~~~~~~~~~~~~~~~~~~^^
  File "C:\Users\user\AppData\Local\Programs\Python\Python313\Lib\site-packages\rest_framework\request.py", line 380, in _authenticate
    user_auth_tuple = authenticator.authenticate(self)
  File "C:\Users\user\Desktop\laba5\main\api_views.py", line 19, in authenticate
    if not request.user.is_authenticated:
           ^^^^^^^^^^^^
  File "C:\Users\user\AppData\Local\Programs\Python\Python313\Lib\site-packages\rest_framework\request.py", line 227, in user
    self._authenticate()
    ~~~~~~~~~~~~~~~~~~^^
  File "C:\Users\user\AppData\Local\Programs\Python\Python313\Lib\site-packages\rest_framework\request.py", line 380, in _authenticate
    user_auth_tuple = authenticator.authenticate(self)
  File "C:\Users\user\Desktop\laba5\main\api_views.py", line 19, in authenticate
    if not request.user.is_authenticated:
           ^^^^^^^^^^^^
  File "C:\Users\user\AppData\Local\Programs\Python\Python313\Lib\site-packages\rest_framework\request.py", line 227, in user
    self._authenticate()
    ~~~~~~~~~~~~~~~~~~^^
  File "C:\Users\user\AppData\Local\Programs\Python\Python313\Lib\site-packages\rest_framework\request.py", line 380, in _authenticate
    user_auth_tuple = authenticator.authenticate(self)
  File "C:\Users\user\Desktop\laba5\main\api_views.py", line 19, in authenticate
    if not request.user.is_authenticated:
           ^^^^^^^^^^^^
  File "C:\Users\user\AppData\Local\Programs\Python\Python313\Lib\site-packages\rest_framework\request.py", line 227, in user
    self._authenticate()
    ~~~~~~~~~~~~~~~~~~^^
  File "C:\Users\user\AppData\Local\Programs\Python\Python313\Lib\site-packages\rest_framework\request.py", line 380, in _authenticate
    user_auth_tuple = authenticator.authenticate(self)
  File "C:\Users\user\Desktop\laba5\main\api_views.py", line 19, in authenticate
    if not request.user.is_authenticated:
           ^^^^^^^^^^^^
  File "C:\Users\user\AppData\Local\Programs\Python\Python313\Lib\site-packages\rest_framework\request.py", line 227, in user
    self._authenticate()
    ~~~~~~~~~~~~~~~~~~^^
  File "C:\Users\user\AppData\Local\Programs\Python\Python313\Lib\site-packages\rest_framework\request.py", line 380, in _authenticate
    user_auth_tuple = authenticator.authenticate(self)
  File "C:\Users\user\Desktop\laba5\main\api_views.py", line 19, in authenticate
    if not request.user.is_authenticated:
           ^^^^^^^^^^^^
  File "C:\Users\user\AppData\Local\Programs\Python\Python313\Lib\site-packages\rest_framework\request.py", line 227, in user
    self._authenticate()
    ~~~~~~~~~~~~~~~~~~^^
  File "C:\Users\user\AppData\Local\Programs\Python\Python313\Lib\site-packages\rest_framework\request.py", line 380, in _authenticate
    user_auth_tuple = authenticator.authenticate(self)
  File "C:\Users\user\Desktop\laba5\main\api_views.py", line 19, in authenticate
    if not request.user.is_authenticated:
           ^^^^^^^^^^^^
  File "C:\Users\user\AppData\Local\Programs\Python\Python313\Lib\site-packages\rest_framework\request.py", line 227, in user
    self._authenticate()
    ~~~~~~~~~~~~~~~~~~^^
  File "C:\Users\user\AppData\Local\Programs\Python\Python313\Lib\site-packages\rest_framework\request.py", line 380, in _authenticate
    user_auth_tuple = authenticator.authenticate(self)
  File "C:\Users\user\Desktop\laba5\main\api_views.py", line 19, in authenticate
    if not request.user.is_authenticated:
           ^^^^^^^^^^^^
  File "C:\Users\user\AppData\Local\Programs\Python\Python313\Lib\site-packages\rest_framework\request.py", line 227, in user
    self._authenticate()
    ~~~~~~~~~~~~~~~~~~^^
  File "C:\Users\user\AppData\Local\Programs\Python\Python313\Lib\site-packages\rest_framework\request.py", line 380, in _authenticate
    user_auth_tuple = authenticator.authenticate(self)
  File "C:\Users\user\Desktop\laba5\main\api_views.py", line 19, in authenticate
    if not request.user.is_authenticated:
           ^^^^^^^^^^^^
  File "C:\Users\user\AppData\Local\Programs\Python\Python313\Lib\site-packages\rest_framework\request.py", line 227, in user
    self._authenticate()
    ~~~~~~~~~~~~~~~~~~^^
  File "C:\Users\user\AppData\Local\Programs\Python\Python313\Lib\site-packages\rest_framework\request.py", line 380, in _authenticate
    user_auth_tuple = authenticator.authenticate(self)
  File "C:\Users\user\Desktop\laba5\main\api_views.py", line 19, in authenticate
    if not request.user.is_authenticated:
           ^^^^^^^^^^^^
  File "C:\Users\user\AppData\Local\Programs\Python\Python313\Lib\site-packages\rest_framework\request.py", line 227, in user
    self._authenticate()
    ~~~~~~~~~~~~~~~~~~^^
  File "C:\Users\user\AppData\Local\Programs\Python\Python313\Lib\site-packages\rest_framework\request.py", line 380, in _authenticate
    user_auth_tuple = authenticator.authenticate(self)
  File "C:\Users\user\Desktop\laba5\main\api_views.py", line 19, in authenticate
    if not request.user.is_authenticated:
           ^^^^^^^^^^^^
  File "C:\Users\user\AppData\Local\Programs\Python\Python313\Lib\site-packages\rest_framework\request.py", line 227, in user
    self._authenticate()
    ~~~~~~~~~~~~~~~~~~^^
  File "C:\Users\user\AppData\Local\Programs\Python\Python313\Lib\site-packages\rest_framework\request.py", line 380, in _authenticate
    user_auth_tuple = authenticator.authenticate(self)
  File "C:\Users\user\Desktop\laba5\main\api_views.py", line 19, in authenticate
    if not request.user.is_authenticated:
           ^^^^^^^^^^^^
  File "C:\Users\user\AppData\Local\Programs\Python\Python313\Lib\site-packages\rest_framework\request.py", line 227, in user
    self._authenticate()
    ~~~~~~~~~~~~~~~~~~^^
  File "C:\Users\user\AppData\Local\Programs\Python\Python313\Lib\site-packages\rest_framework\request.py", line 380, in _authenticate
    user_auth_tuple = authenticator.authenticate(self)
  File "C:\Users\user\Desktop\laba5\main\api_views.py", line 19, in authenticate
    if not request.user.is_authenticated:
           ^^^^^^^^^^^^
  File "C:\Users\user\AppData\Local\Programs\Python\Python313\Lib\site-packages\rest_framework\request.py", line 227, in user
    self._authenticate()
    ~~~~~~~~~~~~~~~~~~^^
  File "C:\Users\user\AppData\Local\Programs\Python\Python313\Lib\site-packages\rest_framework\request.py", line 380, in _authenticate
    user_auth_tuple = authenticator.authenticate(self)
  File "C:\Users\user\Desktop\laba5\main\api_views.py", line 19, in authenticate
    if not request.user.is_authenticated:
           ^^^^^^^^^^^^
  File "C:\Users\user\AppData\Local\Programs\Python\Python313\Lib\site-packages\rest_framework\request.py", line 227, in user
    self._authenticate()
    ~~~~~~~~~~~~~~~~~~^^
  File "C:\Users\user\AppData\Local\Programs\Python\Python313\Lib\site-packages\rest_framework\request.py", line 380, in _authenticate
    user_auth_tuple = authenticator.authenticate(self)
  File "C:\Users\user\Desktop\laba5\main\api_views.py", line 19, in authenticate
    if not request.user.is_authenticated:
           ^^^^^^^^^^^^
  File "C:\Users\user\AppData\Local\Programs\Python\Python313\Lib\site-packages\rest_framework\request.py", line 227, in user
    self._authenticate()
    ~~~~~~~~~~~~~~~~~~^^
  File "C:\Users\user\AppData\Local\Programs\Python\Python313\Lib\site-packages\rest_framework\request.py", line 380, in _authenticate
    user_auth_tuple = authenticator.authenticate(self)
  File "C:\Users\user\Desktop\laba5\main\api_views.py", line 19, in authenticate
    if not request.user.is_authenticated:
           ^^^^^^^^^^^^
  File "C:\Users\user\AppData\Local\Programs\Python\Python313\Lib\site-packages\rest_framework\request.py", line 227, in user
    self._authenticate()
    ~~~~~~~~~~~~~~~~~~^^
  File "C:\Users\user\AppData\Local\Programs\Python\Python313\Lib\site-packages\rest_framework\request.py", line 380, in _authenticate
    user_auth_tuple = authenticator.authenticate(self)
  File "C:\Users\user\Desktop\laba5\main\api_views.py", line 19, in authenticate
    if not request.user.is_authenticated:
           ^^^^^^^^^^^^
  File "C:\Users\user\AppData\Local\Programs\Python\Python313\Lib\site-packages\rest_framework\request.py", line 227, in user
    self._authenticate()
    ~~~~~~~~~~~~~~~~~~^^
  File "C:\Users\user\AppData\Local\Programs\Python\Python313\Lib\site-packages\rest_framework\request.py", line 380, in _authenticate
    user_auth_tuple = authenticator.authenticate(self)
  File "C:\Users\user\Desktop\laba5\main\api_views.py", line 19, in authenticate
    if not request.user.is_authenticated:
           ^^^^^^^^^^^^
  File "C:\Users\user\AppData\Local\Programs\Python\Python313\Lib\site-packages\rest_framework\request.py", line 227, in user
    self._authenticate()
    ~~~~~~~~~~~~~~~~~~^^
  File "C:\Users\user\AppData\Local\Programs\Python\Python313\Lib\site-packages\rest_framework\request.py", line 380, in _authenticate
    user_auth_tuple = authenticator.authenticate(self)
  File "C:\Users\user\Desktop\laba5\main\api_views.py", line 19, in authenticate
    if not request.user.is_authenticated:
           ^^^^^^^^^^^^
  File "C:\Users\user\AppData\Local\Programs\Python\Python313\Lib\site-packages\rest_framework\request.py", line 227, in user
    self._authenticate()
    ~~~~~~~~~~~~~~~~~~^^
  File "C:\Users\user\AppData\Local\Programs\Python\Python313\Lib\site-packages\rest_framework\request.py", line 380, in _authenticate
    user_auth_tuple = authenticator.authenticate(self)
  File "C:\Users\user\Desktop\laba5\main\api_views.py", line 19, in authenticate
    if not request.user.is_authenticated:
           ^^^^^^^^^^^^
  File "C:\Users\user\AppData\Local\Programs\Python\Python313\Lib\site-packages\rest_framework\request.py", line 227, in user
    self._authenticate()
    ~~~~~~~~~~~~~~~~~~^^
  File "C:\Users\user\AppData\Local\Programs\Python\Python313\Lib\site-packages\rest_framework\request.py", line 380, in _authenticate
    user_auth_tuple = authenticator.authenticate(self)
  File "C:\Users\user\Desktop\laba5\main\api_views.py", line 19, in authenticate
    if not request.user.is_authenticated:
           ^^^^^^^^^^^^
  File "C:\Users\user\AppData\Local\Programs\Python\Python313\Lib\site-packages\rest_framework\request.py", line 227, in user
    self._authenticate()
    ~~~~~~~~~~~~~~~~~~^^
  File "C:\Users\user\AppData\Local\Programs\Python\Python313\Lib\site-packages\rest_framework\request.py", line 380, in _authenticate
    user_auth_tuple = authenticator.authenticate(self)
  File "C:\Users\user\Desktop\laba5\main\api_views.py", line 19, in authenticate
    if not request.user.is_authenticated:
           ^^^^^^^^^^^^
  File "C:\Users\user\AppData\Local\Programs\Python\Python313\Lib\site-packages\rest_framework\request.py", line 227, in user
    self._authenticate()
    ~~~~~~~~~~~~~~~~~~^^
  File "C:\Users\user\AppData\Local\Programs\Python\Python313\Lib\site-packages\rest_framework\request.py", line 380, in _authenticate
    user_auth_tuple = authenticator.authenticate(self)
  File "C:\Users\user\Desktop\laba5\main\api_views.py", line 19, in authenticate
    if not request.user.is_authenticated:
           ^^^^^^^^^^^^
  File "C:\Users\user\AppData\Local\Programs\Python\Python313\Lib\site-packages\rest_framework\request.py", line 227, in user
    self._authenticate()
    ~~~~~~~~~~~~~~~~~~^^
  File "C:\Users\user\AppData\Local\Programs\Python\Python313\Lib\site-packages\rest_framework\request.py", line 380, in _authenticate
    user_auth_tuple = authenticator.authenticate(self)
  File "C:\Users\user\Desktop\laba5\main\api_views.py", line 19, in authenticate
    if not request.user.is_authenticated:
           ^^^^^^^^^^^^
  File "C:\Users\user\AppData\Local\Programs\Python\Python313\Lib\site-packages\rest_framework\request.py", line 227, in user
    self._authenticate()
    ~~~~~~~~~~~~~~~~~~^^
  File "C:\Users\user\AppData\Local\Programs\Python\Python313\Lib\site-packages\rest_framework\request.py", line 380, in _authenticate
    user_auth_tuple = authenticator.authenticate(self)
  File "C:\Users\user\Desktop\laba5\main\api_views.py", line 19, in authenticate
    if not request.user.is_authenticated:
           ^^^^^^^^^^^^
  File "C:\Users\user\AppData\Local\Programs\Python\Python313\Lib\site-packages\rest_framework\request.py", line 227, in user
    self._authenticate()
    ~~~~~~~~~~~~~~~~~~^^
  File "C:\Users\user\AppData\Local\Programs\Python\Python313\Lib\site-packages\rest_framework\request.py", line 380, in _authenticate
    user_auth_tuple = authenticator.authenticate(self)
  File "C:\Users\user\Desktop\laba5\main\api_views.py", line 19, in authenticate
    if not request.user.is_authenticated:
           ^^^^^^^^^^^^
  File "C:\Users\user\AppData\Local\Programs\Python\Python313\Lib\site-packages\rest_framework\request.py", line 227, in user
    self._authenticate()
    ~~~~~~~~~~~~~~~~~~^^
  File "C:\Users\user\AppData\Local\Programs\Python\Python313\Lib\site-packages\rest_framework\request.py", line 380, in _authenticate
    user_auth_tuple = authenticator.authenticate(self)
  File "C:\Users\user\Desktop\laba5\main\api_views.py", line 19, in authenticate
    if not request.user.is_authenticated:
           ^^^^^^^^^^^^
  File "C:\Users\user\AppData\Local\Programs\Python\Python313\Lib\site-packages\rest_framework\request.py", line 227, in user
    self._authenticate()
    ~~~~~~~~~~~~~~~~~~^^
  File "C:\Users\user\AppData\Local\Programs\Python\Python313\Lib\site-packages\rest_framework\request.py", line 380, in _authenticate
    user_auth_tuple = authenticator.authenticate(self)
  File "C:\Users\user\Desktop\laba5\main\api_views.py", line 19, in authenticate
    if not request.user.is_authenticated:
           ^^^^^^^^^^^^
  File "C:\Users\user\AppData\Local\Programs\Python\Python313\Lib\site-packages\rest_framework\request.py", line 227, in user
    self._authenticate()
    ~~~~~~~~~~~~~~~~~~^^
  File "C:\Users\user\AppData\Local\Programs\Python\Python313\Lib\site-packages\rest_framework\request.py", line 380, in _authenticate
    user_auth_tuple = authenticator.authenticate(self)
  File "C:\Users\user\Desktop\laba5\main\api_views.py", line 19, in authenticate
    if not request.user.is_authenticated:
           ^^^^^^^^^^^^
  File "C:\Users\user\AppData\Local\Programs\Python\Python313\Lib\site-packages\rest_framework\request.py", line 227, in user
    self._authenticate()
    ~~~~~~~~~~~~~~~~~~^^
  File "C:\Users\user\AppData\Local\Programs\Python\Python313\Lib\site-packages\rest_framework\request.py", line 380, in _authenticate
    user_auth_tuple = authenticator.authenticate(self)
  File "C:\Users\user\Desktop\laba5\main\api_views.py", line 19, in authenticate
    if not request.user.is_authenticated:
           ^^^^^^^^^^^^
  File "C:\Users\user\AppData\Local\Programs\Python\Python313\Lib\site-packages\rest_framework\request.py", line 227, in user
    self._authenticate()
    ~~~~~~~~~~~~~~~~~~^^
  File "C:\Users\user\AppData\Local\Programs\Python\Python313\Lib\site-packages\rest_framework\request.py", line 380, in _authenticate
    user_auth_tuple = authenticator.authenticate(self)
  File "C:\Users\user\Desktop\laba5\main\api_views.py", line 19, in authenticate
    if not request.user.is_authenticated:
           ^^^^^^^^^^^^
  File "C:\Users\user\AppData\Local\Programs\Python\Python313\Lib\site-packages\rest_framework\request.py", line 227, in user
    self._authenticate()
    ~~~~~~~~~~~~~~~~~~^^
  File "C:\Users\user\AppData\Local\Programs\Python\Python313\Lib\site-packages\rest_framework\request.py", line 380, in _authenticate
    user_auth_tuple = authenticator.authenticate(self)
  File "C:\Users\user\Desktop\laba5\main\api_views.py", line 19, in authenticate
    if not request.user.is_authenticated:
           ^^^^^^^^^^^^
  File "C:\Users\user\AppData\Local\Programs\Python\Python313\Lib\site-packages\rest_framework\request.py", line 227, in user
    self._authenticate()
    ~~~~~~~~~~~~~~~~~~^^
  File "C:\Users\user\AppData\Local\Programs\Python\Python313\Lib\site-packages\rest_framework\request.py", line 380, in _authenticate
    user_auth_tuple = authenticator.authenticate(self)
  File "C:\Users\user\Desktop\laba5\main\api_views.py", line 19, in authenticate
    if not request.user.is_authenticated:
           ^^^^^^^^^^^^
  File "C:\Users\user\AppData\Local\Programs\Python\Python313\Lib\site-packages\rest_framework\request.py", line 227, in user
    self._authenticate()
    ~~~~~~~~~~~~~~~~~~^^
  File "C:\Users\user\AppData\Local\Programs\Python\Python313\Lib\site-packages\rest_framework\request.py", line 380, in _authenticate
    user_auth_tuple = authenticator.authenticate(self)
  File "C:\Users\user\Desktop\laba5\main\api_views.py", line 19, in authenticate
    if not request.user.is_authenticated:
           ^^^^^^^^^^^^
  File "C:\Users\user\AppData\Local\Programs\Python\Python313\Lib\site-packages\rest_framework\request.py", line 227, in user
    self._authenticate()
    ~~~~~~~~~~~~~~~~~~^^
  File "C:\Users\user\AppData\Local\Programs\Python\Python313\Lib\site-packages\rest_framework\request.py", line 380, in _authenticate
    user_auth_tuple = authenticator.authenticate(self)
  File "C:\Users\user\Desktop\laba5\main\api_views.py", line 19, in authenticate
    if not request.user.is_authenticated:
           ^^^^^^^^^^^^
  File "C:\Users\user\AppData\Local\Programs\Python\Python313\Lib\site-packages\rest_framework\request.py", line 227, in user
    self._authenticate()
    ~~~~~~~~~~~~~~~~~~^^
  File "C:\Users\user\AppData\Local\Programs\Python\Python313\Lib\site-packages\rest_framework\request.py", line 380, in _authenticate
    user_auth_tuple = authenticator.authenticate(self)
  File "C:\Users\user\Desktop\laba5\main\api_views.py", line 19, in authenticate
    if not request.user.is_authenticated:
           ^^^^^^^^^^^^
  File "C:\Users\user\AppData\Local\Programs\Python\Python313\Lib\site-packages\rest_framework\request.py", line 227, in user
    self._authenticate()
    ~~~~~~~~~~~~~~~~~~^^
  File "C:\Users\user\AppData\Local\Programs\Python\Python313\Lib\site-packages\rest_framework\request.py", line 380, in _authenticate
    user_auth_tuple = authenticator.authenticate(self)
  File "C:\Users\user\Desktop\laba5\main\api_views.py", line 19, in authenticate
    if not request.user.is_authenticated:
           ^^^^^^^^^^^^
  File "C:\Users\user\AppData\Local\Programs\Python\Python313\Lib\site-packages\rest_framework\request.py", line 227, in user
    self._authenticate()
    ~~~~~~~~~~~~~~~~~~^^
  File "C:\Users\user\AppData\Local\Programs\Python\Python313\Lib\site-packages\rest_framework\request.py", line 380, in _authenticate
    user_auth_tuple = authenticator.authenticate(self)
  File "C:\Users\user\Desktop\laba5\main\api_views.py", line 19, in authenticate
    if not request.user.is_authenticated:
           ^^^^^^^^^^^^
  File "C:\Users\user\AppData\Local\Programs\Python\Python313\Lib\site-packages\rest_framework\request.py", line 227, in user
    self._authenticate()
    ~~~~~~~~~~~~~~~~~~^^
  File "C:\Users\user\AppData\Local\Programs\Python\Python313\Lib\site-packages\rest_framework\request.py", line 380, in _authenticate
    user_auth_tuple = authenticator.authenticate(self)
  File "C:\Users\user\Desktop\laba5\main\api_views.py", line 19, in authenticate
    if not request.user.is_authenticated:
           ^^^^^^^^^^^^
  File "C:\Users\user\AppData\Local\Programs\Python\Python313\Lib\site-packages\rest_framework\request.py", line 227, in user
    self._authenticate()
    ~~~~~~~~~~~~~~~~~~^^
  File "C:\Users\user\AppData\Local\Programs\Python\Python313\Lib\site-packages\rest_framework\request.py", line 380, in _authenticate
    user_auth_tuple = authenticator.authenticate(self)
  File "C:\Users\user\Desktop\laba5\main\api_views.py", line 19, in authenticate
    if not request.user.is_authenticated:
           ^^^^^^^^^^^^
  File "C:\Users\user\AppData\Local\Programs\Python\Python313\Lib\site-packages\rest_framework\request.py", line 227, in user
    self._authenticate()
    ~~~~~~~~~~~~~~~~~~^^
  File "C:\Users\user\AppData\Local\Programs\Python\Python313\Lib\site-packages\rest_framework\request.py", line 380, in _authenticate
    user_auth_tuple = authenticator.authenticate(self)
  File "C:\Users\user\Desktop\laba5\main\api_views.py", line 19, in authenticate
    if not request.user.is_authenticated:
           ^^^^^^^^^^^^
  File "C:\Users\user\AppData\Local\Programs\Python\Python313\Lib\site-packages\rest_framework\request.py", line 227, in user
    self._authenticate()
    ~~~~~~~~~~~~~~~~~~^^
  File "C:\Users\user\AppData\Local\Programs\Python\Python313\Lib\site-packages\rest_framework\request.py", line 380, in _authenticate
    user_auth_tuple = authenticator.authenticate(self)
  File "C:\Users\user\Desktop\laba5\main\api_views.py", line 19, in authenticate
    if not request.user.is_authenticated:
           ^^^^^^^^^^^^
  File "C:\Users\user\AppData\Local\Programs\Python\Python313\Lib\site-packages\rest_framework\request.py", line 227, in user
    self._authenticate()
    ~~~~~~~~~~~~~~~~~~^^
  File "C:\Users\user\AppData\Local\Programs\Python\Python313\Lib\site-packages\rest_framework\request.py", line 380, in _authenticate
    user_auth_tuple = authenticator.authenticate(self)
  File "C:\Users\user\Desktop\laba5\main\api_views.py", line 19, in authenticate
    if not request.user.is_authenticated:
           ^^^^^^^^^^^^
  File "C:\Users\user\AppData\Local\Programs\Python\Python313\Lib\site-packages\rest_framework\request.py", line 227, in user
    self._authenticate()
    ~~~~~~~~~~~~~~~~~~^^
  File "C:\Users\user\AppData\Local\Programs\Python\Python313\Lib\site-packages\rest_framework\request.py", line 380, in _authenticate
    user_auth_tuple = authenticator.authenticate(self)
  File "C:\Users\user\Desktop\laba5\main\api_views.py", line 19, in authenticate
    if not request.user.is_authenticated:
           ^^^^^^^^^^^^
  File "C:\Users\user\AppData\Local\Programs\Python\Python313\Lib\site-packages\rest_framework\request.py", line 227, in user
    self._authenticate()
    ~~~~~~~~~~~~~~~~~~^^
  File "C:\Users\user\AppData\Local\Programs\Python\Python313\Lib\site-packages\rest_framework\request.py", line 380, in _authenticate
    user_auth_tuple = authenticator.authenticate(self)
  File "C:\Users\user\Desktop\laba5\main\api_views.py", line 19, in authenticate
    if not request.user.is_authenticated:
           ^^^^^^^^^^^^
  File "C:\Users\user\AppData\Local\Programs\Python\Python313\Lib\site-packages\rest_framework\request.py", line 227, in user
    self._authenticate()
    ~~~~~~~~~~~~~~~~~~^^
  File "C:\Users\user\AppData\Local\Programs\Python\Python313\Lib\site-packages\rest_framework\request.py", line 380, in _authenticate
    user_auth_tuple = authenticator.authenticate(self)
  File "C:\Users\user\Desktop\laba5\main\api_views.py", line 19, in authenticate
    if not request.user.is_authenticated:
           ^^^^^^^^^^^^
  File "C:\Users\user\AppData\Local\Programs\Python\Python313\Lib\site-packages\rest_framework\request.py", line 227, in user
    self._authenticate()
    ~~~~~~~~~~~~~~~~~~^^
  File "C:\Users\user\AppData\Local\Programs\Python\Python313\Lib\site-packages\rest_framework\request.py", line 380, in _authenticate
    user_auth_tuple = authenticator.authenticate(self)
  File "C:\Users\user\Desktop\laba5\main\api_views.py", line 19, in authenticate
    if not request.user.is_authenticated:
           ^^^^^^^^^^^^
  File "C:\Users\user\AppData\Local\Programs\Python\Python313\Lib\site-packages\rest_framework\request.py", line 227, in user
    self._authenticate()
    ~~~~~~~~~~~~~~~~~~^^
  File "C:\Users\user\AppData\Local\Programs\Python\Python313\Lib\site-packages\rest_framework\request.py", line 380, in _authenticate
    user_auth_tuple = authenticator.authenticate(self)
  File "C:\Users\user\Desktop\laba5\main\api_views.py", line 19, in authenticate
    if not request.user.is_authenticated:
           ^^^^^^^^^^^^
  File "C:\Users\user\AppData\Local\Programs\Python\Python313\Lib\site-packages\rest_framework\request.py", line 227, in user
    self._authenticate()
    ~~~~~~~~~~~~~~~~~~^^
  File "C:\Users\user\AppData\Local\Programs\Python\Python313\Lib\site-packages\rest_framework\request.py", line 380, in _authenticate
    user_auth_tuple = authenticator.authenticate(self)
  File "C:\Users\user\Desktop\laba5\main\api_views.py", line 19, in authenticate
    if not request.user.is_authenticated:
           ^^^^^^^^^^^^
  File "C:\Users\user\AppData\Local\Programs\Python\Python313\Lib\site-packages\rest_framework\request.py", line 227, in user
    self._authenticate()
    ~~~~~~~~~~~~~~~~~~^^
  File "C:\Users\user\AppData\Local\Programs\Python\Python313\Lib\site-packages\rest_framework\request.py", line 380, in _authenticate
    user_auth_tuple = authenticator.authenticate(self)
  File "C:\Users\user\Desktop\laba5\main\api_views.py", line 19, in authenticate
    if not request.user.is_authenticated:
           ^^^^^^^^^^^^
  File "C:\Users\user\AppData\Local\Programs\Python\Python313\Lib\site-packages\rest_framework\request.py", line 227, in user
    self._authenticate()
    ~~~~~~~~~~~~~~~~~~^^
  File "C:\Users\user\AppData\Local\Programs\Python\Python313\Lib\site-packages\rest_framework\request.py", line 380, in _authenticate
    user_auth_tuple = authenticator.authenticate(self)
  File "C:\Users\user\Desktop\laba5\main\api_views.py", line 19, in authenticate
    if not request.user.is_authenticated:
           ^^^^^^^^^^^^
  File "C:\Users\user\AppData\Local\Programs\Python\Python313\Lib\site-packages\rest_framework\request.py", line 227, in user
    self._authenticate()
    ~~~~~~~~~~~~~~~~~~^^
  File "C:\Users\user\AppData\Local\Programs\Python\Python313\Lib\site-packages\rest_framework\request.py", line 380, in _authenticate
    user_auth_tuple = authenticator.authenticate(self)
  File "C:\Users\user\Desktop\laba5\main\api_views.py", line 19, in authenticate
    if not request.user.is_authenticated:
           ^^^^^^^^^^^^
  File "C:\Users\user\AppData\Local\Programs\Python\Python313\Lib\site-packages\rest_framework\request.py", line 227, in user
    self._authenticate()
    ~~~~~~~~~~~~~~~~~~^^
  File "C:\Users\user\AppData\Local\Programs\Python\Python313\Lib\site-packages\rest_framework\request.py", line 380, in _authenticate
    user_auth_tuple = authenticator.authenticate(self)
  File "C:\Users\user\Desktop\laba5\main\api_views.py", line 19, in authenticate
    if not request.user.is_authenticated:
           ^^^^^^^^^^^^
  File "C:\Users\user\AppData\Local\Programs\Python\Python313\Lib\site-packages\rest_framework\request.py", line 227, in user
    self._authenticate()
    ~~~~~~~~~~~~~~~~~~^^
  File "C:\Users\user\AppData\Local\Programs\Python\Python313\Lib\site-packages\rest_framework\request.py", line 380, in _authenticate
    user_auth_tuple = authenticator.authenticate(self)
  File "C:\Users\user\Desktop\laba5\main\api_views.py", line 19, in authenticate
    if not request.user.is_authenticated:
           ^^^^^^^^^^^^
  File "C:\Users\user\AppData\Local\Programs\Python\Python313\Lib\site-packages\rest_framework\request.py", line 227, in user
    self._authenticate()
    ~~~~~~~~~~~~~~~~~~^^
  File "C:\Users\user\AppData\Local\Programs\Python\Python313\Lib\site-packages\rest_framework\request.py", line 380, in _authenticate
    user_auth_tuple = authenticator.authenticate(self)
  File "C:\Users\user\Desktop\laba5\main\api_views.py", line 19, in authenticate
    if not request.user.is_authenticated:
           ^^^^^^^^^^^^
  File "C:\Users\user\AppData\Local\Programs\Python\Python313\Lib\site-packages\rest_framework\request.py", line 227, in user
    self._authenticate()
    ~~~~~~~~~~~~~~~~~~^^
  File "C:\Users\user\AppData\Local\Programs\Python\Python313\Lib\site-packages\rest_framework\request.py", line 380, in _authenticate
    user_auth_tuple = authenticator.authenticate(self)
  File "C:\Users\user\Desktop\laba5\main\api_views.py", line 19, in authenticate
    if not request.user.is_authenticated:
           ^^^^^^^^^^^^
  File "C:\Users\user\AppData\Local\Programs\Python\Python313\Lib\site-packages\rest_framework\request.py", line 227, in user
    self._authenticate()
    ~~~~~~~~~~~~~~~~~~^^
  File "C:\Users\user\AppData\Local\Programs\Python\Python313\Lib\site-packages\rest_framework\request.py", line 380, in _authenticate
    user_auth_tuple = authenticator.authenticate(self)
  File "C:\Users\user\Desktop\laba5\main\api_views.py", line 19, in authenticate
    if not request.user.is_authenticated:
           ^^^^^^^^^^^^
  File "C:\Users\user\AppData\Local\Programs\Python\Python313\Lib\site-packages\rest_framework\request.py", line 227, in user
    self._authenticate()
    ~~~~~~~~~~~~~~~~~~^^
  File "C:\Users\user\AppData\Local\Programs\Python\Python313\Lib\site-packages\rest_framework\request.py", line 380, in _authenticate
    user_auth_tuple = authenticator.authenticate(self)
  File "C:\Users\user\Desktop\laba5\main\api_views.py", line 19, in authenticate
    if not request.user.is_authenticated:
           ^^^^^^^^^^^^
  File "C:\Users\user\AppData\Local\Programs\Python\Python313\Lib\site-packages\rest_framework\request.py", line 227, in user
    self._authenticate()
    ~~~~~~~~~~~~~~~~~~^^
  File "C:\Users\user\AppData\Local\Programs\Python\Python313\Lib\site-packages\rest_framework\request.py", line 380, in _authenticate
    user_auth_tuple = authenticator.authenticate(self)
  File "C:\Users\user\Desktop\laba5\main\api_views.py", line 19, in authenticate
    if not request.user.is_authenticated:
           ^^^^^^^^^^^^
  File "C:\Users\user\AppData\Local\Programs\Python\Python313\Lib\site-packages\rest_framework\request.py", line 227, in user
    self._authenticate()
    ~~~~~~~~~~~~~~~~~~^^
  File "C:\Users\user\AppData\Local\Programs\Python\Python313\Lib\site-packages\rest_framework\request.py", line 380, in _authenticate
    user_auth_tuple = authenticator.authenticate(self)
  File "C:\Users\user\Desktop\laba5\main\api_views.py", line 19, in authenticate
    if not request.user.is_authenticated:
           ^^^^^^^^^^^^
  File "C:\Users\user\AppData\Local\Programs\Python\Python313\Lib\site-packages\rest_framework\request.py", line 227, in user
    self._authenticate()
    ~~~~~~~~~~~~~~~~~~^^
  File "C:\Users\user\AppData\Local\Programs\Python\Python313\Lib\site-packages\rest_framework\request.py", line 380, in _authenticate
    user_auth_tuple = authenticator.authenticate(self)
  File "C:\Users\user\Desktop\laba5\main\api_views.py", line 19, in authenticate
    if not request.user.is_authenticated:
           ^^^^^^^^^^^^
  File "C:\Users\user\AppData\Local\Programs\Python\Python313\Lib\site-packages\rest_framework\request.py", line 227, in user
    self._authenticate()
    ~~~~~~~~~~~~~~~~~~^^
  File "C:\Users\user\AppData\Local\Programs\Python\Python313\Lib\site-packages\rest_framework\request.py", line 380, in _authenticate
    user_auth_tuple = authenticator.authenticate(self)
  File "C:\Users\user\Desktop\laba5\main\api_views.py", line 19, in authenticate
    if not request.user.is_authenticated:
           ^^^^^^^^^^^^
  File "C:\Users\user\AppData\Local\Programs\Python\Python313\Lib\site-packages\rest_framework\request.py", line 227, in user
    self._authenticate()
    ~~~~~~~~~~~~~~~~~~^^
  File "C:\Users\user\AppData\Local\Programs\Python\Python313\Lib\site-packages\rest_framework\request.py", line 380, in _authenticate
    user_auth_tuple = authenticator.authenticate(self)
  File "C:\Users\user\Desktop\laba5\main\api_views.py", line 19, in authenticate
    if not request.user.is_authenticated:
           ^^^^^^^^^^^^
  File "C:\Users\user\AppData\Local\Programs\Python\Python313\Lib\site-packages\rest_framework\request.py", line 227, in user
    self._authenticate()
    ~~~~~~~~~~~~~~~~~~^^
  File "C:\Users\user\AppData\Local\Programs\Python\Python313\Lib\site-packages\rest_framework\request.py", line 380, in _authenticate
    user_auth_tuple = authenticator.authenticate(self)
  File "C:\Users\user\Desktop\laba5\main\api_views.py", line 19, in authenticate
    if not request.user.is_authenticated:
           ^^^^^^^^^^^^
  File "C:\Users\user\AppData\Local\Programs\Python\Python313\Lib\site-packages\rest_framework\request.py", line 227, in user
    self._authenticate()
    ~~~~~~~~~~~~~~~~~~^^
  File "C:\Users\user\AppData\Local\Programs\Python\Python313\Lib\site-packages\rest_framework\request.py", line 380, in _authenticate
    user_auth_tuple = authenticator.authenticate(self)
  File "C:\Users\user\Desktop\laba5\main\api_views.py", line 19, in authenticate
    if not request.user.is_authenticated:
           ^^^^^^^^^^^^
  File "C:\Users\user\AppData\Local\Programs\Python\Python313\Lib\site-packages\rest_framework\request.py", line 227, in user
    self._authenticate()
    ~~~~~~~~~~~~~~~~~~^^
  File "C:\Users\user\AppData\Local\Programs\Python\Python313\Lib\site-packages\rest_framework\request.py", line 380, in _authenticate
    user_auth_tuple = authenticator.authenticate(self)
  File "C:\Users\user\Desktop\laba5\main\api_views.py", line 19, in authenticate
    if not request.user.is_authenticated:
           ^^^^^^^^^^^^
  File "C:\Users\user\AppData\Local\Programs\Python\Python313\Lib\site-packages\rest_framework\request.py", line 227, in user
    self._authenticate()
    ~~~~~~~~~~~~~~~~~~^^
  File "C:\Users\user\AppData\Local\Programs\Python\Python313\Lib\site-packages\rest_framework\request.py", line 380, in _authenticate
    user_auth_tuple = authenticator.authenticate(self)
  File "C:\Users\user\Desktop\laba5\main\api_views.py", line 19, in authenticate
    if not request.user.is_authenticated:
           ^^^^^^^^^^^^
  File "C:\Users\user\AppData\Local\Programs\Python\Python313\Lib\site-packages\rest_framework\request.py", line 227, in user
    self._authenticate()
    ~~~~~~~~~~~~~~~~~~^^
  File "C:\Users\user\AppData\Local\Programs\Python\Python313\Lib\site-packages\rest_framework\request.py", line 380, in _authenticate
    user_auth_tuple = authenticator.authenticate(self)
  File "C:\Users\user\Desktop\laba5\main\api_views.py", line 19, in authenticate
    if not request.user.is_authenticated:
           ^^^^^^^^^^^^
  File "C:\Users\user\AppData\Local\Programs\Python\Python313\Lib\site-packages\rest_framework\request.py", line 227, in user
    self._authenticate()
    ~~~~~~~~~~~~~~~~~~^^
  File "C:\Users\user\AppData\Local\Programs\Python\Python313\Lib\site-packages\rest_framework\request.py", line 380, in _authenticate
    user_auth_tuple = authenticator.authenticate(self)
  File "C:\Users\user\Desktop\laba5\main\api_views.py", line 19, in authenticate
    if not request.user.is_authenticated:
           ^^^^^^^^^^^^
  File "C:\Users\user\AppData\Local\Programs\Python\Python313\Lib\site-packages\rest_framework\request.py", line 227, in user
    self._authenticate()
    ~~~~~~~~~~~~~~~~~~^^
  File "C:\Users\user\AppData\Local\Programs\Python\Python313\Lib\site-packages\rest_framework\request.py", line 380, in _authenticate
    user_auth_tuple = authenticator.authenticate(self)
  File "C:\Users\user\Desktop\laba5\main\api_views.py", line 19, in authenticate
    if not request.user.is_authenticated:
           ^^^^^^^^^^^^
  File "C:\Users\user\AppData\Local\Programs\Python\Python313\Lib\site-packages\rest_framework\request.py", line 227, in user
    self._authenticate()
    ~~~~~~~~~~~~~~~~~~^^
  File "C:\Users\user\AppData\Local\Programs\Python\Python313\Lib\site-packages\rest_framework\request.py", line 380, in _authenticate
    user_auth_tuple = authenticator.authenticate(self)
  File "C:\Users\user\Desktop\laba5\main\api_views.py", line 19, in authenticate
    if not request.user.is_authenticated:
           ^^^^^^^^^^^^
  File "C:\Users\user\AppData\Local\Programs\Python\Python313\Lib\site-packages\rest_framework\request.py", line 227, in user
    self._authenticate()
    ~~~~~~~~~~~~~~~~~~^^
  File "C:\Users\user\AppData\Local\Programs\Python\Python313\Lib\site-packages\rest_framework\request.py", line 380, in _authenticate
    user_auth_tuple = authenticator.authenticate(self)
  File "C:\Users\user\Desktop\laba5\main\api_views.py", line 19, in authenticate
    if not request.user.is_authenticated:
           ^^^^^^^^^^^^
  File "C:\Users\user\AppData\Local\Programs\Python\Python313\Lib\site-packages\rest_framework\request.py", line 227, in user
    self._authenticate()
    ~~~~~~~~~~~~~~~~~~^^
  File "C:\Users\user\AppData\Local\Programs\Python\Python313\Lib\site-packages\rest_framework\request.py", line 380, in _authenticate
    user_auth_tuple = authenticator.authenticate(self)
  File "C:\Users\user\Desktop\laba5\main\api_views.py", line 19, in authenticate
    if not request.user.is_authenticated:
           ^^^^^^^^^^^^
  File "C:\Users\user\AppData\Local\Programs\Python\Python313\Lib\site-packages\rest_framework\request.py", line 227, in user
    self._authenticate()
    ~~~~~~~~~~~~~~~~~~^^
  File "C:\Users\user\AppData\Local\Programs\Python\Python313\Lib\site-packages\rest_framework\request.py", line 380, in _authenticate
    user_auth_tuple = authenticator.authenticate(self)
  File "C:\Users\user\Desktop\laba5\main\api_views.py", line 19, in authenticate
    if not request.user.is_authenticated:
           ^^^^^^^^^^^^
  File "C:\Users\user\AppData\Local\Programs\Python\Python313\Lib\site-packages\rest_framework\request.py", line 227, in user
    self._authenticate()
    ~~~~~~~~~~~~~~~~~~^^
  File "C:\Users\user\AppData\Local\Programs\Python\Python313\Lib\site-packages\rest_framework\request.py", line 380, in _authenticate
    user_auth_tuple = authenticator.authenticate(self)
  File "C:\Users\user\Desktop\laba5\main\api_views.py", line 19, in authenticate
    if not request.user.is_authenticated:
           ^^^^^^^^^^^^
  File "C:\Users\user\AppData\Local\Programs\Python\Python313\Lib\site-packages\rest_framework\request.py", line 227, in user
    self._authenticate()
    ~~~~~~~~~~~~~~~~~~^^
  File "C:\Users\user\AppData\Local\Programs\Python\Python313\Lib\site-packages\rest_framework\request.py", line 380, in _authenticate
    user_auth_tuple = authenticator.authenticate(self)
  File "C:\Users\user\Desktop\laba5\main\api_views.py", line 19, in authenticate
    if not request.user.is_authenticated:
           ^^^^^^^^^^^^
  File "C:\Users\user\AppData\Local\Programs\Python\Python313\Lib\site-packages\rest_framework\request.py", line 227, in user
    self._authenticate()
    ~~~~~~~~~~~~~~~~~~^^
  File "C:\Users\user\AppData\Local\Programs\Python\Python313\Lib\site-packages\rest_framework\request.py", line 380, in _authenticate
    user_auth_tuple = authenticator.authenticate(self)
  File "C:\Users\user\Desktop\laba5\main\api_views.py", line 19, in authenticate
    if not request.user.is_authenticated:
           ^^^^^^^^^^^^
  File "C:\Users\user\AppData\Local\Programs\Python\Python313\Lib\site-packages\rest_framework\request.py", line 227, in user
    self._authenticate()
    ~~~~~~~~~~~~~~~~~~^^
  File "C:\Users\user\AppData\Local\Programs\Python\Python313\Lib\site-packages\rest_framework\request.py", line 380, in _authenticate
    user_auth_tuple = authenticator.authenticate(self)
  File "C:\Users\user\Desktop\laba5\main\api_views.py", line 19, in authenticate
    if not request.user.is_authenticated:
           ^^^^^^^^^^^^
  File "C:\Users\user\AppData\Local\Programs\Python\Python313\Lib\site-packages\rest_framework\request.py", line 227, in user
    self._authenticate()
    ~~~~~~~~~~~~~~~~~~^^
  File "C:\Users\user\AppData\Local\Programs\Python\Python313\Lib\site-packages\rest_framework\request.py", line 380, in _authenticate
    user_auth_tuple = authenticator.authenticate(self)
  File "C:\Users\user\Desktop\laba5\main\api_views.py", line 19, in authenticate
    if not request.user.is_authenticated:
           ^^^^^^^^^^^^
  File "C:\Users\user\AppData\Local\Programs\Python\Python313\Lib\site-packages\rest_framework\request.py", line 227, in user
    self._authenticate()
    ~~~~~~~~~~~~~~~~~~^^
  File "C:\Users\user\AppData\Local\Programs\Python\Python313\Lib\site-packages\rest_framework\request.py", line 380, in _authenticate
    user_auth_tuple = authenticator.authenticate(self)
  File "C:\Users\user\Desktop\laba5\main\api_views.py", line 19, in authenticate
    if not request.user.is_authenticated:
           ^^^^^^^^^^^^
  File "C:\Users\user\AppData\Local\Programs\Python\Python313\Lib\site-packages\rest_framework\request.py", line 227, in user
    self._authenticate()
    ~~~~~~~~~~~~~~~~~~^^
  File "C:\Users\user\AppData\Local\Programs\Python\Python313\Lib\site-packages\rest_framework\request.py", line 380, in _authenticate
    user_auth_tuple = authenticator.authenticate(self)
  File "C:\Users\user\Desktop\laba5\main\api_views.py", line 19, in authenticate
    if not request.user.is_authenticated:
           ^^^^^^^^^^^^
  File "C:\Users\user\AppData\Local\Programs\Python\Python313\Lib\site-packages\rest_framework\request.py", line 227, in user
    self._authenticate()
    ~~~~~~~~~~~~~~~~~~^^
  File "C:\Users\user\AppData\Local\Programs\Python\Python313\Lib\site-packages\rest_framework\request.py", line 380, in _authenticate
    user_auth_tuple = authenticator.authenticate(self)
  File "C:\Users\user\Desktop\laba5\main\api_views.py", line 19, in authenticate
    if not request.user.is_authenticated:
           ^^^^^^^^^^^^
  File "C:\Users\user\AppData\Local\Programs\Python\Python313\Lib\site-packages\rest_framework\request.py", line 227, in user
    self._authenticate()
    ~~~~~~~~~~~~~~~~~~^^
  File "C:\Users\user\AppData\Local\Programs\Python\Python313\Lib\site-packages\rest_framework\request.py", line 380, in _authenticate
    user_auth_tuple = authenticator.authenticate(self)
  File "C:\Users\user\Desktop\laba5\main\api_views.py", line 19, in authenticate
    if not request.user.is_authenticated:
           ^^^^^^^^^^^^
  File "C:\Users\user\AppData\Local\Programs\Python\Python313\Lib\site-packages\rest_framework\request.py", line 227, in user
    self._authenticate()
    ~~~~~~~~~~~~~~~~~~^^
  File "C:\Users\user\AppData\Local\Programs\Python\Python313\Lib\site-packages\rest_framework\request.py", line 380, in _authenticate
    user_auth_tuple = authenticator.authenticate(self)
  File "C:\Users\user\Desktop\laba5\main\api_views.py", line 19, in authenticate
    if not request.user.is_authenticated:
           ^^^^^^^^^^^^
  File "C:\Users\user\AppData\Local\Programs\Python\Python313\Lib\site-packages\rest_framework\request.py", line 227, in user
    self._authenticate()
    ~~~~~~~~~~~~~~~~~~^^
  File "C:\Users\user\AppData\Local\Programs\Python\Python313\Lib\site-packages\rest_framework\request.py", line 380, in _authenticate
    user_auth_tuple = authenticator.authenticate(self)
  File "C:\Users\user\Desktop\laba5\main\api_views.py", line 19, in authenticate
    if not request.user.is_authenticated:
           ^^^^^^^^^^^^
  File "C:\Users\user\AppData\Local\Programs\Python\Python313\Lib\site-packages\rest_framework\request.py", line 227, in user
    self._authenticate()
    ~~~~~~~~~~~~~~~~~~^^
  File "C:\Users\user\AppData\Local\Programs\Python\Python313\Lib\site-packages\rest_framework\request.py", line 380, in _authenticate
    user_auth_tuple = authenticator.authenticate(self)
  File "C:\Users\user\Desktop\laba5\main\api_views.py", line 19, in authenticate
    if not request.user.is_authenticated:
           ^^^^^^^^^^^^
  File "C:\Users\user\AppData\Local\Programs\Python\Python313\Lib\site-packages\rest_framework\request.py", line 227, in user
    self._authenticate()
    ~~~~~~~~~~~~~~~~~~^^
  File "C:\Users\user\AppData\Local\Programs\Python\Python313\Lib\site-packages\rest_framework\request.py", line 380, in _authenticate
    user_auth_tuple = authenticator.authenticate(self)
  File "C:\Users\user\Desktop\laba5\main\api_views.py", line 19, in authenticate
    if not request.user.is_authenticated:
           ^^^^^^^^^^^^
  File "C:\Users\user\AppData\Local\Programs\Python\Python313\Lib\site-packages\rest_framework\request.py", line 227, in user
    self._authenticate()
    ~~~~~~~~~~~~~~~~~~^^
  File "C:\Users\user\AppData\Local\Programs\Python\Python313\Lib\site-packages\rest_framework\request.py", line 380, in _authenticate
    user_auth_tuple = authenticator.authenticate(self)
  File "C:\Users\user\Desktop\laba5\main\api_views.py", line 19, in authenticate
    if not request.user.is_authenticated:
           ^^^^^^^^^^^^
  File "C:\Users\user\AppData\Local\Programs\Python\Python313\Lib\site-packages\rest_framework\request.py", line 227, in user
    self._authenticate()
    ~~~~~~~~~~~~~~~~~~^^
  File "C:\Users\user\AppData\Local\Programs\Python\Python313\Lib\site-packages\rest_framework\request.py", line 380, in _authenticate
    user_auth_tuple = authenticator.authenticate(self)
  File "C:\Users\user\Desktop\laba5\main\api_views.py", line 19, in authenticate
    if not request.user.is_authenticated:
           ^^^^^^^^^^^^
  File "C:\Users\user\AppData\Local\Programs\Python\Python313\Lib\site-packages\rest_framework\request.py", line 227, in user
    self._authenticate()
    ~~~~~~~~~~~~~~~~~~^^
  File "C:\Users\user\AppData\Local\Programs\Python\Python313\Lib\site-packages\rest_framework\request.py", line 380, in _authenticate
    user_auth_tuple = authenticator.authenticate(self)
  File "C:\Users\user\Desktop\laba5\main\api_views.py", line 19, in authenticate
    if not request.user.is_authenticated:
           ^^^^^^^^^^^^
  File "C:\Users\user\AppData\Local\Programs\Python\Python313\Lib\site-packages\rest_framework\request.py", line 227, in user
    self._authenticate()
    ~~~~~~~~~~~~~~~~~~^^
  File "C:\Users\user\AppData\Local\Programs\Python\Python313\Lib\site-packages\rest_framework\request.py", line 380, in _authenticate
    user_auth_tuple = authenticator.authenticate(self)
  File "C:\Users\user\Desktop\laba5\main\api_views.py", line 19, in authenticate
    if not request.user.is_authenticated:
           ^^^^^^^^^^^^
  File "C:\Users\user\AppData\Local\Programs\Python\Python313\Lib\site-packages\rest_framework\request.py", line 227, in user
    self._authenticate()
    ~~~~~~~~~~~~~~~~~~^^
  File "C:\Users\user\AppData\Local\Programs\Python\Python313\Lib\site-packages\rest_framework\request.py", line 380, in _authenticate
    user_auth_tuple = authenticator.authenticate(self)
  File "C:\Users\user\Desktop\laba5\main\api_views.py", line 19, in authenticate
    if not request.user.is_authenticated:
           ^^^^^^^^^^^^
  File "C:\Users\user\AppData\Local\Programs\Python\Python313\Lib\site-packages\rest_framework\request.py", line 227, in user
    self._authenticate()
    ~~~~~~~~~~~~~~~~~~^^
  File "C:\Users\user\AppData\Local\Programs\Python\Python313\Lib\site-packages\rest_framework\request.py", line 380, in _authenticate
    user_auth_tuple = authenticator.authenticate(self)
  File "C:\Users\user\Desktop\laba5\main\api_views.py", line 19, in authenticate
    if not request.user.is_authenticated:
           ^^^^^^^^^^^^
  File "C:\Users\user\AppData\Local\Programs\Python\Python313\Lib\site-packages\rest_framework\request.py", line 227, in user
    self._authenticate()
    ~~~~~~~~~~~~~~~~~~^^
  File "C:\Users\user\AppData\Local\Programs\Python\Python313\Lib\site-packages\rest_framework\request.py", line 380, in _authenticate
    user_auth_tuple = authenticator.authenticate(self)
  File "C:\Users\user\Desktop\laba5\main\api_views.py", line 19, in authenticate
    if not request.user.is_authenticated:
           ^^^^^^^^^^^^
  File "C:\Users\user\AppData\Local\Programs\Python\Python313\Lib\site-packages\rest_framework\request.py", line 227, in user
    self._authenticate()
    ~~~~~~~~~~~~~~~~~~^^
  File "C:\Users\user\AppData\Local\Programs\Python\Python313\Lib\site-packages\rest_framework\request.py", line 380, in _authenticate
    user_auth_tuple = authenticator.authenticate(self)
  File "C:\Users\user\Desktop\laba5\main\api_views.py", line 19, in authenticate
    if not request.user.is_authenticated:
           ^^^^^^^^^^^^
  File "C:\Users\user\AppData\Local\Programs\Python\Python313\Lib\site-packages\rest_framework\request.py", line 227, in user
    self._authenticate()
    ~~~~~~~~~~~~~~~~~~^^
  File "C:\Users\user\AppData\Local\Programs\Python\Python313\Lib\site-packages\rest_framework\request.py", line 380, in _authenticate
    user_auth_tuple = authenticator.authenticate(self)
  File "C:\Users\user\Desktop\laba5\main\api_views.py", line 19, in authenticate
    if not request.user.is_authenticated:
           ^^^^^^^^^^^^
  File "C:\Users\user\AppData\Local\Programs\Python\Python313\Lib\site-packages\rest_framework\request.py", line 227, in user
    self._authenticate()
    ~~~~~~~~~~~~~~~~~~^^
  File "C:\Users\user\AppData\Local\Programs\Python\Python313\Lib\site-packages\rest_framework\request.py", line 380, in _authenticate
    user_auth_tuple = authenticator.authenticate(self)
  File "C:\Users\user\Desktop\laba5\main\api_views.py", line 19, in authenticate
    if not request.user.is_authenticated:
           ^^^^^^^^^^^^
  File "C:\Users\user\AppData\Local\Programs\Python\Python313\Lib\site-packages\rest_framework\request.py", line 227, in user
    self._authenticate()
    ~~~~~~~~~~~~~~~~~~^^
  File "C:\Users\user\AppData\Local\Programs\Python\Python313\Lib\site-packages\rest_framework\request.py", line 380, in _authenticate
    user_auth_tuple = authenticator.authenticate(self)
  File "C:\Users\user\Desktop\laba5\main\api_views.py", line 19, in authenticate
    if not request.user.is_authenticated:
           ^^^^^^^^^^^^
  File "C:\Users\user\AppData\Local\Programs\Python\Python313\Lib\site-packages\rest_framework\request.py", line 227, in user
    self._authenticate()
    ~~~~~~~~~~~~~~~~~~^^
  File "C:\Users\user\AppData\Local\Programs\Python\Python313\Lib\site-packages\rest_framework\request.py", line 380, in _authenticate
    user_auth_tuple = authenticator.authenticate(self)
  File "C:\Users\user\Desktop\laba5\main\api_views.py", line 19, in authenticate
    if not request.user.is_authenticated:
           ^^^^^^^^^^^^
  File "C:\Users\user\AppData\Local\Programs\Python\Python313\Lib\site-packages\rest_framework\request.py", line 227, in user
    self._authenticate()
    ~~~~~~~~~~~~~~~~~~^^
  File "C:\Users\user\AppData\Local\Programs\Python\Python313\Lib\site-packages\rest_framework\request.py", line 380, in _authenticate
    user_auth_tuple = authenticator.authenticate(self)
  File "C:\Users\user\Desktop\laba5\main\api_views.py", line 19, in authenticate
    if not request.user.is_authenticated:
           ^^^^^^^^^^^^
  File "C:\Users\user\AppData\Local\Programs\Python\Python313\Lib\site-packages\rest_framework\request.py", line 227, in user
    self._authenticate()
    ~~~~~~~~~~~~~~~~~~^^
  File "C:\Users\user\AppData\Local\Programs\Python\Python313\Lib\site-packages\rest_framework\request.py", line 380, in _authenticate
    user_auth_tuple = authenticator.authenticate(self)
  File "C:\Users\user\Desktop\laba5\main\api_views.py", line 19, in authenticate
    if not request.user.is_authenticated:
           ^^^^^^^^^^^^
  File "C:\Users\user\AppData\Local\Programs\Python\Python313\Lib\site-packages\rest_framework\request.py", line 227, in user
    self._authenticate()
    ~~~~~~~~~~~~~~~~~~^^
  File "C:\Users\user\AppData\Local\Programs\Python\Python313\Lib\site-packages\rest_framework\request.py", line 380, in _authenticate
    user_auth_tuple = authenticator.authenticate(self)
  File "C:\Users\user\Desktop\laba5\main\api_views.py", line 19, in authenticate
    if not request.user.is_authenticated:
           ^^^^^^^^^^^^
  File "C:\Users\user\AppData\Local\Programs\Python\Python313\Lib\site-packages\rest_framework\request.py", line 227, in user
    self._authenticate()
    ~~~~~~~~~~~~~~~~~~^^
  File "C:\Users\user\AppData\Local\Programs\Python\Python313\Lib\site-packages\rest_framework\request.py", line 380, in _authenticate
    user_auth_tuple = authenticator.authenticate(self)
  File "C:\Users\user\Desktop\laba5\main\api_views.py", line 19, in authenticate
    if not request.user.is_authenticated:
           ^^^^^^^^^^^^
  File "C:\Users\user\AppData\Local\Programs\Python\Python313\Lib\site-packages\rest_framework\request.py", line 227, in user
    self._authenticate()
    ~~~~~~~~~~~~~~~~~~^^
  File "C:\Users\user\AppData\Local\Programs\Python\Python313\Lib\site-packages\rest_framework\request.py", line 380, in _authenticate
    user_auth_tuple = authenticator.authenticate(self)
  File "C:\Users\user\Desktop\laba5\main\api_views.py", line 19, in authenticate
    if not request.user.is_authenticated:
           ^^^^^^^^^^^^
  File "C:\Users\user\AppData\Local\Programs\Python\Python313\Lib\site-packages\rest_framework\request.py", line 227, in user
    self._authenticate()
    ~~~~~~~~~~~~~~~~~~^^
  File "C:\Users\user\AppData\Local\Programs\Python\Python313\Lib\site-packages\rest_framework\request.py", line 380, in _authenticate
    user_auth_tuple = authenticator.authenticate(self)
  File "C:\Users\user\Desktop\laba5\main\api_views.py", line 19, in authenticate
    if not request.user.is_authenticated:
           ^^^^^^^^^^^^
  File "C:\Users\user\AppData\Local\Programs\Python\Python313\Lib\site-packages\rest_framework\request.py", line 227, in user
    self._authenticate()
    ~~~~~~~~~~~~~~~~~~^^
  File "C:\Users\user\AppData\Local\Programs\Python\Python313\Lib\site-packages\rest_framework\request.py", line 380, in _authenticate
    user_auth_tuple = authenticator.authenticate(self)
  File "C:\Users\user\Desktop\laba5\main\api_views.py", line 19, in authenticate
    if not request.user.is_authenticated:
           ^^^^^^^^^^^^
  File "C:\Users\user\AppData\Local\Programs\Python\Python313\Lib\site-packages\rest_framework\request.py", line 227, in user
    self._authenticate()
    ~~~~~~~~~~~~~~~~~~^^
  File "C:\Users\user\AppData\Local\Programs\Python\Python313\Lib\site-packages\rest_framework\request.py", line 380, in _authenticate
    user_auth_tuple = authenticator.authenticate(self)
  File "C:\Users\user\Desktop\laba5\main\api_views.py", line 19, in authenticate
    if not request.user.is_authenticated:
           ^^^^^^^^^^^^
  File "C:\Users\user\AppData\Local\Programs\Python\Python313\Lib\site-packages\rest_framework\request.py", line 227, in user
    self._authenticate()
    ~~~~~~~~~~~~~~~~~~^^
  File "C:\Users\user\AppData\Local\Programs\Python\Python313\Lib\site-packages\rest_framework\request.py", line 380, in _authenticate
    user_auth_tuple = authenticator.authenticate(self)
  File "C:\Users\user\Desktop\laba5\main\api_views.py", line 19, in authenticate
    if not request.user.is_authenticated:
           ^^^^^^^^^^^^
  File "C:\Users\user\AppData\Local\Programs\Python\Python313\Lib\site-packages\rest_framework\request.py", line 227, in user
    self._authenticate()
    ~~~~~~~~~~~~~~~~~~^^
  File "C:\Users\user\AppData\Local\Programs\Python\Python313\Lib\site-packages\rest_framework\request.py", line 380, in _authenticate
    user_auth_tuple = authenticator.authenticate(self)
  File "C:\Users\user\Desktop\laba5\main\api_views.py", line 19, in authenticate
    if not request.user.is_authenticated:
           ^^^^^^^^^^^^
  File "C:\Users\user\AppData\Local\Programs\Python\Python313\Lib\site-packages\rest_framework\request.py", line 227, in user
    self._authenticate()
    ~~~~~~~~~~~~~~~~~~^^
  File "C:\Users\user\AppData\Local\Programs\Python\Python313\Lib\site-packages\rest_framework\request.py", line 380, in _authenticate
    user_auth_tuple = authenticator.authenticate(self)
  File "C:\Users\user\Desktop\laba5\main\api_views.py", line 19, in authenticate
    if not request.user.is_authenticated:
           ^^^^^^^^^^^^
  File "C:\Users\user\AppData\Local\Programs\Python\Python313\Lib\site-packages\rest_framework\request.py", line 227, in user
    self._authenticate()
    ~~~~~~~~~~~~~~~~~~^^
  File "C:\Users\user\AppData\Local\Programs\Python\Python313\Lib\site-packages\rest_framework\request.py", line 380, in _authenticate
    user_auth_tuple = authenticator.authenticate(self)
  File "C:\Users\user\Desktop\laba5\main\api_views.py", line 19, in authenticate
    if not request.user.is_authenticated:
           ^^^^^^^^^^^^
  File "C:\Users\user\AppData\Local\Programs\Python\Python313\Lib\site-packages\rest_framework\request.py", line 227, in user
    self._authenticate()
    ~~~~~~~~~~~~~~~~~~^^
  File "C:\Users\user\AppData\Local\Programs\Python\Python313\Lib\site-packages\rest_framework\request.py", line 380, in _authenticate
    user_auth_tuple = authenticator.authenticate(self)
  File "C:\Users\user\Desktop\laba5\main\api_views.py", line 19, in authenticate
    if not request.user.is_authenticated:
           ^^^^^^^^^^^^
  File "C:\Users\user\AppData\Local\Programs\Python\Python313\Lib\site-packages\rest_framework\request.py", line 227, in user
    self._authenticate()
    ~~~~~~~~~~~~~~~~~~^^
  File "C:\Users\user\AppData\Local\Programs\Python\Python313\Lib\site-packages\rest_framework\request.py", line 380, in _authenticate
    user_auth_tuple = authenticator.authenticate(self)
  File "C:\Users\user\Desktop\laba5\main\api_views.py", line 19, in authenticate
    if not request.user.is_authenticated:
           ^^^^^^^^^^^^
  File "C:\Users\user\AppData\Local\Programs\Python\Python313\Lib\site-packages\rest_framework\request.py", line 227, in user
    self._authenticate()
    ~~~~~~~~~~~~~~~~~~^^
  File "C:\Users\user\AppData\Local\Programs\Python\Python313\Lib\site-packages\rest_framework\request.py", line 380, in _authenticate
    user_auth_tuple = authenticator.authenticate(self)
  File "C:\Users\user\Desktop\laba5\main\api_views.py", line 19, in authenticate
    if not request.user.is_authenticated:
           ^^^^^^^^^^^^
  File "C:\Users\user\AppData\Local\Programs\Python\Python313\Lib\site-packages\rest_framework\request.py", line 227, in user
    self._authenticate()
    ~~~~~~~~~~~~~~~~~~^^
  File "C:\Users\user\AppData\Local\Programs\Python\Python313\Lib\site-packages\rest_framework\request.py", line 380, in _authenticate
    user_auth_tuple = authenticator.authenticate(self)
  File "C:\Users\user\Desktop\laba5\main\api_views.py", line 19, in authenticate
    if not request.user.is_authenticated:
           ^^^^^^^^^^^^
  File "C:\Users\user\AppData\Local\Programs\Python\Python313\Lib\site-packages\rest_framework\request.py", line 227, in user
    self._authenticate()
    ~~~~~~~~~~~~~~~~~~^^
  File "C:\Users\user\AppData\Local\Programs\Python\Python313\Lib\site-packages\rest_framework\request.py", line 380, in _authenticate
    user_auth_tuple = authenticator.authenticate(self)
  File "C:\Users\user\Desktop\laba5\main\api_views.py", line 19, in authenticate
    if not request.user.is_authenticated:
           ^^^^^^^^^^^^
  File "C:\Users\user\AppData\Local\Programs\Python\Python313\Lib\site-packages\rest_framework\request.py", line 227, in user
    self._authenticate()
    ~~~~~~~~~~~~~~~~~~^^
  File "C:\Users\user\AppData\Local\Programs\Python\Python313\Lib\site-packages\rest_framework\request.py", line 380, in _authenticate
    user_auth_tuple = authenticator.authenticate(self)
  File "C:\Users\user\Desktop\laba5\main\api_views.py", line 19, in authenticate
    if not request.user.is_authenticated:
           ^^^^^^^^^^^^
  File "C:\Users\user\AppData\Local\Programs\Python\Python313\Lib\site-packages\rest_framework\request.py", line 227, in user
    self._authenticate()
    ~~~~~~~~~~~~~~~~~~^^
  File "C:\Users\user\AppData\Local\Programs\Python\Python313\Lib\site-packages\rest_framework\request.py", line 380, in _authenticate
    user_auth_tuple = authenticator.authenticate(self)
  File "C:\Users\user\Desktop\laba5\main\api_views.py", line 19, in authenticate
    if not request.user.is_authenticated:
           ^^^^^^^^^^^^
  File "C:\Users\user\AppData\Local\Programs\Python\Python313\Lib\site-packages\rest_framework\request.py", line 227, in user
    self._authenticate()
    ~~~~~~~~~~~~~~~~~~^^
  File "C:\Users\user\AppData\Local\Programs\Python\Python313\Lib\site-packages\rest_framework\request.py", line 380, in _authenticate
    user_auth_tuple = authenticator.authenticate(self)
  File "C:\Users\user\Desktop\laba5\main\api_views.py", line 19, in authenticate
    if not request.user.is_authenticated:
           ^^^^^^^^^^^^
  File "C:\Users\user\AppData\Local\Programs\Python\Python313\Lib\site-packages\rest_framework\request.py", line 227, in user
    self._authenticate()
    ~~~~~~~~~~~~~~~~~~^^
  File "C:\Users\user\AppData\Local\Programs\Python\Python313\Lib\site-packages\rest_framework\request.py", line 380, in _authenticate
    user_auth_tuple = authenticator.authenticate(self)
  File "C:\Users\user\Desktop\laba5\main\api_views.py", line 19, in authenticate
    if not request.user.is_authenticated:
           ^^^^^^^^^^^^
  File "C:\Users\user\AppData\Local\Programs\Python\Python313\Lib\site-packages\rest_framework\request.py", line 227, in user
    self._authenticate()
    ~~~~~~~~~~~~~~~~~~^^
  File "C:\Users\user\AppData\Local\Programs\Python\Python313\Lib\site-packages\rest_framework\request.py", line 380, in _authenticate
    user_auth_tuple = authenticator.authenticate(self)
  File "C:\Users\user\Desktop\laba5\main\api_views.py", line 19, in authenticate
    if not request.user.is_authenticated:
           ^^^^^^^^^^^^
  File "C:\Users\user\AppData\Local\Programs\Python\Python313\Lib\site-packages\rest_framework\request.py", line 227, in user
    self._authenticate()
    ~~~~~~~~~~~~~~~~~~^^
  File "C:\Users\user\AppData\Local\Programs\Python\Python313\Lib\site-packages\rest_framework\request.py", line 380, in _authenticate
    user_auth_tuple = authenticator.authenticate(self)
  File "C:\Users\user\Desktop\laba5\main\api_views.py", line 19, in authenticate
    if not request.user.is_authenticated:
           ^^^^^^^^^^^^
  File "C:\Users\user\AppData\Local\Programs\Python\Python313\Lib\site-packages\rest_framework\request.py", line 227, in user
    self._authenticate()
    ~~~~~~~~~~~~~~~~~~^^
  File "C:\Users\user\AppData\Local\Programs\Python\Python313\Lib\site-packages\rest_framework\request.py", line 380, in _authenticate
    user_auth_tuple = authenticator.authenticate(self)
  File "C:\Users\user\Desktop\laba5\main\api_views.py", line 19, in authenticate
    if not request.user.is_authenticated:
           ^^^^^^^^^^^^
  File "C:\Users\user\AppData\Local\Programs\Python\Python313\Lib\site-packages\rest_framework\request.py", line 227, in user
    self._authenticate()
    ~~~~~~~~~~~~~~~~~~^^
  File "C:\Users\user\AppData\Local\Programs\Python\Python313\Lib\site-packages\rest_framework\request.py", line 380, in _authenticate
    user_auth_tuple = authenticator.authenticate(self)
  File "C:\Users\user\Desktop\laba5\main\api_views.py", line 19, in authenticate
    if not request.user.is_authenticated:
           ^^^^^^^^^^^^
  File "C:\Users\user\AppData\Local\Programs\Python\Python313\Lib\site-packages\rest_framework\request.py", line 227, in user
    self._authenticate()
    ~~~~~~~~~~~~~~~~~~^^
  File "C:\Users\user\AppData\Local\Programs\Python\Python313\Lib\site-packages\rest_framework\request.py", line 380, in _authenticate
    user_auth_tuple = authenticator.authenticate(self)
  File "C:\Users\user\Desktop\laba5\main\api_views.py", line 19, in authenticate
    if not request.user.is_authenticated:
           ^^^^^^^^^^^^
  File "C:\Users\user\AppData\Local\Programs\Python\Python313\Lib\site-packages\rest_framework\request.py", line 227, in user
    self._authenticate()
    ~~~~~~~~~~~~~~~~~~^^
  File "C:\Users\user\AppData\Local\Programs\Python\Python313\Lib\site-packages\rest_framework\request.py", line 380, in _authenticate
    user_auth_tuple = authenticator.authenticate(self)
  File "C:\Users\user\Desktop\laba5\main\api_views.py", line 19, in authenticate
    if not request.user.is_authenticated:
           ^^^^^^^^^^^^
  File "C:\Users\user\AppData\Local\Programs\Python\Python313\Lib\site-packages\rest_framework\request.py", line 227, in user
    self._authenticate()
    ~~~~~~~~~~~~~~~~~~^^
  File "C:\Users\user\AppData\Local\Programs\Python\Python313\Lib\site-packages\rest_framework\request.py", line 380, in _authenticate
    user_auth_tuple = authenticator.authenticate(self)
  File "C:\Users\user\Desktop\laba5\main\api_views.py", line 19, in authenticate
    if not request.user.is_authenticated:
           ^^^^^^^^^^^^
  File "C:\Users\user\AppData\Local\Programs\Python\Python313\Lib\site-packages\rest_framework\request.py", line 227, in user
    self._authenticate()
    ~~~~~~~~~~~~~~~~~~^^
  File "C:\Users\user\AppData\Local\Programs\Python\Python313\Lib\site-packages\rest_framework\request.py", line 380, in _authenticate
    user_auth_tuple = authenticator.authenticate(self)
  File "C:\Users\user\Desktop\laba5\main\api_views.py", line 19, in authenticate
    if not request.user.is_authenticated:
           ^^^^^^^^^^^^
  File "C:\Users\user\AppData\Local\Programs\Python\Python313\Lib\site-packages\rest_framework\request.py", line 227, in user
    self._authenticate()
    ~~~~~~~~~~~~~~~~~~^^
  File "C:\Users\user\AppData\Local\Programs\Python\Python313\Lib\site-packages\rest_framework\request.py", line 380, in _authenticate
    user_auth_tuple = authenticator.authenticate(self)
  File "C:\Users\user\Desktop\laba5\main\api_views.py", line 19, in authenticate
    if not request.user.is_authenticated:
           ^^^^^^^^^^^^
  File "C:\Users\user\AppData\Local\Programs\Python\Python313\Lib\site-packages\rest_framework\request.py", line 227, in user
    self._authenticate()
    ~~~~~~~~~~~~~~~~~~^^
  File "C:\Users\user\AppData\Local\Programs\Python\Python313\Lib\site-packages\rest_framework\request.py", line 380, in _authenticate
    user_auth_tuple = authenticator.authenticate(self)
  File "C:\Users\user\Desktop\laba5\main\api_views.py", line 19, in authenticate
    if not request.user.is_authenticated:
           ^^^^^^^^^^^^
  File "C:\Users\user\AppData\Local\Programs\Python\Python313\Lib\site-packages\rest_framework\request.py", line 227, in user
    self._authenticate()
    ~~~~~~~~~~~~~~~~~~^^
  File "C:\Users\user\AppData\Local\Programs\Python\Python313\Lib\site-packages\rest_framework\request.py", line 380, in _authenticate
    user_auth_tuple = authenticator.authenticate(self)
  File "C:\Users\user\Desktop\laba5\main\api_views.py", line 19, in authenticate
    if not request.user.is_authenticated:
           ^^^^^^^^^^^^
  File "C:\Users\user\AppData\Local\Programs\Python\Python313\Lib\site-packages\rest_framework\request.py", line 227, in user
    self._authenticate()
    ~~~~~~~~~~~~~~~~~~^^
  File "C:\Users\user\AppData\Local\Programs\Python\Python313\Lib\site-packages\rest_framework\request.py", line 380, in _authenticate
    user_auth_tuple = authenticator.authenticate(self)
  File "C:\Users\user\Desktop\laba5\main\api_views.py", line 19, in authenticate
    if not request.user.is_authenticated:
           ^^^^^^^^^^^^
  File "C:\Users\user\AppData\Local\Programs\Python\Python313\Lib\site-packages\rest_framework\request.py", line 227, in user
    self._authenticate()
    ~~~~~~~~~~~~~~~~~~^^
  File "C:\Users\user\AppData\Local\Programs\Python\Python313\Lib\site-packages\rest_framework\request.py", line 380, in _authenticate
    user_auth_tuple = authenticator.authenticate(self)
  File "C:\Users\user\Desktop\laba5\main\api_views.py", line 19, in authenticate
    if not request.user.is_authenticated:
           ^^^^^^^^^^^^
  File "C:\Users\user\AppData\Local\Programs\Python\Python313\Lib\site-packages\rest_framework\request.py", line 227, in user
    self._authenticate()
    ~~~~~~~~~~~~~~~~~~^^
  File "C:\Users\user\AppData\Local\Programs\Python\Python313\Lib\site-packages\rest_framework\request.py", line 380, in _authenticate
    user_auth_tuple = authenticator.authenticate(self)
  File "C:\Users\user\Desktop\laba5\main\api_views.py", line 19, in authenticate
    if not request.user.is_authenticated:
           ^^^^^^^^^^^^
  File "C:\Users\user\AppData\Local\Programs\Python\Python313\Lib\site-packages\rest_framework\request.py", line 227, in user
    self._authenticate()
    ~~~~~~~~~~~~~~~~~~^^
  File "C:\Users\user\AppData\Local\Programs\Python\Python313\Lib\site-packages\rest_framework\request.py", line 380, in _authenticate
    user_auth_tuple = authenticator.authenticate(self)
  File "C:\Users\user\Desktop\laba5\main\api_views.py", line 19, in authenticate
    if not request.user.is_authenticated:
           ^^^^^^^^^^^^
  File "C:\Users\user\AppData\Local\Programs\Python\Python313\Lib\site-packages\rest_framework\request.py", line 227, in user
    self._authenticate()
    ~~~~~~~~~~~~~~~~~~^^
  File "C:\Users\user\AppData\Local\Programs\Python\Python313\Lib\site-packages\rest_framework\request.py", line 380, in _authenticate
    user_auth_tuple = authenticator.authenticate(self)
  File "C:\Users\user\Desktop\laba5\main\api_views.py", line 19, in authenticate
    if not request.user.is_authenticated:
           ^^^^^^^^^^^^
  File "C:\Users\user\AppData\Local\Programs\Python\Python313\Lib\site-packages\rest_framework\request.py", line 227, in user
    self._authenticate()
    ~~~~~~~~~~~~~~~~~~^^
  File "C:\Users\user\AppData\Local\Programs\Python\Python313\Lib\site-packages\rest_framework\request.py", line 380, in _authenticate
    user_auth_tuple = authenticator.authenticate(self)
  File "C:\Users\user\Desktop\laba5\main\api_views.py", line 19, in authenticate
    if not request.user.is_authenticated:
           ^^^^^^^^^^^^
  File "C:\Users\user\AppData\Local\Programs\Python\Python313\Lib\site-packages\rest_framework\request.py", line 227, in user
    self._authenticate()
    ~~~~~~~~~~~~~~~~~~^^
  File "C:\Users\user\AppData\Local\Programs\Python\Python313\Lib\site-packages\rest_framework\request.py", line 380, in _authenticate
    user_auth_tuple = authenticator.authenticate(self)
  File "C:\Users\user\Desktop\laba5\main\api_views.py", line 19, in authenticate
    if not request.user.is_authenticated:
           ^^^^^^^^^^^^
  File "C:\Users\user\AppData\Local\Programs\Python\Python313\Lib\site-packages\rest_framework\request.py", line 227, in user
    self._authenticate()
    ~~~~~~~~~~~~~~~~~~^^
  File "C:\Users\user\AppData\Local\Programs\Python\Python313\Lib\site-packages\rest_framework\request.py", line 380, in _authenticate
    user_auth_tuple = authenticator.authenticate(self)
  File "C:\Users\user\Desktop\laba5\main\api_views.py", line 19, in authenticate
    if not request.user.is_authenticated:
           ^^^^^^^^^^^^
  File "C:\Users\user\AppData\Local\Programs\Python\Python313\Lib\site-packages\rest_framework\request.py", line 227, in user
    self._authenticate()
    ~~~~~~~~~~~~~~~~~~^^
  File "C:\Users\user\AppData\Local\Programs\Python\Python313\Lib\site-packages\rest_framework\request.py", line 380, in _authenticate
    user_auth_tuple = authenticator.authenticate(self)
  File "C:\Users\user\Desktop\laba5\main\api_views.py", line 19, in authenticate
    if not request.user.is_authenticated:
           ^^^^^^^^^^^^
  File "C:\Users\user\AppData\Local\Programs\Python\Python313\Lib\site-packages\rest_framework\request.py", line 227, in user
    self._authenticate()
    ~~~~~~~~~~~~~~~~~~^^
  File "C:\Users\user\AppData\Local\Programs\Python\Python313\Lib\site-packages\rest_framework\request.py", line 380, in _authenticate
    user_auth_tuple = authenticator.authenticate(self)
  File "C:\Users\user\Desktop\laba5\main\api_views.py", line 19, in authenticate
    if not request.user.is_authenticated:
           ^^^^^^^^^^^^
  File "C:\Users\user\AppData\Local\Programs\Python\Python313\Lib\site-packages\rest_framework\request.py", line 227, in user
    self._authenticate()
    ~~~~~~~~~~~~~~~~~~^^
  File "C:\Users\user\AppData\Local\Programs\Python\Python313\Lib\site-packages\rest_framework\request.py", line 380, in _authenticate
    user_auth_tuple = authenticator.authenticate(self)
  File "C:\Users\user\Desktop\laba5\main\api_views.py", line 19, in authenticate
    if not request.user.is_authenticated:
           ^^^^^^^^^^^^
  File "C:\Users\user\AppData\Local\Programs\Python\Python313\Lib\site-packages\rest_framework\request.py", line 227, in user
    self._authenticate()
    ~~~~~~~~~~~~~~~~~~^^
  File "C:\Users\user\AppData\Local\Programs\Python\Python313\Lib\site-packages\rest_framework\request.py", line 380, in _authenticate
    user_auth_tuple = authenticator.authenticate(self)
  File "C:\Users\user\Desktop\laba5\main\api_views.py", line 19, in authenticate
    if not request.user.is_authenticated:
           ^^^^^^^^^^^^
  File "C:\Users\user\AppData\Local\Programs\Python\Python313\Lib\site-packages\rest_framework\request.py", line 227, in user
    self._authenticate()
    ~~~~~~~~~~~~~~~~~~^^
  File "C:\Users\user\AppData\Local\Programs\Python\Python313\Lib\site-packages\rest_framework\request.py", line 380, in _authenticate
    user_auth_tuple = authenticator.authenticate(self)
  File "C:\Users\user\Desktop\laba5\main\api_views.py", line 19, in authenticate
    if not request.user.is_authenticated:
           ^^^^^^^^^^^^
  File "C:\Users\user\AppData\Local\Programs\Python\Python313\Lib\site-packages\rest_framework\request.py", line 227, in user
    self._authenticate()
    ~~~~~~~~~~~~~~~~~~^^
  File "C:\Users\user\AppData\Local\Programs\Python\Python313\Lib\site-packages\rest_framework\request.py", line 380, in _authenticate
    user_auth_tuple = authenticator.authenticate(self)
  File "C:\Users\user\Desktop\laba5\main\api_views.py", line 19, in authenticate
    if not request.user.is_authenticated:
           ^^^^^^^^^^^^
  File "C:\Users\user\AppData\Local\Programs\Python\Python313\Lib\site-packages\rest_framework\request.py", line 227, in user
    self._authenticate()
    ~~~~~~~~~~~~~~~~~~^^
  File "C:\Users\user\AppData\Local\Programs\Python\Python313\Lib\site-packages\rest_framework\request.py", line 380, in _authenticate
    user_auth_tuple = authenticator.authenticate(self)
  File "C:\Users\user\Desktop\laba5\main\api_views.py", line 19, in authenticate
    if not request.user.is_authenticated:
           ^^^^^^^^^^^^
  File "C:\Users\user\AppData\Local\Programs\Python\Python313\Lib\site-packages\rest_framework\request.py", line 227, in user
    self._authenticate()
    ~~~~~~~~~~~~~~~~~~^^
  File "C:\Users\user\AppData\Local\Programs\Python\Python313\Lib\site-packages\rest_framework\request.py", line 380, in _authenticate
    user_auth_tuple = authenticator.authenticate(self)
  File "C:\Users\user\Desktop\laba5\main\api_views.py", line 19, in authenticate
    if not request.user.is_authenticated:
           ^^^^^^^^^^^^
  File "C:\Users\user\AppData\Local\Programs\Python\Python313\Lib\site-packages\rest_framework\request.py", line 227, in user
    self._authenticate()
    ~~~~~~~~~~~~~~~~~~^^
  File "C:\Users\user\AppData\Local\Programs\Python\Python313\Lib\site-packages\rest_framework\request.py", line 380, in _authenticate
    user_auth_tuple = authenticator.authenticate(self)
  File "C:\Users\user\Desktop\laba5\main\api_views.py", line 19, in authenticate
    if not request.user.is_authenticated:
           ^^^^^^^^^^^^
  File "C:\Users\user\AppData\Local\Programs\Python\Python313\Lib\site-packages\rest_framework\request.py", line 227, in user
    self._authenticate()
    ~~~~~~~~~~~~~~~~~~^^
  File "C:\Users\user\AppData\Local\Programs\Python\Python313\Lib\site-packages\rest_framework\request.py", line 380, in _authenticate
    user_auth_tuple = authenticator.authenticate(self)
  File "C:\Users\user\Desktop\laba5\main\api_views.py", line 19, in authenticate
    if not request.user.is_authenticated:
           ^^^^^^^^^^^^
  File "C:\Users\user\AppData\Local\Programs\Python\Python313\Lib\site-packages\rest_framework\request.py", line 227, in user
    self._authenticate()
    ~~~~~~~~~~~~~~~~~~^^
  File "C:\Users\user\AppData\Local\Programs\Python\Python313\Lib\site-packages\rest_framework\request.py", line 380, in _authenticate
    user_auth_tuple = authenticator.authenticate(self)
  File "C:\Users\user\Desktop\laba5\main\api_views.py", line 19, in authenticate
    if not request.user.is_authenticated:
           ^^^^^^^^^^^^
  File "C:\Users\user\AppData\Local\Programs\Python\Python313\Lib\site-packages\rest_framework\request.py", line 227, in user
    self._authenticate()
    ~~~~~~~~~~~~~~~~~~^^
  File "C:\Users\user\AppData\Local\Programs\Python\Python313\Lib\site-packages\rest_framework\request.py", line 380, in _authenticate
    user_auth_tuple = authenticator.authenticate(self)
  File "C:\Users\user\Desktop\laba5\main\api_views.py", line 19, in authenticate
    if not request.user.is_authenticated:
           ^^^^^^^^^^^^
  File "C:\Users\user\AppData\Local\Programs\Python\Python313\Lib\site-packages\rest_framework\request.py", line 227, in user
    self._authenticate()
    ~~~~~~~~~~~~~~~~~~^^
  File "C:\Users\user\AppData\Local\Programs\Python\Python313\Lib\site-packages\rest_framework\request.py", line 380, in _authenticate
    user_auth_tuple = authenticator.authenticate(self)
  File "C:\Users\user\Desktop\laba5\main\api_views.py", line 19, in authenticate
    if not request.user.is_authenticated:
           ^^^^^^^^^^^^
  File "C:\Users\user\AppData\Local\Programs\Python\Python313\Lib\site-packages\rest_framework\request.py", line 227, in user
    self._authenticate()
    ~~~~~~~~~~~~~~~~~~^^
  File "C:\Users\user\AppData\Local\Programs\Python\Python313\Lib\site-packages\rest_framework\request.py", line 380, in _authenticate
    user_auth_tuple = authenticator.authenticate(self)
  File "C:\Users\user\Desktop\laba5\main\api_views.py", line 19, in authenticate
    if not request.user.is_authenticated:
           ^^^^^^^^^^^^
  File "C:\Users\user\AppData\Local\Programs\Python\Python313\Lib\site-packages\rest_framework\request.py", line 227, in user
    self._authenticate()
    ~~~~~~~~~~~~~~~~~~^^
  File "C:\Users\user\AppData\Local\Programs\Python\Python313\Lib\site-packages\rest_framework\request.py", line 380, in _authenticate
    user_auth_tuple = authenticator.authenticate(self)
  File "C:\Users\user\Desktop\laba5\main\api_views.py", line 19, in authenticate
    if not request.user.is_authenticated:
           ^^^^^^^^^^^^
  File "C:\Users\user\AppData\Local\Programs\Python\Python313\Lib\site-packages\rest_framework\request.py", line 227, in user
    self._authenticate()
    ~~~~~~~~~~~~~~~~~~^^
  File "C:\Users\user\AppData\Local\Programs\Python\Python313\Lib\site-packages\rest_framework\request.py", line 380, in _authenticate
    user_auth_tuple = authenticator.authenticate(self)
  File "C:\Users\user\Desktop\laba5\main\api_views.py", line 19, in authenticate
    if not request.user.is_authenticated:
           ^^^^^^^^^^^^
  File "C:\Users\user\AppData\Local\Programs\Python\Python313\Lib\site-packages\rest_framework\request.py", line 227, in user
    self._authenticate()
    ~~~~~~~~~~~~~~~~~~^^
  File "C:\Users\user\AppData\Local\Programs\Python\Python313\Lib\site-packages\rest_framework\request.py", line 380, in _authenticate
    user_auth_tuple = authenticator.authenticate(self)
  File "C:\Users\user\Desktop\laba5\main\api_views.py", line 19, in authenticate
    if not request.user.is_authenticated:
           ^^^^^^^^^^^^
  File "C:\Users\user\AppData\Local\Programs\Python\Python313\Lib\site-packages\rest_framework\request.py", line 227, in user
    self._authenticate()
    ~~~~~~~~~~~~~~~~~~^^
  File "C:\Users\user\AppData\Local\Programs\Python\Python313\Lib\site-packages\rest_framework\request.py", line 380, in _authenticate
    user_auth_tuple = authenticator.authenticate(self)
  File "C:\Users\user\Desktop\laba5\main\api_views.py", line 19, in authenticate
    if not request.user.is_authenticated:
           ^^^^^^^^^^^^
  File "C:\Users\user\AppData\Local\Programs\Python\Python313\Lib\site-packages\rest_framework\request.py", line 227, in user
    self._authenticate()
    ~~~~~~~~~~~~~~~~~~^^
  File "C:\Users\user\AppData\Local\Programs\Python\Python313\Lib\site-packages\rest_framework\request.py", line 380, in _authenticate
    user_auth_tuple = authenticator.authenticate(self)
  File "C:\Users\user\Desktop\laba5\main\api_views.py", line 19, in authenticate
    if not request.user.is_authenticated:
           ^^^^^^^^^^^^
  File "C:\Users\user\AppData\Local\Programs\Python\Python313\Lib\site-packages\rest_framework\request.py", line 227, in user
    self._authenticate()
    ~~~~~~~~~~~~~~~~~~^^
  File "C:\Users\user\AppData\Local\Programs\Python\Python313\Lib\site-packages\rest_framework\request.py", line 380, in _authenticate
    user_auth_tuple = authenticator.authenticate(self)
  File "C:\Users\user\Desktop\laba5\main\api_views.py", line 19, in authenticate
    if not request.user.is_authenticated:
           ^^^^^^^^^^^^
  File "C:\Users\user\AppData\Local\Programs\Python\Python313\Lib\site-packages\rest_framework\request.py", line 227, in user
    self._authenticate()
    ~~~~~~~~~~~~~~~~~~^^
  File "C:\Users\user\AppData\Local\Programs\Python\Python313\Lib\site-packages\rest_framework\request.py", line 380, in _authenticate
    user_auth_tuple = authenticator.authenticate(self)
  File "C:\Users\user\Desktop\laba5\main\api_views.py", line 19, in authenticate
    if not request.user.is_authenticated:
           ^^^^^^^^^^^^
  File "C:\Users\user\AppData\Local\Programs\Python\Python313\Lib\site-packages\rest_framework\request.py", line 227, in user
    self._authenticate()
    ~~~~~~~~~~~~~~~~~~^^
  File "C:\Users\user\AppData\Local\Programs\Python\Python313\Lib\site-packages\rest_framework\request.py", line 380, in _authenticate
    user_auth_tuple = authenticator.authenticate(self)
  File "C:\Users\user\Desktop\laba5\main\api_views.py", line 19, in authenticate
    if not request.user.is_authenticated:
           ^^^^^^^^^^^^
  File "C:\Users\user\AppData\Local\Programs\Python\Python313\Lib\site-packages\rest_framework\request.py", line 227, in user
    self._authenticate()
    ~~~~~~~~~~~~~~~~~~^^
  File "C:\Users\user\AppData\Local\Programs\Python\Python313\Lib\site-packages\rest_framework\request.py", line 380, in _authenticate
    user_auth_tuple = authenticator.authenticate(self)
  File "C:\Users\user\Desktop\laba5\main\api_views.py", line 19, in authenticate
    if not request.user.is_authenticated:
           ^^^^^^^^^^^^
  File "C:\Users\user\AppData\Local\Programs\Python\Python313\Lib\site-packages\rest_framework\request.py", line 227, in user
    self._authenticate()
    ~~~~~~~~~~~~~~~~~~^^
  File "C:\Users\user\AppData\Local\Programs\Python\Python313\Lib\site-packages\rest_framework\request.py", line 380, in _authenticate
    user_auth_tuple = authenticator.authenticate(self)
  File "C:\Users\user\Desktop\laba5\main\api_views.py", line 19, in authenticate
    if not request.user.is_authenticated:
           ^^^^^^^^^^^^
  File "C:\Users\user\AppData\Local\Programs\Python\Python313\Lib\site-packages\rest_framework\request.py", line 227, in user
    self._authenticate()
    ~~~~~~~~~~~~~~~~~~^^
  File "C:\Users\user\AppData\Local\Programs\Python\Python313\Lib\site-packages\rest_framework\request.py", line 380, in _authenticate
    user_auth_tuple = authenticator.authenticate(self)
  File "C:\Users\user\Desktop\laba5\main\api_views.py", line 19, in authenticate
    if not request.user.is_authenticated:
           ^^^^^^^^^^^^
  File "C:\Users\user\AppData\Local\Programs\Python\Python313\Lib\site-packages\rest_framework\request.py", line 227, in user
    self._authenticate()
    ~~~~~~~~~~~~~~~~~~^^
  File "C:\Users\user\AppData\Local\Programs\Python\Python313\Lib\site-packages\rest_framework\request.py", line 380, in _authenticate
    user_auth_tuple = authenticator.authenticate(self)
  File "C:\Users\user\Desktop\laba5\main\api_views.py", line 19, in authenticate
    if not request.user.is_authenticated:
           ^^^^^^^^^^^^
  File "C:\Users\user\AppData\Local\Programs\Python\Python313\Lib\site-packages\rest_framework\request.py", line 227, in user
    self._authenticate()
    ~~~~~~~~~~~~~~~~~~^^
  File "C:\Users\user\AppData\Local\Programs\Python\Python313\Lib\site-packages\rest_framework\request.py", line 380, in _authenticate
    user_auth_tuple = authenticator.authenticate(self)
  File "C:\Users\user\Desktop\laba5\main\api_views.py", line 19, in authenticate
    if not request.user.is_authenticated:
           ^^^^^^^^^^^^
  File "C:\Users\user\AppData\Local\Programs\Python\Python313\Lib\site-packages\rest_framework\request.py", line 227, in user
    self._authenticate()
    ~~~~~~~~~~~~~~~~~~^^
  File "C:\Users\user\AppData\Local\Programs\Python\Python313\Lib\site-packages\rest_framework\request.py", line 380, in _authenticate
    user_auth_tuple = authenticator.authenticate(self)
  File "C:\Users\user\Desktop\laba5\main\api_views.py", line 19, in authenticate
    if not request.user.is_authenticated:
           ^^^^^^^^^^^^
  File "C:\Users\user\AppData\Local\Programs\Python\Python313\Lib\site-packages\rest_framework\request.py", line 227, in user
    self._authenticate()
    ~~~~~~~~~~~~~~~~~~^^
  File "C:\Users\user\AppData\Local\Programs\Python\Python313\Lib\site-packages\rest_framework\request.py", line 380, in _authenticate
    user_auth_tuple = authenticator.authenticate(self)
  File "C:\Users\user\Desktop\laba5\main\api_views.py", line 19, in authenticate
    if not request.user.is_authenticated:
           ^^^^^^^^^^^^
  File "C:\Users\user\AppData\Local\Programs\Python\Python313\Lib\site-packages\rest_framework\request.py", line 227, in user
    self._authenticate()
    ~~~~~~~~~~~~~~~~~~^^
  File "C:\Users\user\AppData\Local\Programs\Python\Python313\Lib\site-packages\rest_framework\request.py", line 380, in _authenticate
    user_auth_tuple = authenticator.authenticate(self)
  File "C:\Users\user\Desktop\laba5\main\api_views.py", line 19, in authenticate
    if not request.user.is_authenticated:
           ^^^^^^^^^^^^
  File "C:\Users\user\AppData\Local\Programs\Python\Python313\Lib\site-packages\rest_framework\request.py", line 227, in user
    self._authenticate()
    ~~~~~~~~~~~~~~~~~~^^
  File "C:\Users\user\AppData\Local\Programs\Python\Python313\Lib\site-packages\rest_framework\request.py", line 380, in _authenticate
    user_auth_tuple = authenticator.authenticate(self)
  File "C:\Users\user\Desktop\laba5\main\api_views.py", line 19, in authenticate
    if not request.user.is_authenticated:
           ^^^^^^^^^^^^
  File "C:\Users\user\AppData\Local\Programs\Python\Python313\Lib\site-packages\rest_framework\request.py", line 227, in user
    self._authenticate()
    ~~~~~~~~~~~~~~~~~~^^
  File "C:\Users\user\AppData\Local\Programs\Python\Python313\Lib\site-packages\rest_framework\request.py", line 380, in _authenticate
    user_auth_tuple = authenticator.authenticate(self)
  File "C:\Users\user\Desktop\laba5\main\api_views.py", line 19, in authenticate
    if not request.user.is_authenticated:
           ^^^^^^^^^^^^
  File "C:\Users\user\AppData\Local\Programs\Python\Python313\Lib\site-packages\rest_framework\request.py", line 227, in user
    self._authenticate()
    ~~~~~~~~~~~~~~~~~~^^
  File "C:\Users\user\AppData\Local\Programs\Python\Python313\Lib\site-packages\rest_framework\request.py", line 380, in _authenticate
    user_auth_tuple = authenticator.authenticate(self)
  File "C:\Users\user\Desktop\laba5\main\api_views.py", line 19, in authenticate
    if not request.user.is_authenticated:
           ^^^^^^^^^^^^
  File "C:\Users\user\AppData\Local\Programs\Python\Python313\Lib\site-packages\rest_framework\request.py", line 227, in user
    self._authenticate()
    ~~~~~~~~~~~~~~~~~~^^
  File "C:\Users\user\AppData\Local\Programs\Python\Python313\Lib\site-packages\rest_framework\request.py", line 380, in _authenticate
    user_auth_tuple = authenticator.authenticate(self)
  File "C:\Users\user\Desktop\laba5\main\api_views.py", line 19, in authenticate
    if not request.user.is_authenticated:
           ^^^^^^^^^^^^
  File "C:\Users\user\AppData\Local\Programs\Python\Python313\Lib\site-packages\rest_framework\request.py", line 227, in user
    self._authenticate()
    ~~~~~~~~~~~~~~~~~~^^
  File "C:\Users\user\AppData\Local\Programs\Python\Python313\Lib\site-packages\rest_framework\request.py", line 380, in _authenticate
    user_auth_tuple = authenticator.authenticate(self)
  File "C:\Users\user\Desktop\laba5\main\api_views.py", line 19, in authenticate
    if not request.user.is_authenticated:
           ^^^^^^^^^^^^
  File "C:\Users\user\AppData\Local\Programs\Python\Python313\Lib\site-packages\rest_framework\request.py", line 227, in user
    self._authenticate()
    ~~~~~~~~~~~~~~~~~~^^
  File "C:\Users\user\AppData\Local\Programs\Python\Python313\Lib\site-packages\rest_framework\request.py", line 380, in _authenticate
    user_auth_tuple = authenticator.authenticate(self)
  File "C:\Users\user\Desktop\laba5\main\api_views.py", line 19, in authenticate
    if not request.user.is_authenticated:
           ^^^^^^^^^^^^
  File "C:\Users\user\AppData\Local\Programs\Python\Python313\Lib\site-packages\rest_framework\request.py", line 227, in user
    self._authenticate()
    ~~~~~~~~~~~~~~~~~~^^
  File "C:\Users\user\AppData\Local\Programs\Python\Python313\Lib\site-packages\rest_framework\request.py", line 380, in _authenticate
    user_auth_tuple = authenticator.authenticate(self)
  File "C:\Users\user\Desktop\laba5\main\api_views.py", line 19, in authenticate
    if not request.user.is_authenticated:
           ^^^^^^^^^^^^
  File "C:\Users\user\AppData\Local\Programs\Python\Python313\Lib\site-packages\rest_framework\request.py", line 227, in user
    self._authenticate()
    ~~~~~~~~~~~~~~~~~~^^
  File "C:\Users\user\AppData\Local\Programs\Python\Python313\Lib\site-packages\rest_framework\request.py", line 380, in _authenticate
    user_auth_tuple = authenticator.authenticate(self)
  File "C:\Users\user\Desktop\laba5\main\api_views.py", line 19, in authenticate
    if not request.user.is_authenticated:
           ^^^^^^^^^^^^
  File "C:\Users\user\AppData\Local\Programs\Python\Python313\Lib\site-packages\rest_framework\request.py", line 227, in user
    self._authenticate()
    ~~~~~~~~~~~~~~~~~~^^
  File "C:\Users\user\AppData\Local\Programs\Python\Python313\Lib\site-packages\rest_framework\request.py", line 380, in _authenticate
    user_auth_tuple = authenticator.authenticate(self)
  File "C:\Users\user\Desktop\laba5\main\api_views.py", line 19, in authenticate
    if not request.user.is_authenticated:
           ^^^^^^^^^^^^
  File "C:\Users\user\AppData\Local\Programs\Python\Python313\Lib\site-packages\rest_framework\request.py", line 227, in user
    self._authenticate()
    ~~~~~~~~~~~~~~~~~~^^
  File "C:\Users\user\AppData\Local\Programs\Python\Python313\Lib\site-packages\rest_framework\request.py", line 380, in _authenticate
    user_auth_tuple = authenticator.authenticate(self)
  File "C:\Users\user\Desktop\laba5\main\api_views.py", line 19, in authenticate
    if not request.user.is_authenticated:
           ^^^^^^^^^^^^
  File "C:\Users\user\AppData\Local\Programs\Python\Python313\Lib\site-packages\rest_framework\request.py", line 227, in user
    self._authenticate()
    ~~~~~~~~~~~~~~~~~~^^
  File "C:\Users\user\AppData\Local\Programs\Python\Python313\Lib\site-packages\rest_framework\request.py", line 380, in _authenticate
    user_auth_tuple = authenticator.authenticate(self)
  File "C:\Users\user\Desktop\laba5\main\api_views.py", line 19, in authenticate
    if not request.user.is_authenticated:
           ^^^^^^^^^^^^
  File "C:\Users\user\AppData\Local\Programs\Python\Python313\Lib\site-packages\rest_framework\request.py", line 227, in user
    self._authenticate()
    ~~~~~~~~~~~~~~~~~~^^
  File "C:\Users\user\AppData\Local\Programs\Python\Python313\Lib\site-packages\rest_framework\request.py", line 380, in _authenticate
    user_auth_tuple = authenticator.authenticate(self)
  File "C:\Users\user\Desktop\laba5\main\api_views.py", line 19, in authenticate
    if not request.user.is_authenticated:
           ^^^^^^^^^^^^
  File "C:\Users\user\AppData\Local\Programs\Python\Python313\Lib\site-packages\rest_framework\request.py", line 227, in user
    self._authenticate()
    ~~~~~~~~~~~~~~~~~~^^
  File "C:\Users\user\AppData\Local\Programs\Python\Python313\Lib\site-packages\rest_framework\request.py", line 380, in _authenticate
    user_auth_tuple = authenticator.authenticate(self)
  File "C:\Users\user\Desktop\laba5\main\api_views.py", line 19, in authenticate
    if not request.user.is_authenticated:
           ^^^^^^^^^^^^
  File "C:\Users\user\AppData\Local\Programs\Python\Python313\Lib\site-packages\rest_framework\request.py", line 227, in user
    self._authenticate()
    ~~~~~~~~~~~~~~~~~~^^
  File "C:\Users\user\AppData\Local\Programs\Python\Python313\Lib\site-packages\rest_framework\request.py", line 380, in _authenticate
    user_auth_tuple = authenticator.authenticate(self)
  File "C:\Users\user\Desktop\laba5\main\api_views.py", line 19, in authenticate
    if not request.user.is_authenticated:
           ^^^^^^^^^^^^
  File "C:\Users\user\AppData\Local\Programs\Python\Python313\Lib\site-packages\rest_framework\request.py", line 227, in user
    self._authenticate()
    ~~~~~~~~~~~~~~~~~~^^
  File "C:\Users\user\AppData\Local\Programs\Python\Python313\Lib\site-packages\rest_framework\request.py", line 380, in _authenticate
    user_auth_tuple = authenticator.authenticate(self)
  File "C:\Users\user\Desktop\laba5\main\api_views.py", line 19, in authenticate
    if not request.user.is_authenticated:
           ^^^^^^^^^^^^
  File "C:\Users\user\AppData\Local\Programs\Python\Python313\Lib\site-packages\rest_framework\request.py", line 227, in user
    self._authenticate()
    ~~~~~~~~~~~~~~~~~~^^
  File "C:\Users\user\AppData\Local\Programs\Python\Python313\Lib\site-packages\rest_framework\request.py", line 380, in _authenticate
    user_auth_tuple = authenticator.authenticate(self)
  File "C:\Users\user\Desktop\laba5\main\api_views.py", line 19, in authenticate
    if not request.user.is_authenticated:
           ^^^^^^^^^^^^
  File "C:\Users\user\AppData\Local\Programs\Python\Python313\Lib\site-packages\rest_framework\request.py", line 227, in user
    self._authenticate()
    ~~~~~~~~~~~~~~~~~~^^
  File "C:\Users\user\AppData\Local\Programs\Python\Python313\Lib\site-packages\rest_framework\request.py", line 380, in _authenticate
    user_auth_tuple = authenticator.authenticate(self)
  File "C:\Users\user\Desktop\laba5\main\api_views.py", line 19, in authenticate
    if not request.user.is_authenticated:
           ^^^^^^^^^^^^
  File "C:\Users\user\AppData\Local\Programs\Python\Python313\Lib\site-packages\rest_framework\request.py", line 227, in user
    self._authenticate()
    ~~~~~~~~~~~~~~~~~~^^
  File "C:\Users\user\AppData\Local\Programs\Python\Python313\Lib\site-packages\rest_framework\request.py", line 380, in _authenticate
    user_auth_tuple = authenticator.authenticate(self)
  File "C:\Users\user\Desktop\laba5\main\api_views.py", line 19, in authenticate
    if not request.user.is_authenticated:
           ^^^^^^^^^^^^
  File "C:\Users\user\AppData\Local\Programs\Python\Python313\Lib\site-packages\rest_framework\request.py", line 227, in user
    self._authenticate()
    ~~~~~~~~~~~~~~~~~~^^
  File "C:\Users\user\AppData\Local\Programs\Python\Python313\Lib\site-packages\rest_framework\request.py", line 380, in _authenticate
    user_auth_tuple = authenticator.authenticate(self)
  File "C:\Users\user\Desktop\laba5\main\api_views.py", line 19, in authenticate
    if not request.user.is_authenticated:
           ^^^^^^^^^^^^
  File "C:\Users\user\AppData\Local\Programs\Python\Python313\Lib\site-packages\rest_framework\request.py", line 227, in user
    self._authenticate()
    ~~~~~~~~~~~~~~~~~~^^
  File "C:\Users\user\AppData\Local\Programs\Python\Python313\Lib\site-packages\rest_framework\request.py", line 380, in _authenticate
    user_auth_tuple = authenticator.authenticate(self)
  File "C:\Users\user\Desktop\laba5\main\api_views.py", line 19, in authenticate
    if not request.user.is_authenticated:
           ^^^^^^^^^^^^
  File "C:\Users\user\AppData\Local\Programs\Python\Python313\Lib\site-packages\rest_framework\request.py", line 227, in user
    self._authenticate()
    ~~~~~~~~~~~~~~~~~~^^
  File "C:\Users\user\AppData\Local\Programs\Python\Python313\Lib\site-packages\rest_framework\request.py", line 380, in _authenticate
    user_auth_tuple = authenticator.authenticate(self)
  File "C:\Users\user\Desktop\laba5\main\api_views.py", line 19, in authenticate
    if not request.user.is_authenticated:
           ^^^^^^^^^^^^
  File "C:\Users\user\AppData\Local\Programs\Python\Python313\Lib\site-packages\rest_framework\request.py", line 227, in user
    self._authenticate()
    ~~~~~~~~~~~~~~~~~~^^
  File "C:\Users\user\AppData\Local\Programs\Python\Python313\Lib\site-packages\rest_framework\request.py", line 380, in _authenticate
    user_auth_tuple = authenticator.authenticate(self)
  File "C:\Users\user\Desktop\laba5\main\api_views.py", line 19, in authenticate
    if not request.user.is_authenticated:
           ^^^^^^^^^^^^
  File "C:\Users\user\AppData\Local\Programs\Python\Python313\Lib\site-packages\rest_framework\request.py", line 227, in user
    self._authenticate()
    ~~~~~~~~~~~~~~~~~~^^
  File "C:\Users\user\AppData\Local\Programs\Python\Python313\Lib\site-packages\rest_framework\request.py", line 380, in _authenticate
    user_auth_tuple = authenticator.authenticate(self)
  File "C:\Users\user\Desktop\laba5\main\api_views.py", line 19, in authenticate
    if not request.user.is_authenticated:
           ^^^^^^^^^^^^
  File "C:\Users\user\AppData\Local\Programs\Python\Python313\Lib\site-packages\rest_framework\request.py", line 227, in user
    self._authenticate()
    ~~~~~~~~~~~~~~~~~~^^
  File "C:\Users\user\AppData\Local\Programs\Python\Python313\Lib\site-packages\rest_framework\request.py", line 380, in _authenticate
    user_auth_tuple = authenticator.authenticate(self)
  File "C:\Users\user\Desktop\laba5\main\api_views.py", line 19, in authenticate
    if not request.user.is_authenticated:
           ^^^^^^^^^^^^
  File "C:\Users\user\AppData\Local\Programs\Python\Python313\Lib\site-packages\rest_framework\request.py", line 227, in user
    self._authenticate()
    ~~~~~~~~~~~~~~~~~~^^
  File "C:\Users\user\AppData\Local\Programs\Python\Python313\Lib\site-packages\rest_framework\request.py", line 380, in _authenticate
    user_auth_tuple = authenticator.authenticate(self)
  File "C:\Users\user\Desktop\laba5\main\api_views.py", line 19, in authenticate
    if not request.user.is_authenticated:
           ^^^^^^^^^^^^
  File "C:\Users\user\AppData\Local\Programs\Python\Python313\Lib\site-packages\rest_framework\request.py", line 227, in user
    self._authenticate()
    ~~~~~~~~~~~~~~~~~~^^
  File "C:\Users\user\AppData\Local\Programs\Python\Python313\Lib\site-packages\rest_framework\request.py", line 380, in _authenticate
    user_auth_tuple = authenticator.authenticate(self)
  File "C:\Users\user\Desktop\laba5\main\api_views.py", line 19, in authenticate
    if not request.user.is_authenticated:
           ^^^^^^^^^^^^
  File "C:\Users\user\AppData\Local\Programs\Python\Python313\Lib\site-packages\rest_framework\request.py", line 227, in user
    self._authenticate()
    ~~~~~~~~~~~~~~~~~~^^
  File "C:\Users\user\AppData\Local\Programs\Python\Python313\Lib\site-packages\rest_framework\request.py", line 380, in _authenticate
    user_auth_tuple = authenticator.authenticate(self)
  File "C:\Users\user\Desktop\laba5\main\api_views.py", line 19, in authenticate
    if not request.user.is_authenticated:
           ^^^^^^^^^^^^
  File "C:\Users\user\AppData\Local\Programs\Python\Python313\Lib\site-packages\rest_framework\request.py", line 227, in user
    self._authenticate()
    ~~~~~~~~~~~~~~~~~~^^
  File "C:\Users\user\AppData\Local\Programs\Python\Python313\Lib\site-packages\rest_framework\request.py", line 380, in _authenticate
    user_auth_tuple = authenticator.authenticate(self)
  File "C:\Users\user\Desktop\laba5\main\api_views.py", line 19, in authenticate
    if not request.user.is_authenticated:
           ^^^^^^^^^^^^
  File "C:\Users\user\AppData\Local\Programs\Python\Python313\Lib\site-packages\rest_framework\request.py", line 227, in user
    self._authenticate()
    ~~~~~~~~~~~~~~~~~~^^
  File "C:\Users\user\AppData\Local\Programs\Python\Python313\Lib\site-packages\rest_framework\request.py", line 380, in _authenticate
    user_auth_tuple = authenticator.authenticate(self)
  File "C:\Users\user\Desktop\laba5\main\api_views.py", line 19, in authenticate
    if not request.user.is_authenticated:
           ^^^^^^^^^^^^
  File "C:\Users\user\AppData\Local\Programs\Python\Python313\Lib\site-packages\rest_framework\request.py", line 227, in user
    self._authenticate()
    ~~~~~~~~~~~~~~~~~~^^
  File "C:\Users\user\AppData\Local\Programs\Python\Python313\Lib\site-packages\rest_framework\request.py", line 380, in _authenticate
    user_auth_tuple = authenticator.authenticate(self)
  File "C:\Users\user\Desktop\laba5\main\api_views.py", line 19, in authenticate
    if not request.user.is_authenticated:
           ^^^^^^^^^^^^
  File "C:\Users\user\AppData\Local\Programs\Python\Python313\Lib\site-packages\rest_framework\request.py", line 227, in user
    self._authenticate()
    ~~~~~~~~~~~~~~~~~~^^
  File "C:\Users\user\AppData\Local\Programs\Python\Python313\Lib\site-packages\rest_framework\request.py", line 380, in _authenticate
    user_auth_tuple = authenticator.authenticate(self)
  File "C:\Users\user\Desktop\laba5\main\api_views.py", line 19, in authenticate
    if not request.user.is_authenticated:
           ^^^^^^^^^^^^
  File "C:\Users\user\AppData\Local\Programs\Python\Python313\Lib\site-packages\rest_framework\request.py", line 227, in user
    self._authenticate()
    ~~~~~~~~~~~~~~~~~~^^
  File "C:\Users\user\AppData\Local\Programs\Python\Python313\Lib\site-packages\rest_framework\request.py", line 380, in _authenticate
    user_auth_tuple = authenticator.authenticate(self)
  File "C:\Users\user\Desktop\laba5\main\api_views.py", line 19, in authenticate
    if not request.user.is_authenticated:
           ^^^^^^^^^^^^
  File "C:\Users\user\AppData\Local\Programs\Python\Python313\Lib\site-packages\rest_framework\request.py", line 227, in user
    self._authenticate()
    ~~~~~~~~~~~~~~~~~~^^
  File "C:\Users\user\AppData\Local\Programs\Python\Python313\Lib\site-packages\rest_framework\request.py", line 380, in _authenticate
    user_auth_tuple = authenticator.authenticate(self)
  File "C:\Users\user\Desktop\laba5\main\api_views.py", line 19, in authenticate
    if not request.user.is_authenticated:
           ^^^^^^^^^^^^
  File "C:\Users\user\AppData\Local\Programs\Python\Python313\Lib\site-packages\rest_framework\request.py", line 227, in user
    self._authenticate()
    ~~~~~~~~~~~~~~~~~~^^
  File "C:\Users\user\AppData\Local\Programs\Python\Python313\Lib\site-packages\rest_framework\request.py", line 380, in _authenticate
    user_auth_tuple = authenticator.authenticate(self)
  File "C:\Users\user\Desktop\laba5\main\api_views.py", line 19, in authenticate
    if not request.user.is_authenticated:
           ^^^^^^^^^^^^
  File "C:\Users\user\AppData\Local\Programs\Python\Python313\Lib\site-packages\rest_framework\request.py", line 227, in user
    self._authenticate()
    ~~~~~~~~~~~~~~~~~~^^
  File "C:\Users\user\AppData\Local\Programs\Python\Python313\Lib\site-packages\rest_framework\request.py", line 380, in _authenticate
    user_auth_tuple = authenticator.authenticate(self)
  File "C:\Users\user\Desktop\laba5\main\api_views.py", line 19, in authenticate
    if not request.user.is_authenticated:
           ^^^^^^^^^^^^
  File "C:\Users\user\AppData\Local\Programs\Python\Python313\Lib\site-packages\rest_framework\request.py", line 227, in user
    self._authenticate()
    ~~~~~~~~~~~~~~~~~~^^
  File "C:\Users\user\AppData\Local\Programs\Python\Python313\Lib\site-packages\rest_framework\request.py", line 380, in _authenticate
    user_auth_tuple = authenticator.authenticate(self)
  File "C:\Users\user\Desktop\laba5\main\api_views.py", line 19, in authenticate
    if not request.user.is_authenticated:
           ^^^^^^^^^^^^
  File "C:\Users\user\AppData\Local\Programs\Python\Python313\Lib\site-packages\rest_framework\request.py", line 227, in user
    self._authenticate()
    ~~~~~~~~~~~~~~~~~~^^
  File "C:\Users\user\AppData\Local\Programs\Python\Python313\Lib\site-packages\rest_framework\request.py", line 380, in _authenticate
    user_auth_tuple = authenticator.authenticate(self)
  File "C:\Users\user\Desktop\laba5\main\api_views.py", line 19, in authenticate
    if not request.user.is_authenticated:
           ^^^^^^^^^^^^
  File "C:\Users\user\AppData\Local\Programs\Python\Python313\Lib\site-packages\rest_framework\request.py", line 227, in user
    self._authenticate()
    ~~~~~~~~~~~~~~~~~~^^
  File "C:\Users\user\AppData\Local\Programs\Python\Python313\Lib\site-packages\rest_framework\request.py", line 380, in _authenticate
    user_auth_tuple = authenticator.authenticate(self)
  File "C:\Users\user\Desktop\laba5\main\api_views.py", line 19, in authenticate
    if not request.user.is_authenticated:
           ^^^^^^^^^^^^
  File "C:\Users\user\AppData\Local\Programs\Python\Python313\Lib\site-packages\rest_framework\request.py", line 227, in user
    self._authenticate()
    ~~~~~~~~~~~~~~~~~~^^
  File "C:\Users\user\AppData\Local\Programs\Python\Python313\Lib\site-packages\rest_framework\request.py", line 380, in _authenticate
    user_auth_tuple = authenticator.authenticate(self)
  File "C:\Users\user\Desktop\laba5\main\api_views.py", line 19, in authenticate
    if not request.user.is_authenticated:
           ^^^^^^^^^^^^
  File "C:\Users\user\AppData\Local\Programs\Python\Python313\Lib\site-packages\rest_framework\request.py", line 227, in user
    self._authenticate()
    ~~~~~~~~~~~~~~~~~~^^
  File "C:\Users\user\AppData\Local\Programs\Python\Python313\Lib\site-packages\rest_framework\request.py", line 380, in _authenticate
    user_auth_tuple = authenticator.authenticate(self)
  File "C:\Users\user\Desktop\laba5\main\api_views.py", line 19, in authenticate
    if not request.user.is_authenticated:
           ^^^^^^^^^^^^
  File "C:\Users\user\AppData\Local\Programs\Python\Python313\Lib\site-packages\rest_framework\request.py", line 227, in user
    self._authenticate()
    ~~~~~~~~~~~~~~~~~~^^
  File "C:\Users\user\AppData\Local\Programs\Python\Python313\Lib\site-packages\rest_framework\request.py", line 380, in _authenticate
    user_auth_tuple = authenticator.authenticate(self)
  File "C:\Users\user\Desktop\laba5\main\api_views.py", line 19, in authenticate
    if not request.user.is_authenticated:
           ^^^^^^^^^^^^
  File "C:\Users\user\AppData\Local\Programs\Python\Python313\Lib\site-packages\rest_framework\request.py", line 227, in user
    self._authenticate()
    ~~~~~~~~~~~~~~~~~~^^
  File "C:\Users\user\AppData\Local\Programs\Python\Python313\Lib\site-packages\rest_framework\request.py", line 380, in _authenticate
    user_auth_tuple = authenticator.authenticate(self)
  File "C:\Users\user\Desktop\laba5\main\api_views.py", line 19, in authenticate
    if not request.user.is_authenticated:
           ^^^^^^^^^^^^
  File "C:\Users\user\AppData\Local\Programs\Python\Python313\Lib\site-packages\rest_framework\request.py", line 227, in user
    self._authenticate()
    ~~~~~~~~~~~~~~~~~~^^
  File "C:\Users\user\AppData\Local\Programs\Python\Python313\Lib\site-packages\rest_framework\request.py", line 380, in _authenticate
    user_auth_tuple = authenticator.authenticate(self)
  File "C:\Users\user\Desktop\laba5\main\api_views.py", line 19, in authenticate
    if not request.user.is_authenticated:
           ^^^^^^^^^^^^
  File "C:\Users\user\AppData\Local\Programs\Python\Python313\Lib\site-packages\rest_framework\request.py", line 227, in user
    self._authenticate()
    ~~~~~~~~~~~~~~~~~~^^
  File "C:\Users\user\AppData\Local\Programs\Python\Python313\Lib\site-packages\rest_framework\request.py", line 380, in _authenticate
    user_auth_tuple = authenticator.authenticate(self)
  File "C:\Users\user\Desktop\laba5\main\api_views.py", line 19, in authenticate
    if not request.user.is_authenticated:
           ^^^^^^^^^^^^
  File "C:\Users\user\AppData\Local\Programs\Python\Python313\Lib\site-packages\rest_framework\request.py", line 227, in user
    self._authenticate()
    ~~~~~~~~~~~~~~~~~~^^
  File "C:\Users\user\AppData\Local\Programs\Python\Python313\Lib\site-packages\rest_framework\request.py", line 380, in _authenticate
    user_auth_tuple = authenticator.authenticate(self)
  File "C:\Users\user\Desktop\laba5\main\api_views.py", line 19, in authenticate
    if not request.user.is_authenticated:
           ^^^^^^^^^^^^
  File "C:\Users\user\AppData\Local\Programs\Python\Python313\Lib\site-packages\rest_framework\request.py", line 227, in user
    self._authenticate()
    ~~~~~~~~~~~~~~~~~~^^
  File "C:\Users\user\AppData\Local\Programs\Python\Python313\Lib\site-packages\rest_framework\request.py", line 380, in _authenticate
    user_auth_tuple = authenticator.authenticate(self)
  File "C:\Users\user\Desktop\laba5\main\api_views.py", line 19, in authenticate
    if not request.user.is_authenticated:
           ^^^^^^^^^^^^
  File "C:\Users\user\AppData\Local\Programs\Python\Python313\Lib\site-packages\rest_framework\request.py", line 227, in user
    self._authenticate()
    ~~~~~~~~~~~~~~~~~~^^
  File "C:\Users\user\AppData\Local\Programs\Python\Python313\Lib\site-packages\rest_framework\request.py", line 380, in _authenticate
    user_auth_tuple = authenticator.authenticate(self)
  File "C:\Users\user\Desktop\laba5\main\api_views.py", line 19, in authenticate
    if not request.user.is_authenticated:
           ^^^^^^^^^^^^
  File "C:\Users\user\AppData\Local\Programs\Python\Python313\Lib\site-packages\rest_framework\request.py", line 227, in user
    self._authenticate()
    ~~~~~~~~~~~~~~~~~~^^
  File "C:\Users\user\AppData\Local\Programs\Python\Python313\Lib\site-packages\rest_framework\request.py", line 380, in _authenticate
    user_auth_tuple = authenticator.authenticate(self)
  File "C:\Users\user\Desktop\laba5\main\api_views.py", line 19, in authenticate
    if not request.user.is_authenticated:
           ^^^^^^^^^^^^
  File "C:\Users\user\AppData\Local\Programs\Python\Python313\Lib\site-packages\rest_framework\request.py", line 227, in user
    self._authenticate()
    ~~~~~~~~~~~~~~~~~~^^
  File "C:\Users\user\AppData\Local\Programs\Python\Python313\Lib\site-packages\rest_framework\request.py", line 380, in _authenticate
    user_auth_tuple = authenticator.authenticate(self)
  File "C:\Users\user\Desktop\laba5\main\api_views.py", line 19, in authenticate
    if not request.user.is_authenticated:
           ^^^^^^^^^^^^
  File "C:\Users\user\AppData\Local\Programs\Python\Python313\Lib\site-packages\rest_framework\request.py", line 227, in user
    self._authenticate()
    ~~~~~~~~~~~~~~~~~~^^
  File "C:\Users\user\AppData\Local\Programs\Python\Python313\Lib\site-packages\rest_framework\request.py", line 380, in _authenticate
    user_auth_tuple = authenticator.authenticate(self)
  File "C:\Users\user\Desktop\laba5\main\api_views.py", line 19, in authenticate
    if not request.user.is_authenticated:
           ^^^^^^^^^^^^
  File "C:\Users\user\AppData\Local\Programs\Python\Python313\Lib\site-packages\rest_framework\request.py", line 227, in user
    self._authenticate()
    ~~~~~~~~~~~~~~~~~~^^
  File "C:\Users\user\AppData\Local\Programs\Python\Python313\Lib\site-packages\rest_framework\request.py", line 380, in _authenticate
    user_auth_tuple = authenticator.authenticate(self)
  File "C:\Users\user\Desktop\laba5\main\api_views.py", line 19, in authenticate
    if not request.user.is_authenticated:
           ^^^^^^^^^^^^
  File "C:\Users\user\AppData\Local\Programs\Python\Python313\Lib\site-packages\rest_framework\request.py", line 227, in user
    self._authenticate()
    ~~~~~~~~~~~~~~~~~~^^
  File "C:\Users\user\AppData\Local\Programs\Python\Python313\Lib\site-packages\rest_framework\request.py", line 380, in _authenticate
    user_auth_tuple = authenticator.authenticate(self)
  File "C:\Users\user\Desktop\laba5\main\api_views.py", line 19, in authenticate
    if not request.user.is_authenticated:
           ^^^^^^^^^^^^
  File "C:\Users\user\AppData\Local\Programs\Python\Python313\Lib\site-packages\rest_framework\request.py", line 227, in user
    self._authenticate()
    ~~~~~~~~~~~~~~~~~~^^
  File "C:\Users\user\AppData\Local\Programs\Python\Python313\Lib\site-packages\rest_framework\request.py", line 380, in _authenticate
    user_auth_tuple = authenticator.authenticate(self)
  File "C:\Users\user\Desktop\laba5\main\api_views.py", line 19, in authenticate
    if not request.user.is_authenticated:
           ^^^^^^^^^^^^
  File "C:\Users\user\AppData\Local\Programs\Python\Python313\Lib\site-packages\rest_framework\request.py", line 227, in user
    self._authenticate()
    ~~~~~~~~~~~~~~~~~~^^
  File "C:\Users\user\AppData\Local\Programs\Python\Python313\Lib\site-packages\rest_framework\request.py", line 380, in _authenticate
    user_auth_tuple = authenticator.authenticate(self)
  File "C:\Users\user\Desktop\laba5\main\api_views.py", line 19, in authenticate
    if not request.user.is_authenticated:
           ^^^^^^^^^^^^
  File "C:\Users\user\AppData\Local\Programs\Python\Python313\Lib\site-packages\rest_framework\request.py", line 227, in user
    self._authenticate()
    ~~~~~~~~~~~~~~~~~~^^
  File "C:\Users\user\AppData\Local\Programs\Python\Python313\Lib\site-packages\rest_framework\request.py", line 380, in _authenticate
    user_auth_tuple = authenticator.authenticate(self)
  File "C:\Users\user\Desktop\laba5\main\api_views.py", line 19, in authenticate
    if not request.user.is_authenticated:
           ^^^^^^^^^^^^
  File "C:\Users\user\AppData\Local\Programs\Python\Python313\Lib\site-packages\rest_framework\request.py", line 227, in user
    self._authenticate()
    ~~~~~~~~~~~~~~~~~~^^
  File "C:\Users\user\AppData\Local\Programs\Python\Python313\Lib\site-packages\rest_framework\request.py", line 380, in _authenticate
    user_auth_tuple = authenticator.authenticate(self)
  File "C:\Users\user\Desktop\laba5\main\api_views.py", line 19, in authenticate
    if not request.user.is_authenticated:
           ^^^^^^^^^^^^
  File "C:\Users\user\AppData\Local\Programs\Python\Python313\Lib\site-packages\rest_framework\request.py", line 227, in user
    self._authenticate()
    ~~~~~~~~~~~~~~~~~~^^
  File "C:\Users\user\AppData\Local\Programs\Python\Python313\Lib\site-packages\rest_framework\request.py", line 380, in _authenticate
    user_auth_tuple = authenticator.authenticate(self)
  File "C:\Users\user\Desktop\laba5\main\api_views.py", line 19, in authenticate
    if not request.user.is_authenticated:
           ^^^^^^^^^^^^
  File "C:\Users\user\AppData\Local\Programs\Python\Python313\Lib\site-packages\rest_framework\request.py", line 227, in user
    self._authenticate()
    ~~~~~~~~~~~~~~~~~~^^
  File "C:\Users\user\AppData\Local\Programs\Python\Python313\Lib\site-packages\rest_framework\request.py", line 380, in _authenticate
    user_auth_tuple = authenticator.authenticate(self)
  File "C:\Users\user\Desktop\laba5\main\api_views.py", line 19, in authenticate
    if not request.user.is_authenticated:
           ^^^^^^^^^^^^
  File "C:\Users\user\AppData\Local\Programs\Python\Python313\Lib\site-packages\rest_framework\request.py", line 227, in user
    self._authenticate()
    ~~~~~~~~~~~~~~~~~~^^
  File "C:\Users\user\AppData\Local\Programs\Python\Python313\Lib\site-packages\rest_framework\request.py", line 380, in _authenticate
    user_auth_tuple = authenticator.authenticate(self)
  File "C:\Users\user\Desktop\laba5\main\api_views.py", line 19, in authenticate
    if not request.user.is_authenticated:
           ^^^^^^^^^^^^
  File "C:\Users\user\AppData\Local\Programs\Python\Python313\Lib\site-packages\rest_framework\request.py", line 227, in user
    self._authenticate()
    ~~~~~~~~~~~~~~~~~~^^
  File "C:\Users\user\AppData\Local\Programs\Python\Python313\Lib\site-packages\rest_framework\request.py", line 380, in _authenticate
    user_auth_tuple = authenticator.authenticate(self)
  File "C:\Users\user\Desktop\laba5\main\api_views.py", line 19, in authenticate
    if not request.user.is_authenticated:
           ^^^^^^^^^^^^
  File "C:\Users\user\AppData\Local\Programs\Python\Python313\Lib\site-packages\rest_framework\request.py", line 227, in user
    self._authenticate()
    ~~~~~~~~~~~~~~~~~~^^
  File "C:\Users\user\AppData\Local\Programs\Python\Python313\Lib\site-packages\rest_framework\request.py", line 380, in _authenticate
    user_auth_tuple = authenticator.authenticate(self)
  File "C:\Users\user\Desktop\laba5\main\api_views.py", line 19, in authenticate
    if not request.user.is_authenticated:
           ^^^^^^^^^^^^
  File "C:\Users\user\AppData\Local\Programs\Python\Python313\Lib\site-packages\rest_framework\request.py", line 227, in user
    self._authenticate()
    ~~~~~~~~~~~~~~~~~~^^
  File "C:\Users\user\AppData\Local\Programs\Python\Python313\Lib\site-packages\rest_framework\request.py", line 380, in _authenticate
    user_auth_tuple = authenticator.authenticate(self)
  File "C:\Users\user\Desktop\laba5\main\api_views.py", line 19, in authenticate
    if not request.user.is_authenticated:
           ^^^^^^^^^^^^
  File "C:\Users\user\AppData\Local\Programs\Python\Python313\Lib\site-packages\rest_framework\request.py", line 227, in user
    self._authenticate()
    ~~~~~~~~~~~~~~~~~~^^
  File "C:\Users\user\AppData\Local\Programs\Python\Python313\Lib\site-packages\rest_framework\request.py", line 380, in _authenticate
    user_auth_tuple = authenticator.authenticate(self)
  File "C:\Users\user\Desktop\laba5\main\api_views.py", line 19, in authenticate
    if not request.user.is_authenticated:
           ^^^^^^^^^^^^
  File "C:\Users\user\AppData\Local\Programs\Python\Python313\Lib\site-packages\rest_framework\request.py", line 227, in user
    self._authenticate()
    ~~~~~~~~~~~~~~~~~~^^
  File "C:\Users\user\AppData\Local\Programs\Python\Python313\Lib\site-packages\rest_framework\request.py", line 380, in _authenticate
    user_auth_tuple = authenticator.authenticate(self)
  File "C:\Users\user\Desktop\laba5\main\api_views.py", line 19, in authenticate
    if not request.user.is_authenticated:
           ^^^^^^^^^^^^
  File "C:\Users\user\AppData\Local\Programs\Python\Python313\Lib\site-packages\rest_framework\request.py", line 227, in user
    self._authenticate()
    ~~~~~~~~~~~~~~~~~~^^
  File "C:\Users\user\AppData\Local\Programs\Python\Python313\Lib\site-packages\rest_framework\request.py", line 380, in _authenticate
    user_auth_tuple = authenticator.authenticate(self)
  File "C:\Users\user\Desktop\laba5\main\api_views.py", line 19, in authenticate
    if not request.user.is_authenticated:
           ^^^^^^^^^^^^
  File "C:\Users\user\AppData\Local\Programs\Python\Python313\Lib\site-packages\rest_framework\request.py", line 227, in user
    self._authenticate()
    ~~~~~~~~~~~~~~~~~~^^
  File "C:\Users\user\AppData\Local\Programs\Python\Python313\Lib\site-packages\rest_framework\request.py", line 380, in _authenticate
    user_auth_tuple = authenticator.authenticate(self)
  File "C:\Users\user\Desktop\laba5\main\api_views.py", line 19, in authenticate
    if not request.user.is_authenticated:
           ^^^^^^^^^^^^
  File "C:\Users\user\AppData\Local\Programs\Python\Python313\Lib\site-packages\rest_framework\request.py", line 227, in user
    self._authenticate()
    ~~~~~~~~~~~~~~~~~~^^
  File "C:\Users\user\AppData\Local\Programs\Python\Python313\Lib\site-packages\rest_framework\request.py", line 380, in _authenticate
    user_auth_tuple = authenticator.authenticate(self)
  File "C:\Users\user\Desktop\laba5\main\api_views.py", line 19, in authenticate
    if not request.user.is_authenticated:
           ^^^^^^^^^^^^
  File "C:\Users\user\AppData\Local\Programs\Python\Python313\Lib\site-packages\rest_framework\request.py", line 227, in user
    self._authenticate()
    ~~~~~~~~~~~~~~~~~~^^
  File "C:\Users\user\AppData\Local\Programs\Python\Python313\Lib\site-packages\rest_framework\request.py", line 380, in _authenticate
    user_auth_tuple = authenticator.authenticate(self)
  File "C:\Users\user\Desktop\laba5\main\api_views.py", line 19, in authenticate
    if not request.user.is_authenticated:
           ^^^^^^^^^^^^
  File "C:\Users\user\AppData\Local\Programs\Python\Python313\Lib\site-packages\rest_framework\request.py", line 226, in user
    with wrap_attributeerrors():
         ~~~~~~~~~~~~~~~~~~~~^^
  File "C:\Users\user\AppData\Local\Programs\Python\Python313\Lib\contextlib.py", line 305, in helper
    return _GeneratorContextManager(func, args, kwds)
  File "C:\Users\user\AppData\Local\Programs\Python\Python313\Lib\contextlib.py", line 109, in __init__
    self.gen = func(*args, **kwds)
               ~~~~^^^^^^^^^^^^^^^
RecursionError: maximum recursion depth exceeded
ERROR 2025-05-27 23:53:33,468 log 1760 18144 Internal Server Error: /news/
Traceback (most recent call last):
  File "C:\Users\user\AppData\Local\Programs\Python\Python313\Lib\site-packages\django\template\base.py", line 875, in _resolve_lookup
    current = current[bit]
              ~~~~~~~^^^^^
  File "C:\Users\user\AppData\Local\Programs\Python\Python313\Lib\site-packages\django\utils\functional.py", line 253, in inner
    return func(_wrapped, *args)
TypeError: 'User' object is not subscriptable

During handling of the above exception, another exception occurred:

Traceback (most recent call last):
  File "C:\Users\user\AppData\Local\Programs\Python\Python313\Lib\site-packages\django\db\models\fields\related_descriptors.py", line 505, in __get__
    rel_obj = self.related.get_cached_value(instance)
  File "C:\Users\user\AppData\Local\Programs\Python\Python313\Lib\site-packages\django\db\models\fields\mixins.py", line 15, in get_cached_value
    return instance._state.fields_cache[cache_name]
           ~~~~~~~~~~~~~~~~~~~~~~~~~~~~^^^^^^^^^^^^
KeyError: 'driver'

During handling of the above exception, another exception occurred:

Traceback (most recent call last):
  File "C:\Users\user\AppData\Local\Programs\Python\Python313\Lib\site-packages\django\db\backends\utils.py", line 105, in _execute
    return self.cursor.execute(sql, params)
           ~~~~~~~~~~~~~~~~~~~^^^^^^^^^^^^^
  File "C:\Users\user\AppData\Local\Programs\Python\Python313\Lib\site-packages\django\db\backends\sqlite3\base.py", line 328, in execute
    return super().execute(query, params)
           ~~~~~~~~~~~~~~~^^^^^^^^^^^^^^^
sqlite3.OperationalError: no such column: main_driver.photo

The above exception was the direct cause of the following exception:

Traceback (most recent call last):
  File "C:\Users\user\AppData\Local\Programs\Python\Python313\Lib\site-packages\django\core\handlers\exception.py", line 55, in inner
    response = get_response(request)
  File "C:\Users\user\AppData\Local\Programs\Python\Python313\Lib\site-packages\django\core\handlers\base.py", line 197, in _get_response
    response = wrapped_callback(request, *callback_args, **callback_kwargs)
  File "C:\Users\user\Desktop\laba5\main\views.py", line 29, in news
    return render(request, 'main/news.html')
  File "C:\Users\user\AppData\Local\Programs\Python\Python313\Lib\site-packages\django\shortcuts.py", line 24, in render
    content = loader.render_to_string(template_name, context, request, using=using)
  File "C:\Users\user\AppData\Local\Programs\Python\Python313\Lib\site-packages\django\template\loader.py", line 62, in render_to_string
    return template.render(context, request)
           ~~~~~~~~~~~~~~~^^^^^^^^^^^^^^^^^^
  File "C:\Users\user\AppData\Local\Programs\Python\Python313\Lib\site-packages\django\template\backends\django.py", line 61, in render
    return self.template.render(context)
           ~~~~~~~~~~~~~~~~~~~~^^^^^^^^^
  File "C:\Users\user\AppData\Local\Programs\Python\Python313\Lib\site-packages\django\template\base.py", line 171, in render
    return self._render(context)
           ~~~~~~~~~~~~^^^^^^^^^
  File "C:\Users\user\AppData\Local\Programs\Python\Python313\Lib\site-packages\django\template\base.py", line 163, in _render
    return self.nodelist.render(context)
           ~~~~~~~~~~~~~~~~~~~~^^^^^^^^^
  File "C:\Users\user\AppData\Local\Programs\Python\Python313\Lib\site-packages\django\template\base.py", line 1000, in render
    return SafeString("".join([node.render_annotated(context) for node in self]))
                               ~~~~~~~~~~~~~~~~~~~~~^^^^^^^^^
  File "C:\Users\user\AppData\Local\Programs\Python\Python313\Lib\site-packages\django\template\base.py", line 961, in render_annotated
    return self.render(context)
           ~~~~~~~~~~~^^^^^^^^^
  File "C:\Users\user\AppData\Local\Programs\Python\Python313\Lib\site-packages\django\template\loader_tags.py", line 159, in render
    return compiled_parent._render(context)
           ~~~~~~~~~~~~~~~~~~~~~~~^^^^^^^^^
  File "C:\Users\user\AppData\Local\Programs\Python\Python313\Lib\site-packages\django\template\base.py", line 163, in _render
    return self.nodelist.render(context)
           ~~~~~~~~~~~~~~~~~~~~^^^^^^^^^
  File "C:\Users\user\AppData\Local\Programs\Python\Python313\Lib\site-packages\django\template\base.py", line 1000, in render
    return SafeString("".join([node.render_annotated(context) for node in self]))
                               ~~~~~~~~~~~~~~~~~~~~~^^^^^^^^^
  File "C:\Users\user\AppData\Local\Programs\Python\Python313\Lib\site-packages\django\template\base.py", line 961, in render_annotated
    return self.render(context)
           ~~~~~~~~~~~^^^^^^^^^
  File "C:\Users\user\AppData\Local\Programs\Python\Python313\Lib\site-packages\django\template\defaulttags.py", line 325, in render
    return nodelist.render(context)
           ~~~~~~~~~~~~~~~^^^^^^^^^
  File "C:\Users\user\AppData\Local\Programs\Python\Python313\Lib\site-packages\django\template\base.py", line 1000, in render
    return SafeString("".join([node.render_annotated(context) for node in self]))
                               ~~~~~~~~~~~~~~~~~~~~~^^^^^^^^^
  File "C:\Users\user\AppData\Local\Programs\Python\Python313\Lib\site-packages\django\template\base.py", line 961, in render_annotated
    return self.render(context)
           ~~~~~~~~~~~^^^^^^^^^
  File "C:\Users\user\AppData\Local\Programs\Python\Python313\Lib\site-packages\django\template\defaulttags.py", line 318, in render
    match = condition.eval(context)
  File "C:\Users\user\AppData\Local\Programs\Python\Python313\Lib\site-packages\django\template\defaulttags.py", line 884, in eval
    return self.value.resolve(context, ignore_failures=True)
           ~~~~~~~~~~~~~~~~~~^^^^^^^^^^^^^^^^^^^^^^^^^^^^^^^
  File "C:\Users\user\AppData\Local\Programs\Python\Python313\Lib\site-packages\django\template\base.py", line 710, in resolve
    obj = self.var.resolve(context)
  File "C:\Users\user\AppData\Local\Programs\Python\Python313\Lib\site-packages\django\template\base.py", line 842, in resolve
    value = self._resolve_lookup(context)
  File "C:\Users\user\AppData\Local\Programs\Python\Python313\Lib\site-packages\django\template\base.py", line 885, in _resolve_lookup
    current = getattr(current, bit)
  File "C:\Users\user\AppData\Local\Programs\Python\Python313\Lib\site-packages\django\utils\functional.py", line 253, in inner
    return func(_wrapped, *args)
  File "C:\Users\user\AppData\Local\Programs\Python\Python313\Lib\site-packages\django\db\models\fields\related_descriptors.py", line 513, in __get__
    rel_obj = self.get_queryset(instance=instance).get(**filter_args)
  File "C:\Users\user\AppData\Local\Programs\Python\Python313\Lib\site-packages\django\db\models\query.py", line 643, in get
    num = len(clone)
  File "C:\Users\user\AppData\Local\Programs\Python\Python313\Lib\site-packages\django\db\models\query.py", line 380, in __len__
    self._fetch_all()
    ~~~~~~~~~~~~~~~^^
  File "C:\Users\user\AppData\Local\Programs\Python\Python313\Lib\site-packages\django\db\models\query.py", line 1926, in _fetch_all
    self._result_cache = list(self._iterable_class(self))
                         ~~~~^^^^^^^^^^^^^^^^^^^^^^^^^^^^
  File "C:\Users\user\AppData\Local\Programs\Python\Python313\Lib\site-packages\django\db\models\query.py", line 91, in __iter__
    results = compiler.execute_sql(
        chunked_fetch=self.chunked_fetch, chunk_size=self.chunk_size
    )
  File "C:\Users\user\AppData\Local\Programs\Python\Python313\Lib\site-packages\django\db\models\sql\compiler.py", line 1562, in execute_sql
    cursor.execute(sql, params)
    ~~~~~~~~~~~~~~^^^^^^^^^^^^^
  File "C:\Users\user\AppData\Local\Programs\Python\Python313\Lib\site-packages\django\db\backends\utils.py", line 122, in execute
    return super().execute(sql, params)
           ~~~~~~~~~~~~~~~^^^^^^^^^^^^^
  File "C:\Users\user\AppData\Local\Programs\Python\Python313\Lib\site-packages\django\db\backends\utils.py", line 79, in execute
    return self._execute_with_wrappers(
           ~~~~~~~~~~~~~~~~~~~~~~~~~~~^
        sql, params, many=False, executor=self._execute
        ^^^^^^^^^^^^^^^^^^^^^^^^^^^^^^^^^^^^^^^^^^^^^^^
    )
    ^
  File "C:\Users\user\AppData\Local\Programs\Python\Python313\Lib\site-packages\django\db\backends\utils.py", line 92, in _execute_with_wrappers
    return executor(sql, params, many, context)
  File "C:\Users\user\AppData\Local\Programs\Python\Python313\Lib\site-packages\django\db\backends\utils.py", line 100, in _execute
    with self.db.wrap_database_errors:
         ^^^^^^^^^^^^^^^^^^^^^^^^^^^^
  File "C:\Users\user\AppData\Local\Programs\Python\Python313\Lib\site-packages\django\db\utils.py", line 91, in __exit__
    raise dj_exc_value.with_traceback(traceback) from exc_value
  File "C:\Users\user\AppData\Local\Programs\Python\Python313\Lib\site-packages\django\db\backends\utils.py", line 105, in _execute
    return self.cursor.execute(sql, params)
           ~~~~~~~~~~~~~~~~~~~^^^^^^^^^^^^^
  File "C:\Users\user\AppData\Local\Programs\Python\Python313\Lib\site-packages\django\db\backends\sqlite3\base.py", line 328, in execute
    return super().execute(query, params)
           ~~~~~~~~~~~~~~~^^^^^^^^^^^^^^^
django.db.utils.OperationalError: no such column: main_driver.photo
ERROR 2025-05-27 23:53:33,475 basehttp 1760 18144 "GET /news/ HTTP/1.1" 500 258019
ERROR 2025-05-27 23:53:40,648 log 1760 18144 Internal Server Error: /
Traceback (most recent call last):
  File "C:\Users\user\AppData\Local\Programs\Python\Python313\Lib\site-packages\django\template\base.py", line 875, in _resolve_lookup
    current = current[bit]
              ~~~~~~~^^^^^
  File "C:\Users\user\AppData\Local\Programs\Python\Python313\Lib\site-packages\django\utils\functional.py", line 253, in inner
    return func(_wrapped, *args)
TypeError: 'User' object is not subscriptable

During handling of the above exception, another exception occurred:

Traceback (most recent call last):
  File "C:\Users\user\AppData\Local\Programs\Python\Python313\Lib\site-packages\django\db\models\fields\related_descriptors.py", line 505, in __get__
    rel_obj = self.related.get_cached_value(instance)
  File "C:\Users\user\AppData\Local\Programs\Python\Python313\Lib\site-packages\django\db\models\fields\mixins.py", line 15, in get_cached_value
    return instance._state.fields_cache[cache_name]
           ~~~~~~~~~~~~~~~~~~~~~~~~~~~~^^^^^^^^^^^^
KeyError: 'driver'

During handling of the above exception, another exception occurred:

Traceback (most recent call last):
  File "C:\Users\user\AppData\Local\Programs\Python\Python313\Lib\site-packages\django\db\backends\utils.py", line 105, in _execute
    return self.cursor.execute(sql, params)
           ~~~~~~~~~~~~~~~~~~~^^^^^^^^^^^^^
  File "C:\Users\user\AppData\Local\Programs\Python\Python313\Lib\site-packages\django\db\backends\sqlite3\base.py", line 328, in execute
    return super().execute(query, params)
           ~~~~~~~~~~~~~~~^^^^^^^^^^^^^^^
sqlite3.OperationalError: no such column: main_driver.photo

The above exception was the direct cause of the following exception:

Traceback (most recent call last):
  File "C:\Users\user\AppData\Local\Programs\Python\Python313\Lib\site-packages\django\core\handlers\exception.py", line 55, in inner
    response = get_response(request)
  File "C:\Users\user\AppData\Local\Programs\Python\Python313\Lib\site-packages\django\core\handlers\base.py", line 197, in _get_response
    response = wrapped_callback(request, *callback_args, **callback_kwargs)
  File "C:\Users\user\Desktop\laba5\main\views.py", line 19, in index
    return render(request, 'main/index.html', {
        # 'latest_news': latest_news
    })
  File "C:\Users\user\AppData\Local\Programs\Python\Python313\Lib\site-packages\django\shortcuts.py", line 24, in render
    content = loader.render_to_string(template_name, context, request, using=using)
  File "C:\Users\user\AppData\Local\Programs\Python\Python313\Lib\site-packages\django\template\loader.py", line 62, in render_to_string
    return template.render(context, request)
           ~~~~~~~~~~~~~~~^^^^^^^^^^^^^^^^^^
  File "C:\Users\user\AppData\Local\Programs\Python\Python313\Lib\site-packages\django\template\backends\django.py", line 61, in render
    return self.template.render(context)
           ~~~~~~~~~~~~~~~~~~~~^^^^^^^^^
  File "C:\Users\user\AppData\Local\Programs\Python\Python313\Lib\site-packages\django\template\base.py", line 171, in render
    return self._render(context)
           ~~~~~~~~~~~~^^^^^^^^^
  File "C:\Users\user\AppData\Local\Programs\Python\Python313\Lib\site-packages\django\template\base.py", line 163, in _render
    return self.nodelist.render(context)
           ~~~~~~~~~~~~~~~~~~~~^^^^^^^^^
  File "C:\Users\user\AppData\Local\Programs\Python\Python313\Lib\site-packages\django\template\base.py", line 1000, in render
    return SafeString("".join([node.render_annotated(context) for node in self]))
                               ~~~~~~~~~~~~~~~~~~~~~^^^^^^^^^
  File "C:\Users\user\AppData\Local\Programs\Python\Python313\Lib\site-packages\django\template\base.py", line 961, in render_annotated
    return self.render(context)
           ~~~~~~~~~~~^^^^^^^^^
  File "C:\Users\user\AppData\Local\Programs\Python\Python313\Lib\site-packages\django\template\loader_tags.py", line 159, in render
    return compiled_parent._render(context)
           ~~~~~~~~~~~~~~~~~~~~~~~^^^^^^^^^
  File "C:\Users\user\AppData\Local\Programs\Python\Python313\Lib\site-packages\django\template\base.py", line 163, in _render
    return self.nodelist.render(context)
           ~~~~~~~~~~~~~~~~~~~~^^^^^^^^^
  File "C:\Users\user\AppData\Local\Programs\Python\Python313\Lib\site-packages\django\template\base.py", line 1000, in render
    return SafeString("".join([node.render_annotated(context) for node in self]))
                               ~~~~~~~~~~~~~~~~~~~~~^^^^^^^^^
  File "C:\Users\user\AppData\Local\Programs\Python\Python313\Lib\site-packages\django\template\base.py", line 961, in render_annotated
    return self.render(context)
           ~~~~~~~~~~~^^^^^^^^^
  File "C:\Users\user\AppData\Local\Programs\Python\Python313\Lib\site-packages\django\template\defaulttags.py", line 325, in render
    return nodelist.render(context)
           ~~~~~~~~~~~~~~~^^^^^^^^^
  File "C:\Users\user\AppData\Local\Programs\Python\Python313\Lib\site-packages\django\template\base.py", line 1000, in render
    return SafeString("".join([node.render_annotated(context) for node in self]))
                               ~~~~~~~~~~~~~~~~~~~~~^^^^^^^^^
  File "C:\Users\user\AppData\Local\Programs\Python\Python313\Lib\site-packages\django\template\base.py", line 961, in render_annotated
    return self.render(context)
           ~~~~~~~~~~~^^^^^^^^^
  File "C:\Users\user\AppData\Local\Programs\Python\Python313\Lib\site-packages\django\template\defaulttags.py", line 318, in render
    match = condition.eval(context)
  File "C:\Users\user\AppData\Local\Programs\Python\Python313\Lib\site-packages\django\template\defaulttags.py", line 884, in eval
    return self.value.resolve(context, ignore_failures=True)
           ~~~~~~~~~~~~~~~~~~^^^^^^^^^^^^^^^^^^^^^^^^^^^^^^^
  File "C:\Users\user\AppData\Local\Programs\Python\Python313\Lib\site-packages\django\template\base.py", line 710, in resolve
    obj = self.var.resolve(context)
  File "C:\Users\user\AppData\Local\Programs\Python\Python313\Lib\site-packages\django\template\base.py", line 842, in resolve
    value = self._resolve_lookup(context)
  File "C:\Users\user\AppData\Local\Programs\Python\Python313\Lib\site-packages\django\template\base.py", line 885, in _resolve_lookup
    current = getattr(current, bit)
  File "C:\Users\user\AppData\Local\Programs\Python\Python313\Lib\site-packages\django\utils\functional.py", line 253, in inner
    return func(_wrapped, *args)
  File "C:\Users\user\AppData\Local\Programs\Python\Python313\Lib\site-packages\django\db\models\fields\related_descriptors.py", line 513, in __get__
    rel_obj = self.get_queryset(instance=instance).get(**filter_args)
  File "C:\Users\user\AppData\Local\Programs\Python\Python313\Lib\site-packages\django\db\models\query.py", line 643, in get
    num = len(clone)
  File "C:\Users\user\AppData\Local\Programs\Python\Python313\Lib\site-packages\django\db\models\query.py", line 380, in __len__
    self._fetch_all()
    ~~~~~~~~~~~~~~~^^
  File "C:\Users\user\AppData\Local\Programs\Python\Python313\Lib\site-packages\django\db\models\query.py", line 1926, in _fetch_all
    self._result_cache = list(self._iterable_class(self))
                         ~~~~^^^^^^^^^^^^^^^^^^^^^^^^^^^^
  File "C:\Users\user\AppData\Local\Programs\Python\Python313\Lib\site-packages\django\db\models\query.py", line 91, in __iter__
    results = compiler.execute_sql(
        chunked_fetch=self.chunked_fetch, chunk_size=self.chunk_size
    )
  File "C:\Users\user\AppData\Local\Programs\Python\Python313\Lib\site-packages\django\db\models\sql\compiler.py", line 1562, in execute_sql
    cursor.execute(sql, params)
    ~~~~~~~~~~~~~~^^^^^^^^^^^^^
  File "C:\Users\user\AppData\Local\Programs\Python\Python313\Lib\site-packages\django\db\backends\utils.py", line 122, in execute
    return super().execute(sql, params)
           ~~~~~~~~~~~~~~~^^^^^^^^^^^^^
  File "C:\Users\user\AppData\Local\Programs\Python\Python313\Lib\site-packages\django\db\backends\utils.py", line 79, in execute
    return self._execute_with_wrappers(
           ~~~~~~~~~~~~~~~~~~~~~~~~~~~^
        sql, params, many=False, executor=self._execute
        ^^^^^^^^^^^^^^^^^^^^^^^^^^^^^^^^^^^^^^^^^^^^^^^
    )
    ^
  File "C:\Users\user\AppData\Local\Programs\Python\Python313\Lib\site-packages\django\db\backends\utils.py", line 92, in _execute_with_wrappers
    return executor(sql, params, many, context)
  File "C:\Users\user\AppData\Local\Programs\Python\Python313\Lib\site-packages\django\db\backends\utils.py", line 100, in _execute
    with self.db.wrap_database_errors:
         ^^^^^^^^^^^^^^^^^^^^^^^^^^^^
  File "C:\Users\user\AppData\Local\Programs\Python\Python313\Lib\site-packages\django\db\utils.py", line 91, in __exit__
    raise dj_exc_value.with_traceback(traceback) from exc_value
  File "C:\Users\user\AppData\Local\Programs\Python\Python313\Lib\site-packages\django\db\backends\utils.py", line 105, in _execute
    return self.cursor.execute(sql, params)
           ~~~~~~~~~~~~~~~~~~~^^^^^^^^^^^^^
  File "C:\Users\user\AppData\Local\Programs\Python\Python313\Lib\site-packages\django\db\backends\sqlite3\base.py", line 328, in execute
    return super().execute(query, params)
           ~~~~~~~~~~~~~~~^^^^^^^^^^^^^^^
django.db.utils.OperationalError: no such column: main_driver.photo
ERROR 2025-05-27 23:53:40,658 basehttp 1760 18144 "GET / HTTP/1.1" 500 258384
ERROR 2025-05-27 23:53:41,169 log 1760 18144 Internal Server Error: /
Traceback (most recent call last):
  File "C:\Users\user\AppData\Local\Programs\Python\Python313\Lib\site-packages\django\template\base.py", line 875, in _resolve_lookup
    current = current[bit]
              ~~~~~~~^^^^^
  File "C:\Users\user\AppData\Local\Programs\Python\Python313\Lib\site-packages\django\utils\functional.py", line 253, in inner
    return func(_wrapped, *args)
TypeError: 'User' object is not subscriptable

During handling of the above exception, another exception occurred:

Traceback (most recent call last):
  File "C:\Users\user\AppData\Local\Programs\Python\Python313\Lib\site-packages\django\db\models\fields\related_descriptors.py", line 505, in __get__
    rel_obj = self.related.get_cached_value(instance)
  File "C:\Users\user\AppData\Local\Programs\Python\Python313\Lib\site-packages\django\db\models\fields\mixins.py", line 15, in get_cached_value
    return instance._state.fields_cache[cache_name]
           ~~~~~~~~~~~~~~~~~~~~~~~~~~~~^^^^^^^^^^^^
KeyError: 'driver'

During handling of the above exception, another exception occurred:

Traceback (most recent call last):
  File "C:\Users\user\AppData\Local\Programs\Python\Python313\Lib\site-packages\django\db\backends\utils.py", line 105, in _execute
    return self.cursor.execute(sql, params)
           ~~~~~~~~~~~~~~~~~~~^^^^^^^^^^^^^
  File "C:\Users\user\AppData\Local\Programs\Python\Python313\Lib\site-packages\django\db\backends\sqlite3\base.py", line 328, in execute
    return super().execute(query, params)
           ~~~~~~~~~~~~~~~^^^^^^^^^^^^^^^
sqlite3.OperationalError: no such column: main_driver.photo

The above exception was the direct cause of the following exception:

Traceback (most recent call last):
  File "C:\Users\user\AppData\Local\Programs\Python\Python313\Lib\site-packages\django\core\handlers\exception.py", line 55, in inner
    response = get_response(request)
  File "C:\Users\user\AppData\Local\Programs\Python\Python313\Lib\site-packages\django\core\handlers\base.py", line 197, in _get_response
    response = wrapped_callback(request, *callback_args, **callback_kwargs)
  File "C:\Users\user\Desktop\laba5\main\views.py", line 19, in index
    return render(request, 'main/index.html', {
        # 'latest_news': latest_news
    })
  File "C:\Users\user\AppData\Local\Programs\Python\Python313\Lib\site-packages\django\shortcuts.py", line 24, in render
    content = loader.render_to_string(template_name, context, request, using=using)
  File "C:\Users\user\AppData\Local\Programs\Python\Python313\Lib\site-packages\django\template\loader.py", line 62, in render_to_string
    return template.render(context, request)
           ~~~~~~~~~~~~~~~^^^^^^^^^^^^^^^^^^
  File "C:\Users\user\AppData\Local\Programs\Python\Python313\Lib\site-packages\django\template\backends\django.py", line 61, in render
    return self.template.render(context)
           ~~~~~~~~~~~~~~~~~~~~^^^^^^^^^
  File "C:\Users\user\AppData\Local\Programs\Python\Python313\Lib\site-packages\django\template\base.py", line 171, in render
    return self._render(context)
           ~~~~~~~~~~~~^^^^^^^^^
  File "C:\Users\user\AppData\Local\Programs\Python\Python313\Lib\site-packages\django\template\base.py", line 163, in _render
    return self.nodelist.render(context)
           ~~~~~~~~~~~~~~~~~~~~^^^^^^^^^
  File "C:\Users\user\AppData\Local\Programs\Python\Python313\Lib\site-packages\django\template\base.py", line 1000, in render
    return SafeString("".join([node.render_annotated(context) for node in self]))
                               ~~~~~~~~~~~~~~~~~~~~~^^^^^^^^^
  File "C:\Users\user\AppData\Local\Programs\Python\Python313\Lib\site-packages\django\template\base.py", line 961, in render_annotated
    return self.render(context)
           ~~~~~~~~~~~^^^^^^^^^
  File "C:\Users\user\AppData\Local\Programs\Python\Python313\Lib\site-packages\django\template\loader_tags.py", line 159, in render
    return compiled_parent._render(context)
           ~~~~~~~~~~~~~~~~~~~~~~~^^^^^^^^^
  File "C:\Users\user\AppData\Local\Programs\Python\Python313\Lib\site-packages\django\template\base.py", line 163, in _render
    return self.nodelist.render(context)
           ~~~~~~~~~~~~~~~~~~~~^^^^^^^^^
  File "C:\Users\user\AppData\Local\Programs\Python\Python313\Lib\site-packages\django\template\base.py", line 1000, in render
    return SafeString("".join([node.render_annotated(context) for node in self]))
                               ~~~~~~~~~~~~~~~~~~~~~^^^^^^^^^
  File "C:\Users\user\AppData\Local\Programs\Python\Python313\Lib\site-packages\django\template\base.py", line 961, in render_annotated
    return self.render(context)
           ~~~~~~~~~~~^^^^^^^^^
  File "C:\Users\user\AppData\Local\Programs\Python\Python313\Lib\site-packages\django\template\defaulttags.py", line 325, in render
    return nodelist.render(context)
           ~~~~~~~~~~~~~~~^^^^^^^^^
  File "C:\Users\user\AppData\Local\Programs\Python\Python313\Lib\site-packages\django\template\base.py", line 1000, in render
    return SafeString("".join([node.render_annotated(context) for node in self]))
                               ~~~~~~~~~~~~~~~~~~~~~^^^^^^^^^
  File "C:\Users\user\AppData\Local\Programs\Python\Python313\Lib\site-packages\django\template\base.py", line 961, in render_annotated
    return self.render(context)
           ~~~~~~~~~~~^^^^^^^^^
  File "C:\Users\user\AppData\Local\Programs\Python\Python313\Lib\site-packages\django\template\defaulttags.py", line 318, in render
    match = condition.eval(context)
  File "C:\Users\user\AppData\Local\Programs\Python\Python313\Lib\site-packages\django\template\defaulttags.py", line 884, in eval
    return self.value.resolve(context, ignore_failures=True)
           ~~~~~~~~~~~~~~~~~~^^^^^^^^^^^^^^^^^^^^^^^^^^^^^^^
  File "C:\Users\user\AppData\Local\Programs\Python\Python313\Lib\site-packages\django\template\base.py", line 710, in resolve
    obj = self.var.resolve(context)
  File "C:\Users\user\AppData\Local\Programs\Python\Python313\Lib\site-packages\django\template\base.py", line 842, in resolve
    value = self._resolve_lookup(context)
  File "C:\Users\user\AppData\Local\Programs\Python\Python313\Lib\site-packages\django\template\base.py", line 885, in _resolve_lookup
    current = getattr(current, bit)
  File "C:\Users\user\AppData\Local\Programs\Python\Python313\Lib\site-packages\django\utils\functional.py", line 253, in inner
    return func(_wrapped, *args)
  File "C:\Users\user\AppData\Local\Programs\Python\Python313\Lib\site-packages\django\db\models\fields\related_descriptors.py", line 513, in __get__
    rel_obj = self.get_queryset(instance=instance).get(**filter_args)
  File "C:\Users\user\AppData\Local\Programs\Python\Python313\Lib\site-packages\django\db\models\query.py", line 643, in get
    num = len(clone)
  File "C:\Users\user\AppData\Local\Programs\Python\Python313\Lib\site-packages\django\db\models\query.py", line 380, in __len__
    self._fetch_all()
    ~~~~~~~~~~~~~~~^^
  File "C:\Users\user\AppData\Local\Programs\Python\Python313\Lib\site-packages\django\db\models\query.py", line 1926, in _fetch_all
    self._result_cache = list(self._iterable_class(self))
                         ~~~~^^^^^^^^^^^^^^^^^^^^^^^^^^^^
  File "C:\Users\user\AppData\Local\Programs\Python\Python313\Lib\site-packages\django\db\models\query.py", line 91, in __iter__
    results = compiler.execute_sql(
        chunked_fetch=self.chunked_fetch, chunk_size=self.chunk_size
    )
  File "C:\Users\user\AppData\Local\Programs\Python\Python313\Lib\site-packages\django\db\models\sql\compiler.py", line 1562, in execute_sql
    cursor.execute(sql, params)
    ~~~~~~~~~~~~~~^^^^^^^^^^^^^
  File "C:\Users\user\AppData\Local\Programs\Python\Python313\Lib\site-packages\django\db\backends\utils.py", line 122, in execute
    return super().execute(sql, params)
           ~~~~~~~~~~~~~~~^^^^^^^^^^^^^
  File "C:\Users\user\AppData\Local\Programs\Python\Python313\Lib\site-packages\django\db\backends\utils.py", line 79, in execute
    return self._execute_with_wrappers(
           ~~~~~~~~~~~~~~~~~~~~~~~~~~~^
        sql, params, many=False, executor=self._execute
        ^^^^^^^^^^^^^^^^^^^^^^^^^^^^^^^^^^^^^^^^^^^^^^^
    )
    ^
  File "C:\Users\user\AppData\Local\Programs\Python\Python313\Lib\site-packages\django\db\backends\utils.py", line 92, in _execute_with_wrappers
    return executor(sql, params, many, context)
  File "C:\Users\user\AppData\Local\Programs\Python\Python313\Lib\site-packages\django\db\backends\utils.py", line 100, in _execute
    with self.db.wrap_database_errors:
         ^^^^^^^^^^^^^^^^^^^^^^^^^^^^
  File "C:\Users\user\AppData\Local\Programs\Python\Python313\Lib\site-packages\django\db\utils.py", line 91, in __exit__
    raise dj_exc_value.with_traceback(traceback) from exc_value
  File "C:\Users\user\AppData\Local\Programs\Python\Python313\Lib\site-packages\django\db\backends\utils.py", line 105, in _execute
    return self.cursor.execute(sql, params)
           ~~~~~~~~~~~~~~~~~~~^^^^^^^^^^^^^
  File "C:\Users\user\AppData\Local\Programs\Python\Python313\Lib\site-packages\django\db\backends\sqlite3\base.py", line 328, in execute
    return super().execute(query, params)
           ~~~~~~~~~~~~~~~^^^^^^^^^^^^^^^
django.db.utils.OperationalError: no such column: main_driver.photo
ERROR 2025-05-27 23:53:41,174 basehttp 1760 18144 "GET / HTTP/1.1" 500 258110
ERROR 2025-05-27 23:56:14,976 log 11144 12348 Internal Server Error: /
Traceback (most recent call last):
  File "C:\Users\user\AppData\Local\Programs\Python\Python313\Lib\site-packages\django\template\base.py", line 875, in _resolve_lookup
    current = current[bit]
              ~~~~~~~^^^^^
  File "C:\Users\user\AppData\Local\Programs\Python\Python313\Lib\site-packages\django\utils\functional.py", line 253, in inner
    return func(_wrapped, *args)
TypeError: 'User' object is not subscriptable

During handling of the above exception, another exception occurred:

Traceback (most recent call last):
  File "C:\Users\user\AppData\Local\Programs\Python\Python313\Lib\site-packages\django\db\models\fields\related_descriptors.py", line 505, in __get__
    rel_obj = self.related.get_cached_value(instance)
  File "C:\Users\user\AppData\Local\Programs\Python\Python313\Lib\site-packages\django\db\models\fields\mixins.py", line 15, in get_cached_value
    return instance._state.fields_cache[cache_name]
           ~~~~~~~~~~~~~~~~~~~~~~~~~~~~^^^^^^^^^^^^
KeyError: 'driver'

During handling of the above exception, another exception occurred:

Traceback (most recent call last):
  File "C:\Users\user\AppData\Local\Programs\Python\Python313\Lib\site-packages\django\db\backends\utils.py", line 105, in _execute
    return self.cursor.execute(sql, params)
           ~~~~~~~~~~~~~~~~~~~^^^^^^^^^^^^^
  File "C:\Users\user\AppData\Local\Programs\Python\Python313\Lib\site-packages\django\db\backends\sqlite3\base.py", line 328, in execute
    return super().execute(query, params)
           ~~~~~~~~~~~~~~~^^^^^^^^^^^^^^^
sqlite3.OperationalError: no such column: main_driver.photo

The above exception was the direct cause of the following exception:

Traceback (most recent call last):
  File "C:\Users\user\AppData\Local\Programs\Python\Python313\Lib\site-packages\django\core\handlers\exception.py", line 55, in inner
    response = get_response(request)
  File "C:\Users\user\AppData\Local\Programs\Python\Python313\Lib\site-packages\django\core\handlers\base.py", line 197, in _get_response
    response = wrapped_callback(request, *callback_args, **callback_kwargs)
  File "C:\Users\user\Desktop\laba5\main\views.py", line 19, in index
    return render(request, 'main/index.html', {
        # 'latest_news': latest_news
    })
  File "C:\Users\user\AppData\Local\Programs\Python\Python313\Lib\site-packages\django\shortcuts.py", line 24, in render
    content = loader.render_to_string(template_name, context, request, using=using)
  File "C:\Users\user\AppData\Local\Programs\Python\Python313\Lib\site-packages\django\template\loader.py", line 62, in render_to_string
    return template.render(context, request)
           ~~~~~~~~~~~~~~~^^^^^^^^^^^^^^^^^^
  File "C:\Users\user\AppData\Local\Programs\Python\Python313\Lib\site-packages\django\template\backends\django.py", line 61, in render
    return self.template.render(context)
           ~~~~~~~~~~~~~~~~~~~~^^^^^^^^^
  File "C:\Users\user\AppData\Local\Programs\Python\Python313\Lib\site-packages\django\template\base.py", line 171, in render
    return self._render(context)
           ~~~~~~~~~~~~^^^^^^^^^
  File "C:\Users\user\AppData\Local\Programs\Python\Python313\Lib\site-packages\django\template\base.py", line 163, in _render
    return self.nodelist.render(context)
           ~~~~~~~~~~~~~~~~~~~~^^^^^^^^^
  File "C:\Users\user\AppData\Local\Programs\Python\Python313\Lib\site-packages\django\template\base.py", line 1000, in render
    return SafeString("".join([node.render_annotated(context) for node in self]))
                               ~~~~~~~~~~~~~~~~~~~~~^^^^^^^^^
  File "C:\Users\user\AppData\Local\Programs\Python\Python313\Lib\site-packages\django\template\base.py", line 961, in render_annotated
    return self.render(context)
           ~~~~~~~~~~~^^^^^^^^^
  File "C:\Users\user\AppData\Local\Programs\Python\Python313\Lib\site-packages\django\template\loader_tags.py", line 159, in render
    return compiled_parent._render(context)
           ~~~~~~~~~~~~~~~~~~~~~~~^^^^^^^^^
  File "C:\Users\user\AppData\Local\Programs\Python\Python313\Lib\site-packages\django\template\base.py", line 163, in _render
    return self.nodelist.render(context)
           ~~~~~~~~~~~~~~~~~~~~^^^^^^^^^
  File "C:\Users\user\AppData\Local\Programs\Python\Python313\Lib\site-packages\django\template\base.py", line 1000, in render
    return SafeString("".join([node.render_annotated(context) for node in self]))
                               ~~~~~~~~~~~~~~~~~~~~~^^^^^^^^^
  File "C:\Users\user\AppData\Local\Programs\Python\Python313\Lib\site-packages\django\template\base.py", line 961, in render_annotated
    return self.render(context)
           ~~~~~~~~~~~^^^^^^^^^
  File "C:\Users\user\AppData\Local\Programs\Python\Python313\Lib\site-packages\django\template\defaulttags.py", line 325, in render
    return nodelist.render(context)
           ~~~~~~~~~~~~~~~^^^^^^^^^
  File "C:\Users\user\AppData\Local\Programs\Python\Python313\Lib\site-packages\django\template\base.py", line 1000, in render
    return SafeString("".join([node.render_annotated(context) for node in self]))
                               ~~~~~~~~~~~~~~~~~~~~~^^^^^^^^^
  File "C:\Users\user\AppData\Local\Programs\Python\Python313\Lib\site-packages\django\template\base.py", line 961, in render_annotated
    return self.render(context)
           ~~~~~~~~~~~^^^^^^^^^
  File "C:\Users\user\AppData\Local\Programs\Python\Python313\Lib\site-packages\django\template\defaulttags.py", line 318, in render
    match = condition.eval(context)
  File "C:\Users\user\AppData\Local\Programs\Python\Python313\Lib\site-packages\django\template\defaulttags.py", line 884, in eval
    return self.value.resolve(context, ignore_failures=True)
           ~~~~~~~~~~~~~~~~~~^^^^^^^^^^^^^^^^^^^^^^^^^^^^^^^
  File "C:\Users\user\AppData\Local\Programs\Python\Python313\Lib\site-packages\django\template\base.py", line 710, in resolve
    obj = self.var.resolve(context)
  File "C:\Users\user\AppData\Local\Programs\Python\Python313\Lib\site-packages\django\template\base.py", line 842, in resolve
    value = self._resolve_lookup(context)
  File "C:\Users\user\AppData\Local\Programs\Python\Python313\Lib\site-packages\django\template\base.py", line 885, in _resolve_lookup
    current = getattr(current, bit)
  File "C:\Users\user\AppData\Local\Programs\Python\Python313\Lib\site-packages\django\utils\functional.py", line 253, in inner
    return func(_wrapped, *args)
  File "C:\Users\user\AppData\Local\Programs\Python\Python313\Lib\site-packages\django\db\models\fields\related_descriptors.py", line 513, in __get__
    rel_obj = self.get_queryset(instance=instance).get(**filter_args)
  File "C:\Users\user\AppData\Local\Programs\Python\Python313\Lib\site-packages\django\db\models\query.py", line 643, in get
    num = len(clone)
  File "C:\Users\user\AppData\Local\Programs\Python\Python313\Lib\site-packages\django\db\models\query.py", line 380, in __len__
    self._fetch_all()
    ~~~~~~~~~~~~~~~^^
  File "C:\Users\user\AppData\Local\Programs\Python\Python313\Lib\site-packages\django\db\models\query.py", line 1926, in _fetch_all
    self._result_cache = list(self._iterable_class(self))
                         ~~~~^^^^^^^^^^^^^^^^^^^^^^^^^^^^
  File "C:\Users\user\AppData\Local\Programs\Python\Python313\Lib\site-packages\django\db\models\query.py", line 91, in __iter__
    results = compiler.execute_sql(
        chunked_fetch=self.chunked_fetch, chunk_size=self.chunk_size
    )
  File "C:\Users\user\AppData\Local\Programs\Python\Python313\Lib\site-packages\django\db\models\sql\compiler.py", line 1562, in execute_sql
    cursor.execute(sql, params)
    ~~~~~~~~~~~~~~^^^^^^^^^^^^^
  File "C:\Users\user\AppData\Local\Programs\Python\Python313\Lib\site-packages\django\db\backends\utils.py", line 122, in execute
    return super().execute(sql, params)
           ~~~~~~~~~~~~~~~^^^^^^^^^^^^^
  File "C:\Users\user\AppData\Local\Programs\Python\Python313\Lib\site-packages\django\db\backends\utils.py", line 79, in execute
    return self._execute_with_wrappers(
           ~~~~~~~~~~~~~~~~~~~~~~~~~~~^
        sql, params, many=False, executor=self._execute
        ^^^^^^^^^^^^^^^^^^^^^^^^^^^^^^^^^^^^^^^^^^^^^^^
    )
    ^
  File "C:\Users\user\AppData\Local\Programs\Python\Python313\Lib\site-packages\django\db\backends\utils.py", line 92, in _execute_with_wrappers
    return executor(sql, params, many, context)
  File "C:\Users\user\AppData\Local\Programs\Python\Python313\Lib\site-packages\django\db\backends\utils.py", line 100, in _execute
    with self.db.wrap_database_errors:
         ^^^^^^^^^^^^^^^^^^^^^^^^^^^^
  File "C:\Users\user\AppData\Local\Programs\Python\Python313\Lib\site-packages\django\db\utils.py", line 91, in __exit__
    raise dj_exc_value.with_traceback(traceback) from exc_value
  File "C:\Users\user\AppData\Local\Programs\Python\Python313\Lib\site-packages\django\db\backends\utils.py", line 105, in _execute
    return self.cursor.execute(sql, params)
           ~~~~~~~~~~~~~~~~~~~^^^^^^^^^^^^^
  File "C:\Users\user\AppData\Local\Programs\Python\Python313\Lib\site-packages\django\db\backends\sqlite3\base.py", line 328, in execute
    return super().execute(query, params)
           ~~~~~~~~~~~~~~~^^^^^^^^^^^^^^^
django.db.utils.OperationalError: no such column: main_driver.photo
ERROR 2025-05-27 23:56:14,985 basehttp 11144 12348 "GET / HTTP/1.1" 500 258247
ERROR 2025-05-27 23:57:10,232 log 11144 15816 Internal Server Error: /admin/main/review/
Traceback (most recent call last):
  File "C:\Users\user\AppData\Local\Programs\Python\Python313\Lib\site-packages\django\db\backends\utils.py", line 105, in _execute
    return self.cursor.execute(sql, params)
           ~~~~~~~~~~~~~~~~~~~^^^^^^^^^^^^^
  File "C:\Users\user\AppData\Local\Programs\Python\Python313\Lib\site-packages\django\db\backends\sqlite3\base.py", line 328, in execute
    return super().execute(query, params)
           ~~~~~~~~~~~~~~~^^^^^^^^^^^^^^^
sqlite3.OperationalError: no such column: main_order.weight

The above exception was the direct cause of the following exception:

Traceback (most recent call last):
  File "C:\Users\user\AppData\Local\Programs\Python\Python313\Lib\site-packages\django\core\handlers\exception.py", line 55, in inner
    response = get_response(request)
  File "C:\Users\user\AppData\Local\Programs\Python\Python313\Lib\site-packages\django\core\handlers\base.py", line 197, in _get_response
    response = wrapped_callback(request, *callback_args, **callback_kwargs)
  File "C:\Users\user\AppData\Local\Programs\Python\Python313\Lib\site-packages\django\contrib\admin\options.py", line 714, in wrapper
    return self.admin_site.admin_view(view)(*args, **kwargs)
           ~~~~~~~~~~~~~~~~~~~~~~~~~~~~~~~~^^^^^^^^^^^^^^^^^
  File "C:\Users\user\AppData\Local\Programs\Python\Python313\Lib\site-packages\django\utils\decorators.py", line 188, in _view_wrapper
    result = _process_exception(request, e)
  File "C:\Users\user\AppData\Local\Programs\Python\Python313\Lib\site-packages\django\utils\decorators.py", line 186, in _view_wrapper
    response = view_func(request, *args, **kwargs)
  File "C:\Users\user\AppData\Local\Programs\Python\Python313\Lib\site-packages\django\views\decorators\cache.py", line 80, in _view_wrapper
    response = view_func(request, *args, **kwargs)
  File "C:\Users\user\AppData\Local\Programs\Python\Python313\Lib\site-packages\django\contrib\admin\sites.py", line 240, in inner
    return view(request, *args, **kwargs)
  File "C:\Users\user\AppData\Local\Programs\Python\Python313\Lib\site-packages\django\utils\decorators.py", line 48, in _wrapper
    return bound_method(*args, **kwargs)
  File "C:\Users\user\AppData\Local\Programs\Python\Python313\Lib\site-packages\django\utils\decorators.py", line 188, in _view_wrapper
    result = _process_exception(request, e)
  File "C:\Users\user\AppData\Local\Programs\Python\Python313\Lib\site-packages\django\utils\decorators.py", line 186, in _view_wrapper
    response = view_func(request, *args, **kwargs)
  File "C:\Users\user\AppData\Local\Programs\Python\Python313\Lib\site-packages\django\contrib\admin\options.py", line 2120, in changelist_view
    "selection_note": _("0 of %(cnt)s selected") % {"cnt": len(cl.result_list)},
                                                           ~~~^^^^^^^^^^^^^^^^
  File "C:\Users\user\AppData\Local\Programs\Python\Python313\Lib\site-packages\django\db\models\query.py", line 380, in __len__
    self._fetch_all()
    ~~~~~~~~~~~~~~~^^
  File "C:\Users\user\AppData\Local\Programs\Python\Python313\Lib\site-packages\django\db\models\query.py", line 1926, in _fetch_all
    self._result_cache = list(self._iterable_class(self))
                         ~~~~^^^^^^^^^^^^^^^^^^^^^^^^^^^^
  File "C:\Users\user\AppData\Local\Programs\Python\Python313\Lib\site-packages\django\db\models\query.py", line 91, in __iter__
    results = compiler.execute_sql(
        chunked_fetch=self.chunked_fetch, chunk_size=self.chunk_size
    )
  File "C:\Users\user\AppData\Local\Programs\Python\Python313\Lib\site-packages\django\db\models\sql\compiler.py", line 1562, in execute_sql
    cursor.execute(sql, params)
    ~~~~~~~~~~~~~~^^^^^^^^^^^^^
  File "C:\Users\user\AppData\Local\Programs\Python\Python313\Lib\site-packages\django\db\backends\utils.py", line 122, in execute
    return super().execute(sql, params)
           ~~~~~~~~~~~~~~~^^^^^^^^^^^^^
  File "C:\Users\user\AppData\Local\Programs\Python\Python313\Lib\site-packages\django\db\backends\utils.py", line 79, in execute
    return self._execute_with_wrappers(
           ~~~~~~~~~~~~~~~~~~~~~~~~~~~^
        sql, params, many=False, executor=self._execute
        ^^^^^^^^^^^^^^^^^^^^^^^^^^^^^^^^^^^^^^^^^^^^^^^
    )
    ^
  File "C:\Users\user\AppData\Local\Programs\Python\Python313\Lib\site-packages\django\db\backends\utils.py", line 92, in _execute_with_wrappers
    return executor(sql, params, many, context)
  File "C:\Users\user\AppData\Local\Programs\Python\Python313\Lib\site-packages\django\db\backends\utils.py", line 100, in _execute
    with self.db.wrap_database_errors:
         ^^^^^^^^^^^^^^^^^^^^^^^^^^^^
  File "C:\Users\user\AppData\Local\Programs\Python\Python313\Lib\site-packages\django\db\utils.py", line 91, in __exit__
    raise dj_exc_value.with_traceback(traceback) from exc_value
  File "C:\Users\user\AppData\Local\Programs\Python\Python313\Lib\site-packages\django\db\backends\utils.py", line 105, in _execute
    return self.cursor.execute(sql, params)
           ~~~~~~~~~~~~~~~~~~~^^^^^^^^^^^^^
  File "C:\Users\user\AppData\Local\Programs\Python\Python313\Lib\site-packages\django\db\backends\sqlite3\base.py", line 328, in execute
    return super().execute(query, params)
           ~~~~~~~~~~~~~~~^^^^^^^^^^^^^^^
django.db.utils.OperationalError: no such column: main_order.weight
ERROR 2025-05-27 23:57:10,236 basehttp 11144 15816 "GET /admin/main/review/ HTTP/1.1" 500 208097
ERROR 2025-05-27 23:57:37,158 log 11144 19936 Internal Server Error: /
Traceback (most recent call last):
  File "C:\Users\user\AppData\Local\Programs\Python\Python313\Lib\site-packages\django\template\base.py", line 875, in _resolve_lookup
    current = current[bit]
              ~~~~~~~^^^^^
  File "C:\Users\user\AppData\Local\Programs\Python\Python313\Lib\site-packages\django\utils\functional.py", line 253, in inner
    return func(_wrapped, *args)
TypeError: 'User' object is not subscriptable

During handling of the above exception, another exception occurred:

Traceback (most recent call last):
  File "C:\Users\user\AppData\Local\Programs\Python\Python313\Lib\site-packages\django\db\models\fields\related_descriptors.py", line 505, in __get__
    rel_obj = self.related.get_cached_value(instance)
  File "C:\Users\user\AppData\Local\Programs\Python\Python313\Lib\site-packages\django\db\models\fields\mixins.py", line 15, in get_cached_value
    return instance._state.fields_cache[cache_name]
           ~~~~~~~~~~~~~~~~~~~~~~~~~~~~^^^^^^^^^^^^
KeyError: 'driver'

During handling of the above exception, another exception occurred:

Traceback (most recent call last):
  File "C:\Users\user\AppData\Local\Programs\Python\Python313\Lib\site-packages\django\db\backends\utils.py", line 105, in _execute
    return self.cursor.execute(sql, params)
           ~~~~~~~~~~~~~~~~~~~^^^^^^^^^^^^^
  File "C:\Users\user\AppData\Local\Programs\Python\Python313\Lib\site-packages\django\db\backends\sqlite3\base.py", line 328, in execute
    return super().execute(query, params)
           ~~~~~~~~~~~~~~~^^^^^^^^^^^^^^^
sqlite3.OperationalError: no such column: main_driver.photo

The above exception was the direct cause of the following exception:

Traceback (most recent call last):
  File "C:\Users\user\AppData\Local\Programs\Python\Python313\Lib\site-packages\django\core\handlers\exception.py", line 55, in inner
    response = get_response(request)
  File "C:\Users\user\AppData\Local\Programs\Python\Python313\Lib\site-packages\django\core\handlers\base.py", line 197, in _get_response
    response = wrapped_callback(request, *callback_args, **callback_kwargs)
  File "C:\Users\user\Desktop\laba5\main\views.py", line 19, in index
    return render(request, 'main/index.html', {
        # 'latest_news': latest_news
    })
  File "C:\Users\user\AppData\Local\Programs\Python\Python313\Lib\site-packages\django\shortcuts.py", line 24, in render
    content = loader.render_to_string(template_name, context, request, using=using)
  File "C:\Users\user\AppData\Local\Programs\Python\Python313\Lib\site-packages\django\template\loader.py", line 62, in render_to_string
    return template.render(context, request)
           ~~~~~~~~~~~~~~~^^^^^^^^^^^^^^^^^^
  File "C:\Users\user\AppData\Local\Programs\Python\Python313\Lib\site-packages\django\template\backends\django.py", line 61, in render
    return self.template.render(context)
           ~~~~~~~~~~~~~~~~~~~~^^^^^^^^^
  File "C:\Users\user\AppData\Local\Programs\Python\Python313\Lib\site-packages\django\template\base.py", line 171, in render
    return self._render(context)
           ~~~~~~~~~~~~^^^^^^^^^
  File "C:\Users\user\AppData\Local\Programs\Python\Python313\Lib\site-packages\django\template\base.py", line 163, in _render
    return self.nodelist.render(context)
           ~~~~~~~~~~~~~~~~~~~~^^^^^^^^^
  File "C:\Users\user\AppData\Local\Programs\Python\Python313\Lib\site-packages\django\template\base.py", line 1000, in render
    return SafeString("".join([node.render_annotated(context) for node in self]))
                               ~~~~~~~~~~~~~~~~~~~~~^^^^^^^^^
  File "C:\Users\user\AppData\Local\Programs\Python\Python313\Lib\site-packages\django\template\base.py", line 961, in render_annotated
    return self.render(context)
           ~~~~~~~~~~~^^^^^^^^^
  File "C:\Users\user\AppData\Local\Programs\Python\Python313\Lib\site-packages\django\template\loader_tags.py", line 159, in render
    return compiled_parent._render(context)
           ~~~~~~~~~~~~~~~~~~~~~~~^^^^^^^^^
  File "C:\Users\user\AppData\Local\Programs\Python\Python313\Lib\site-packages\django\template\base.py", line 163, in _render
    return self.nodelist.render(context)
           ~~~~~~~~~~~~~~~~~~~~^^^^^^^^^
  File "C:\Users\user\AppData\Local\Programs\Python\Python313\Lib\site-packages\django\template\base.py", line 1000, in render
    return SafeString("".join([node.render_annotated(context) for node in self]))
                               ~~~~~~~~~~~~~~~~~~~~~^^^^^^^^^
  File "C:\Users\user\AppData\Local\Programs\Python\Python313\Lib\site-packages\django\template\base.py", line 961, in render_annotated
    return self.render(context)
           ~~~~~~~~~~~^^^^^^^^^
  File "C:\Users\user\AppData\Local\Programs\Python\Python313\Lib\site-packages\django\template\defaulttags.py", line 325, in render
    return nodelist.render(context)
           ~~~~~~~~~~~~~~~^^^^^^^^^
  File "C:\Users\user\AppData\Local\Programs\Python\Python313\Lib\site-packages\django\template\base.py", line 1000, in render
    return SafeString("".join([node.render_annotated(context) for node in self]))
                               ~~~~~~~~~~~~~~~~~~~~~^^^^^^^^^
  File "C:\Users\user\AppData\Local\Programs\Python\Python313\Lib\site-packages\django\template\base.py", line 961, in render_annotated
    return self.render(context)
           ~~~~~~~~~~~^^^^^^^^^
  File "C:\Users\user\AppData\Local\Programs\Python\Python313\Lib\site-packages\django\template\defaulttags.py", line 318, in render
    match = condition.eval(context)
  File "C:\Users\user\AppData\Local\Programs\Python\Python313\Lib\site-packages\django\template\defaulttags.py", line 884, in eval
    return self.value.resolve(context, ignore_failures=True)
           ~~~~~~~~~~~~~~~~~~^^^^^^^^^^^^^^^^^^^^^^^^^^^^^^^
  File "C:\Users\user\AppData\Local\Programs\Python\Python313\Lib\site-packages\django\template\base.py", line 710, in resolve
    obj = self.var.resolve(context)
  File "C:\Users\user\AppData\Local\Programs\Python\Python313\Lib\site-packages\django\template\base.py", line 842, in resolve
    value = self._resolve_lookup(context)
  File "C:\Users\user\AppData\Local\Programs\Python\Python313\Lib\site-packages\django\template\base.py", line 885, in _resolve_lookup
    current = getattr(current, bit)
  File "C:\Users\user\AppData\Local\Programs\Python\Python313\Lib\site-packages\django\utils\functional.py", line 253, in inner
    return func(_wrapped, *args)
  File "C:\Users\user\AppData\Local\Programs\Python\Python313\Lib\site-packages\django\db\models\fields\related_descriptors.py", line 513, in __get__
    rel_obj = self.get_queryset(instance=instance).get(**filter_args)
  File "C:\Users\user\AppData\Local\Programs\Python\Python313\Lib\site-packages\django\db\models\query.py", line 643, in get
    num = len(clone)
  File "C:\Users\user\AppData\Local\Programs\Python\Python313\Lib\site-packages\django\db\models\query.py", line 380, in __len__
    self._fetch_all()
    ~~~~~~~~~~~~~~~^^
  File "C:\Users\user\AppData\Local\Programs\Python\Python313\Lib\site-packages\django\db\models\query.py", line 1926, in _fetch_all
    self._result_cache = list(self._iterable_class(self))
                         ~~~~^^^^^^^^^^^^^^^^^^^^^^^^^^^^
  File "C:\Users\user\AppData\Local\Programs\Python\Python313\Lib\site-packages\django\db\models\query.py", line 91, in __iter__
    results = compiler.execute_sql(
        chunked_fetch=self.chunked_fetch, chunk_size=self.chunk_size
    )
  File "C:\Users\user\AppData\Local\Programs\Python\Python313\Lib\site-packages\django\db\models\sql\compiler.py", line 1562, in execute_sql
    cursor.execute(sql, params)
    ~~~~~~~~~~~~~~^^^^^^^^^^^^^
  File "C:\Users\user\AppData\Local\Programs\Python\Python313\Lib\site-packages\django\db\backends\utils.py", line 122, in execute
    return super().execute(sql, params)
           ~~~~~~~~~~~~~~~^^^^^^^^^^^^^
  File "C:\Users\user\AppData\Local\Programs\Python\Python313\Lib\site-packages\django\db\backends\utils.py", line 79, in execute
    return self._execute_with_wrappers(
           ~~~~~~~~~~~~~~~~~~~~~~~~~~~^
        sql, params, many=False, executor=self._execute
        ^^^^^^^^^^^^^^^^^^^^^^^^^^^^^^^^^^^^^^^^^^^^^^^
    )
    ^
  File "C:\Users\user\AppData\Local\Programs\Python\Python313\Lib\site-packages\django\db\backends\utils.py", line 92, in _execute_with_wrappers
    return executor(sql, params, many, context)
  File "C:\Users\user\AppData\Local\Programs\Python\Python313\Lib\site-packages\django\db\backends\utils.py", line 100, in _execute
    with self.db.wrap_database_errors:
         ^^^^^^^^^^^^^^^^^^^^^^^^^^^^
  File "C:\Users\user\AppData\Local\Programs\Python\Python313\Lib\site-packages\django\db\utils.py", line 91, in __exit__
    raise dj_exc_value.with_traceback(traceback) from exc_value
  File "C:\Users\user\AppData\Local\Programs\Python\Python313\Lib\site-packages\django\db\backends\utils.py", line 105, in _execute
    return self.cursor.execute(sql, params)
           ~~~~~~~~~~~~~~~~~~~^^^^^^^^^^^^^
  File "C:\Users\user\AppData\Local\Programs\Python\Python313\Lib\site-packages\django\db\backends\sqlite3\base.py", line 328, in execute
    return super().execute(query, params)
           ~~~~~~~~~~~~~~~^^^^^^^^^^^^^^^
django.db.utils.OperationalError: no such column: main_driver.photo
ERROR 2025-05-27 23:57:37,163 basehttp 11144 19936 "GET / HTTP/1.1" 500 258714
ERROR 2025-05-28 00:08:43,941 log 7172 18856 Internal Server Error: /
Traceback (most recent call last):
  File "C:\Users\user\AppData\Local\Programs\Python\Python313\Lib\site-packages\django\template\base.py", line 875, in _resolve_lookup
    current = current[bit]
              ~~~~~~~^^^^^
  File "C:\Users\user\AppData\Local\Programs\Python\Python313\Lib\site-packages\django\utils\functional.py", line 253, in inner
    return func(_wrapped, *args)
TypeError: 'User' object is not subscriptable

During handling of the above exception, another exception occurred:

Traceback (most recent call last):
  File "C:\Users\user\AppData\Local\Programs\Python\Python313\Lib\site-packages\django\db\models\fields\related_descriptors.py", line 505, in __get__
    rel_obj = self.related.get_cached_value(instance)
  File "C:\Users\user\AppData\Local\Programs\Python\Python313\Lib\site-packages\django\db\models\fields\mixins.py", line 15, in get_cached_value
    return instance._state.fields_cache[cache_name]
           ~~~~~~~~~~~~~~~~~~~~~~~~~~~~^^^^^^^^^^^^
KeyError: 'driver'

During handling of the above exception, another exception occurred:

Traceback (most recent call last):
  File "C:\Users\user\AppData\Local\Programs\Python\Python313\Lib\site-packages\django\db\backends\utils.py", line 105, in _execute
    return self.cursor.execute(sql, params)
           ~~~~~~~~~~~~~~~~~~~^^^^^^^^^^^^^
  File "C:\Users\user\AppData\Local\Programs\Python\Python313\Lib\site-packages\django\db\backends\sqlite3\base.py", line 328, in execute
    return super().execute(query, params)
           ~~~~~~~~~~~~~~~^^^^^^^^^^^^^^^
sqlite3.OperationalError: no such column: main_driver.categories

The above exception was the direct cause of the following exception:

Traceback (most recent call last):
  File "C:\Users\user\AppData\Local\Programs\Python\Python313\Lib\site-packages\django\core\handlers\exception.py", line 55, in inner
    response = get_response(request)
  File "C:\Users\user\AppData\Local\Programs\Python\Python313\Lib\site-packages\django\core\handlers\base.py", line 197, in _get_response
    response = wrapped_callback(request, *callback_args, **callback_kwargs)
  File "C:\Users\user\Desktop\laba5\main\views.py", line 19, in index
    return render(request, 'main/index.html', {
        # 'latest_news': latest_news
    })
  File "C:\Users\user\AppData\Local\Programs\Python\Python313\Lib\site-packages\django\shortcuts.py", line 24, in render
    content = loader.render_to_string(template_name, context, request, using=using)
  File "C:\Users\user\AppData\Local\Programs\Python\Python313\Lib\site-packages\django\template\loader.py", line 62, in render_to_string
    return template.render(context, request)
           ~~~~~~~~~~~~~~~^^^^^^^^^^^^^^^^^^
  File "C:\Users\user\AppData\Local\Programs\Python\Python313\Lib\site-packages\django\template\backends\django.py", line 61, in render
    return self.template.render(context)
           ~~~~~~~~~~~~~~~~~~~~^^^^^^^^^
  File "C:\Users\user\AppData\Local\Programs\Python\Python313\Lib\site-packages\django\template\base.py", line 171, in render
    return self._render(context)
           ~~~~~~~~~~~~^^^^^^^^^
  File "C:\Users\user\AppData\Local\Programs\Python\Python313\Lib\site-packages\django\template\base.py", line 163, in _render
    return self.nodelist.render(context)
           ~~~~~~~~~~~~~~~~~~~~^^^^^^^^^
  File "C:\Users\user\AppData\Local\Programs\Python\Python313\Lib\site-packages\django\template\base.py", line 1000, in render
    return SafeString("".join([node.render_annotated(context) for node in self]))
                               ~~~~~~~~~~~~~~~~~~~~~^^^^^^^^^
  File "C:\Users\user\AppData\Local\Programs\Python\Python313\Lib\site-packages\django\template\base.py", line 961, in render_annotated
    return self.render(context)
           ~~~~~~~~~~~^^^^^^^^^
  File "C:\Users\user\AppData\Local\Programs\Python\Python313\Lib\site-packages\django\template\loader_tags.py", line 159, in render
    return compiled_parent._render(context)
           ~~~~~~~~~~~~~~~~~~~~~~~^^^^^^^^^
  File "C:\Users\user\AppData\Local\Programs\Python\Python313\Lib\site-packages\django\template\base.py", line 163, in _render
    return self.nodelist.render(context)
           ~~~~~~~~~~~~~~~~~~~~^^^^^^^^^
  File "C:\Users\user\AppData\Local\Programs\Python\Python313\Lib\site-packages\django\template\base.py", line 1000, in render
    return SafeString("".join([node.render_annotated(context) for node in self]))
                               ~~~~~~~~~~~~~~~~~~~~~^^^^^^^^^
  File "C:\Users\user\AppData\Local\Programs\Python\Python313\Lib\site-packages\django\template\base.py", line 961, in render_annotated
    return self.render(context)
           ~~~~~~~~~~~^^^^^^^^^
  File "C:\Users\user\AppData\Local\Programs\Python\Python313\Lib\site-packages\django\template\defaulttags.py", line 325, in render
    return nodelist.render(context)
           ~~~~~~~~~~~~~~~^^^^^^^^^
  File "C:\Users\user\AppData\Local\Programs\Python\Python313\Lib\site-packages\django\template\base.py", line 1000, in render
    return SafeString("".join([node.render_annotated(context) for node in self]))
                               ~~~~~~~~~~~~~~~~~~~~~^^^^^^^^^
  File "C:\Users\user\AppData\Local\Programs\Python\Python313\Lib\site-packages\django\template\base.py", line 961, in render_annotated
    return self.render(context)
           ~~~~~~~~~~~^^^^^^^^^
  File "C:\Users\user\AppData\Local\Programs\Python\Python313\Lib\site-packages\django\template\defaulttags.py", line 318, in render
    match = condition.eval(context)
  File "C:\Users\user\AppData\Local\Programs\Python\Python313\Lib\site-packages\django\template\defaulttags.py", line 884, in eval
    return self.value.resolve(context, ignore_failures=True)
           ~~~~~~~~~~~~~~~~~~^^^^^^^^^^^^^^^^^^^^^^^^^^^^^^^
  File "C:\Users\user\AppData\Local\Programs\Python\Python313\Lib\site-packages\django\template\base.py", line 710, in resolve
    obj = self.var.resolve(context)
  File "C:\Users\user\AppData\Local\Programs\Python\Python313\Lib\site-packages\django\template\base.py", line 842, in resolve
    value = self._resolve_lookup(context)
  File "C:\Users\user\AppData\Local\Programs\Python\Python313\Lib\site-packages\django\template\base.py", line 885, in _resolve_lookup
    current = getattr(current, bit)
  File "C:\Users\user\AppData\Local\Programs\Python\Python313\Lib\site-packages\django\utils\functional.py", line 253, in inner
    return func(_wrapped, *args)
  File "C:\Users\user\AppData\Local\Programs\Python\Python313\Lib\site-packages\django\db\models\fields\related_descriptors.py", line 513, in __get__
    rel_obj = self.get_queryset(instance=instance).get(**filter_args)
  File "C:\Users\user\AppData\Local\Programs\Python\Python313\Lib\site-packages\django\db\models\query.py", line 643, in get
    num = len(clone)
  File "C:\Users\user\AppData\Local\Programs\Python\Python313\Lib\site-packages\django\db\models\query.py", line 380, in __len__
    self._fetch_all()
    ~~~~~~~~~~~~~~~^^
  File "C:\Users\user\AppData\Local\Programs\Python\Python313\Lib\site-packages\django\db\models\query.py", line 1926, in _fetch_all
    self._result_cache = list(self._iterable_class(self))
                         ~~~~^^^^^^^^^^^^^^^^^^^^^^^^^^^^
  File "C:\Users\user\AppData\Local\Programs\Python\Python313\Lib\site-packages\django\db\models\query.py", line 91, in __iter__
    results = compiler.execute_sql(
        chunked_fetch=self.chunked_fetch, chunk_size=self.chunk_size
    )
  File "C:\Users\user\AppData\Local\Programs\Python\Python313\Lib\site-packages\django\db\models\sql\compiler.py", line 1562, in execute_sql
    cursor.execute(sql, params)
    ~~~~~~~~~~~~~~^^^^^^^^^^^^^
  File "C:\Users\user\AppData\Local\Programs\Python\Python313\Lib\site-packages\django\db\backends\utils.py", line 122, in execute
    return super().execute(sql, params)
           ~~~~~~~~~~~~~~~^^^^^^^^^^^^^
  File "C:\Users\user\AppData\Local\Programs\Python\Python313\Lib\site-packages\django\db\backends\utils.py", line 79, in execute
    return self._execute_with_wrappers(
           ~~~~~~~~~~~~~~~~~~~~~~~~~~~^
        sql, params, many=False, executor=self._execute
        ^^^^^^^^^^^^^^^^^^^^^^^^^^^^^^^^^^^^^^^^^^^^^^^
    )
    ^
  File "C:\Users\user\AppData\Local\Programs\Python\Python313\Lib\site-packages\django\db\backends\utils.py", line 92, in _execute_with_wrappers
    return executor(sql, params, many, context)
  File "C:\Users\user\AppData\Local\Programs\Python\Python313\Lib\site-packages\django\db\backends\utils.py", line 100, in _execute
    with self.db.wrap_database_errors:
         ^^^^^^^^^^^^^^^^^^^^^^^^^^^^
  File "C:\Users\user\AppData\Local\Programs\Python\Python313\Lib\site-packages\django\db\utils.py", line 91, in __exit__
    raise dj_exc_value.with_traceback(traceback) from exc_value
  File "C:\Users\user\AppData\Local\Programs\Python\Python313\Lib\site-packages\django\db\backends\utils.py", line 105, in _execute
    return self.cursor.execute(sql, params)
           ~~~~~~~~~~~~~~~~~~~^^^^^^^^^^^^^
  File "C:\Users\user\AppData\Local\Programs\Python\Python313\Lib\site-packages\django\db\backends\sqlite3\base.py", line 328, in execute
    return super().execute(query, params)
           ~~~~~~~~~~~~~~~^^^^^^^^^^^^^^^
django.db.utils.OperationalError: no such column: main_driver.categories
ERROR 2025-05-28 00:08:43,947 basehttp 7172 18856 "GET / HTTP/1.1" 500 258108
ERROR 2025-05-28 00:33:41,502 log 17868 19772 Internal Server Error: /
Traceback (most recent call last):
  File "C:\Users\user\AppData\Local\Programs\Python\Python313\Lib\site-packages\django\template\base.py", line 875, in _resolve_lookup
    current = current[bit]
              ~~~~~~~^^^^^
  File "C:\Users\user\AppData\Local\Programs\Python\Python313\Lib\site-packages\django\utils\functional.py", line 253, in inner
    return func(_wrapped, *args)
TypeError: 'User' object is not subscriptable

During handling of the above exception, another exception occurred:

Traceback (most recent call last):
  File "C:\Users\user\AppData\Local\Programs\Python\Python313\Lib\site-packages\django\db\models\fields\related_descriptors.py", line 505, in __get__
    rel_obj = self.related.get_cached_value(instance)
  File "C:\Users\user\AppData\Local\Programs\Python\Python313\Lib\site-packages\django\db\models\fields\mixins.py", line 15, in get_cached_value
    return instance._state.fields_cache[cache_name]
           ~~~~~~~~~~~~~~~~~~~~~~~~~~~~^^^^^^^^^^^^
KeyError: 'driver'

During handling of the above exception, another exception occurred:

Traceback (most recent call last):
  File "C:\Users\user\AppData\Local\Programs\Python\Python313\Lib\site-packages\django\db\backends\utils.py", line 105, in _execute
    return self.cursor.execute(sql, params)
           ~~~~~~~~~~~~~~~~~~~^^^^^^^^^^^^^
  File "C:\Users\user\AppData\Local\Programs\Python\Python313\Lib\site-packages\django\db\backends\sqlite3\base.py", line 328, in execute
    return super().execute(query, params)
           ~~~~~~~~~~~~~~~^^^^^^^^^^^^^^^
sqlite3.OperationalError: no such column: main_driver.categories

The above exception was the direct cause of the following exception:

Traceback (most recent call last):
  File "C:\Users\user\AppData\Local\Programs\Python\Python313\Lib\site-packages\django\core\handlers\exception.py", line 55, in inner
    response = get_response(request)
  File "C:\Users\user\AppData\Local\Programs\Python\Python313\Lib\site-packages\django\core\handlers\base.py", line 197, in _get_response
    response = wrapped_callback(request, *callback_args, **callback_kwargs)
  File "C:\Users\user\Desktop\laba5\main\views.py", line 19, in index
    return render(request, 'main/index.html', {
        # 'latest_news': latest_news
    })
  File "C:\Users\user\AppData\Local\Programs\Python\Python313\Lib\site-packages\django\shortcuts.py", line 24, in render
    content = loader.render_to_string(template_name, context, request, using=using)
  File "C:\Users\user\AppData\Local\Programs\Python\Python313\Lib\site-packages\django\template\loader.py", line 62, in render_to_string
    return template.render(context, request)
           ~~~~~~~~~~~~~~~^^^^^^^^^^^^^^^^^^
  File "C:\Users\user\AppData\Local\Programs\Python\Python313\Lib\site-packages\django\template\backends\django.py", line 61, in render
    return self.template.render(context)
           ~~~~~~~~~~~~~~~~~~~~^^^^^^^^^
  File "C:\Users\user\AppData\Local\Programs\Python\Python313\Lib\site-packages\django\template\base.py", line 171, in render
    return self._render(context)
           ~~~~~~~~~~~~^^^^^^^^^
  File "C:\Users\user\AppData\Local\Programs\Python\Python313\Lib\site-packages\django\template\base.py", line 163, in _render
    return self.nodelist.render(context)
           ~~~~~~~~~~~~~~~~~~~~^^^^^^^^^
  File "C:\Users\user\AppData\Local\Programs\Python\Python313\Lib\site-packages\django\template\base.py", line 1000, in render
    return SafeString("".join([node.render_annotated(context) for node in self]))
                               ~~~~~~~~~~~~~~~~~~~~~^^^^^^^^^
  File "C:\Users\user\AppData\Local\Programs\Python\Python313\Lib\site-packages\django\template\base.py", line 961, in render_annotated
    return self.render(context)
           ~~~~~~~~~~~^^^^^^^^^
  File "C:\Users\user\AppData\Local\Programs\Python\Python313\Lib\site-packages\django\template\loader_tags.py", line 159, in render
    return compiled_parent._render(context)
           ~~~~~~~~~~~~~~~~~~~~~~~^^^^^^^^^
  File "C:\Users\user\AppData\Local\Programs\Python\Python313\Lib\site-packages\django\template\base.py", line 163, in _render
    return self.nodelist.render(context)
           ~~~~~~~~~~~~~~~~~~~~^^^^^^^^^
  File "C:\Users\user\AppData\Local\Programs\Python\Python313\Lib\site-packages\django\template\base.py", line 1000, in render
    return SafeString("".join([node.render_annotated(context) for node in self]))
                               ~~~~~~~~~~~~~~~~~~~~~^^^^^^^^^
  File "C:\Users\user\AppData\Local\Programs\Python\Python313\Lib\site-packages\django\template\base.py", line 961, in render_annotated
    return self.render(context)
           ~~~~~~~~~~~^^^^^^^^^
  File "C:\Users\user\AppData\Local\Programs\Python\Python313\Lib\site-packages\django\template\defaulttags.py", line 325, in render
    return nodelist.render(context)
           ~~~~~~~~~~~~~~~^^^^^^^^^
  File "C:\Users\user\AppData\Local\Programs\Python\Python313\Lib\site-packages\django\template\base.py", line 1000, in render
    return SafeString("".join([node.render_annotated(context) for node in self]))
                               ~~~~~~~~~~~~~~~~~~~~~^^^^^^^^^
  File "C:\Users\user\AppData\Local\Programs\Python\Python313\Lib\site-packages\django\template\base.py", line 961, in render_annotated
    return self.render(context)
           ~~~~~~~~~~~^^^^^^^^^
  File "C:\Users\user\AppData\Local\Programs\Python\Python313\Lib\site-packages\django\template\defaulttags.py", line 318, in render
    match = condition.eval(context)
  File "C:\Users\user\AppData\Local\Programs\Python\Python313\Lib\site-packages\django\template\defaulttags.py", line 884, in eval
    return self.value.resolve(context, ignore_failures=True)
           ~~~~~~~~~~~~~~~~~~^^^^^^^^^^^^^^^^^^^^^^^^^^^^^^^
  File "C:\Users\user\AppData\Local\Programs\Python\Python313\Lib\site-packages\django\template\base.py", line 710, in resolve
    obj = self.var.resolve(context)
  File "C:\Users\user\AppData\Local\Programs\Python\Python313\Lib\site-packages\django\template\base.py", line 842, in resolve
    value = self._resolve_lookup(context)
  File "C:\Users\user\AppData\Local\Programs\Python\Python313\Lib\site-packages\django\template\base.py", line 885, in _resolve_lookup
    current = getattr(current, bit)
  File "C:\Users\user\AppData\Local\Programs\Python\Python313\Lib\site-packages\django\utils\functional.py", line 253, in inner
    return func(_wrapped, *args)
  File "C:\Users\user\AppData\Local\Programs\Python\Python313\Lib\site-packages\django\db\models\fields\related_descriptors.py", line 513, in __get__
    rel_obj = self.get_queryset(instance=instance).get(**filter_args)
  File "C:\Users\user\AppData\Local\Programs\Python\Python313\Lib\site-packages\django\db\models\query.py", line 643, in get
    num = len(clone)
  File "C:\Users\user\AppData\Local\Programs\Python\Python313\Lib\site-packages\django\db\models\query.py", line 380, in __len__
    self._fetch_all()
    ~~~~~~~~~~~~~~~^^
  File "C:\Users\user\AppData\Local\Programs\Python\Python313\Lib\site-packages\django\db\models\query.py", line 1926, in _fetch_all
    self._result_cache = list(self._iterable_class(self))
                         ~~~~^^^^^^^^^^^^^^^^^^^^^^^^^^^^
  File "C:\Users\user\AppData\Local\Programs\Python\Python313\Lib\site-packages\django\db\models\query.py", line 91, in __iter__
    results = compiler.execute_sql(
        chunked_fetch=self.chunked_fetch, chunk_size=self.chunk_size
    )
  File "C:\Users\user\AppData\Local\Programs\Python\Python313\Lib\site-packages\django\db\models\sql\compiler.py", line 1562, in execute_sql
    cursor.execute(sql, params)
    ~~~~~~~~~~~~~~^^^^^^^^^^^^^
  File "C:\Users\user\AppData\Local\Programs\Python\Python313\Lib\site-packages\django\db\backends\utils.py", line 122, in execute
    return super().execute(sql, params)
           ~~~~~~~~~~~~~~~^^^^^^^^^^^^^
  File "C:\Users\user\AppData\Local\Programs\Python\Python313\Lib\site-packages\django\db\backends\utils.py", line 79, in execute
    return self._execute_with_wrappers(
           ~~~~~~~~~~~~~~~~~~~~~~~~~~~^
        sql, params, many=False, executor=self._execute
        ^^^^^^^^^^^^^^^^^^^^^^^^^^^^^^^^^^^^^^^^^^^^^^^
    )
    ^
  File "C:\Users\user\AppData\Local\Programs\Python\Python313\Lib\site-packages\django\db\backends\utils.py", line 92, in _execute_with_wrappers
    return executor(sql, params, many, context)
  File "C:\Users\user\AppData\Local\Programs\Python\Python313\Lib\site-packages\django\db\backends\utils.py", line 100, in _execute
    with self.db.wrap_database_errors:
         ^^^^^^^^^^^^^^^^^^^^^^^^^^^^
  File "C:\Users\user\AppData\Local\Programs\Python\Python313\Lib\site-packages\django\db\utils.py", line 91, in __exit__
    raise dj_exc_value.with_traceback(traceback) from exc_value
  File "C:\Users\user\AppData\Local\Programs\Python\Python313\Lib\site-packages\django\db\backends\utils.py", line 105, in _execute
    return self.cursor.execute(sql, params)
           ~~~~~~~~~~~~~~~~~~~^^^^^^^^^^^^^
  File "C:\Users\user\AppData\Local\Programs\Python\Python313\Lib\site-packages\django\db\backends\sqlite3\base.py", line 328, in execute
    return super().execute(query, params)
           ~~~~~~~~~~~~~~~^^^^^^^^^^^^^^^
django.db.utils.OperationalError: no such column: main_driver.categories
ERROR 2025-05-28 00:33:41,511 basehttp 17868 19772 "GET / HTTP/1.1" 500 258120
ERROR 2025-05-28 00:33:43,966 log 17868 19772 Internal Server Error: /
Traceback (most recent call last):
  File "C:\Users\user\AppData\Local\Programs\Python\Python313\Lib\site-packages\django\template\base.py", line 875, in _resolve_lookup
    current = current[bit]
              ~~~~~~~^^^^^
  File "C:\Users\user\AppData\Local\Programs\Python\Python313\Lib\site-packages\django\utils\functional.py", line 253, in inner
    return func(_wrapped, *args)
TypeError: 'User' object is not subscriptable

During handling of the above exception, another exception occurred:

Traceback (most recent call last):
  File "C:\Users\user\AppData\Local\Programs\Python\Python313\Lib\site-packages\django\db\models\fields\related_descriptors.py", line 505, in __get__
    rel_obj = self.related.get_cached_value(instance)
  File "C:\Users\user\AppData\Local\Programs\Python\Python313\Lib\site-packages\django\db\models\fields\mixins.py", line 15, in get_cached_value
    return instance._state.fields_cache[cache_name]
           ~~~~~~~~~~~~~~~~~~~~~~~~~~~~^^^^^^^^^^^^
KeyError: 'driver'

During handling of the above exception, another exception occurred:

Traceback (most recent call last):
  File "C:\Users\user\AppData\Local\Programs\Python\Python313\Lib\site-packages\django\db\backends\utils.py", line 105, in _execute
    return self.cursor.execute(sql, params)
           ~~~~~~~~~~~~~~~~~~~^^^^^^^^^^^^^
  File "C:\Users\user\AppData\Local\Programs\Python\Python313\Lib\site-packages\django\db\backends\sqlite3\base.py", line 328, in execute
    return super().execute(query, params)
           ~~~~~~~~~~~~~~~^^^^^^^^^^^^^^^
sqlite3.OperationalError: no such column: main_driver.categories

The above exception was the direct cause of the following exception:

Traceback (most recent call last):
  File "C:\Users\user\AppData\Local\Programs\Python\Python313\Lib\site-packages\django\core\handlers\exception.py", line 55, in inner
    response = get_response(request)
  File "C:\Users\user\AppData\Local\Programs\Python\Python313\Lib\site-packages\django\core\handlers\base.py", line 197, in _get_response
    response = wrapped_callback(request, *callback_args, **callback_kwargs)
  File "C:\Users\user\Desktop\laba5\main\views.py", line 19, in index
    return render(request, 'main/index.html', {
        # 'latest_news': latest_news
    })
  File "C:\Users\user\AppData\Local\Programs\Python\Python313\Lib\site-packages\django\shortcuts.py", line 24, in render
    content = loader.render_to_string(template_name, context, request, using=using)
  File "C:\Users\user\AppData\Local\Programs\Python\Python313\Lib\site-packages\django\template\loader.py", line 62, in render_to_string
    return template.render(context, request)
           ~~~~~~~~~~~~~~~^^^^^^^^^^^^^^^^^^
  File "C:\Users\user\AppData\Local\Programs\Python\Python313\Lib\site-packages\django\template\backends\django.py", line 61, in render
    return self.template.render(context)
           ~~~~~~~~~~~~~~~~~~~~^^^^^^^^^
  File "C:\Users\user\AppData\Local\Programs\Python\Python313\Lib\site-packages\django\template\base.py", line 171, in render
    return self._render(context)
           ~~~~~~~~~~~~^^^^^^^^^
  File "C:\Users\user\AppData\Local\Programs\Python\Python313\Lib\site-packages\django\template\base.py", line 163, in _render
    return self.nodelist.render(context)
           ~~~~~~~~~~~~~~~~~~~~^^^^^^^^^
  File "C:\Users\user\AppData\Local\Programs\Python\Python313\Lib\site-packages\django\template\base.py", line 1000, in render
    return SafeString("".join([node.render_annotated(context) for node in self]))
                               ~~~~~~~~~~~~~~~~~~~~~^^^^^^^^^
  File "C:\Users\user\AppData\Local\Programs\Python\Python313\Lib\site-packages\django\template\base.py", line 961, in render_annotated
    return self.render(context)
           ~~~~~~~~~~~^^^^^^^^^
  File "C:\Users\user\AppData\Local\Programs\Python\Python313\Lib\site-packages\django\template\loader_tags.py", line 159, in render
    return compiled_parent._render(context)
           ~~~~~~~~~~~~~~~~~~~~~~~^^^^^^^^^
  File "C:\Users\user\AppData\Local\Programs\Python\Python313\Lib\site-packages\django\template\base.py", line 163, in _render
    return self.nodelist.render(context)
           ~~~~~~~~~~~~~~~~~~~~^^^^^^^^^
  File "C:\Users\user\AppData\Local\Programs\Python\Python313\Lib\site-packages\django\template\base.py", line 1000, in render
    return SafeString("".join([node.render_annotated(context) for node in self]))
                               ~~~~~~~~~~~~~~~~~~~~~^^^^^^^^^
  File "C:\Users\user\AppData\Local\Programs\Python\Python313\Lib\site-packages\django\template\base.py", line 961, in render_annotated
    return self.render(context)
           ~~~~~~~~~~~^^^^^^^^^
  File "C:\Users\user\AppData\Local\Programs\Python\Python313\Lib\site-packages\django\template\defaulttags.py", line 325, in render
    return nodelist.render(context)
           ~~~~~~~~~~~~~~~^^^^^^^^^
  File "C:\Users\user\AppData\Local\Programs\Python\Python313\Lib\site-packages\django\template\base.py", line 1000, in render
    return SafeString("".join([node.render_annotated(context) for node in self]))
                               ~~~~~~~~~~~~~~~~~~~~~^^^^^^^^^
  File "C:\Users\user\AppData\Local\Programs\Python\Python313\Lib\site-packages\django\template\base.py", line 961, in render_annotated
    return self.render(context)
           ~~~~~~~~~~~^^^^^^^^^
  File "C:\Users\user\AppData\Local\Programs\Python\Python313\Lib\site-packages\django\template\defaulttags.py", line 318, in render
    match = condition.eval(context)
  File "C:\Users\user\AppData\Local\Programs\Python\Python313\Lib\site-packages\django\template\defaulttags.py", line 884, in eval
    return self.value.resolve(context, ignore_failures=True)
           ~~~~~~~~~~~~~~~~~~^^^^^^^^^^^^^^^^^^^^^^^^^^^^^^^
  File "C:\Users\user\AppData\Local\Programs\Python\Python313\Lib\site-packages\django\template\base.py", line 710, in resolve
    obj = self.var.resolve(context)
  File "C:\Users\user\AppData\Local\Programs\Python\Python313\Lib\site-packages\django\template\base.py", line 842, in resolve
    value = self._resolve_lookup(context)
  File "C:\Users\user\AppData\Local\Programs\Python\Python313\Lib\site-packages\django\template\base.py", line 885, in _resolve_lookup
    current = getattr(current, bit)
  File "C:\Users\user\AppData\Local\Programs\Python\Python313\Lib\site-packages\django\utils\functional.py", line 253, in inner
    return func(_wrapped, *args)
  File "C:\Users\user\AppData\Local\Programs\Python\Python313\Lib\site-packages\django\db\models\fields\related_descriptors.py", line 513, in __get__
    rel_obj = self.get_queryset(instance=instance).get(**filter_args)
  File "C:\Users\user\AppData\Local\Programs\Python\Python313\Lib\site-packages\django\db\models\query.py", line 643, in get
    num = len(clone)
  File "C:\Users\user\AppData\Local\Programs\Python\Python313\Lib\site-packages\django\db\models\query.py", line 380, in __len__
    self._fetch_all()
    ~~~~~~~~~~~~~~~^^
  File "C:\Users\user\AppData\Local\Programs\Python\Python313\Lib\site-packages\django\db\models\query.py", line 1926, in _fetch_all
    self._result_cache = list(self._iterable_class(self))
                         ~~~~^^^^^^^^^^^^^^^^^^^^^^^^^^^^
  File "C:\Users\user\AppData\Local\Programs\Python\Python313\Lib\site-packages\django\db\models\query.py", line 91, in __iter__
    results = compiler.execute_sql(
        chunked_fetch=self.chunked_fetch, chunk_size=self.chunk_size
    )
  File "C:\Users\user\AppData\Local\Programs\Python\Python313\Lib\site-packages\django\db\models\sql\compiler.py", line 1562, in execute_sql
    cursor.execute(sql, params)
    ~~~~~~~~~~~~~~^^^^^^^^^^^^^
  File "C:\Users\user\AppData\Local\Programs\Python\Python313\Lib\site-packages\django\db\backends\utils.py", line 122, in execute
    return super().execute(sql, params)
           ~~~~~~~~~~~~~~~^^^^^^^^^^^^^
  File "C:\Users\user\AppData\Local\Programs\Python\Python313\Lib\site-packages\django\db\backends\utils.py", line 79, in execute
    return self._execute_with_wrappers(
           ~~~~~~~~~~~~~~~~~~~~~~~~~~~^
        sql, params, many=False, executor=self._execute
        ^^^^^^^^^^^^^^^^^^^^^^^^^^^^^^^^^^^^^^^^^^^^^^^
    )
    ^
  File "C:\Users\user\AppData\Local\Programs\Python\Python313\Lib\site-packages\django\db\backends\utils.py", line 92, in _execute_with_wrappers
    return executor(sql, params, many, context)
  File "C:\Users\user\AppData\Local\Programs\Python\Python313\Lib\site-packages\django\db\backends\utils.py", line 100, in _execute
    with self.db.wrap_database_errors:
         ^^^^^^^^^^^^^^^^^^^^^^^^^^^^
  File "C:\Users\user\AppData\Local\Programs\Python\Python313\Lib\site-packages\django\db\utils.py", line 91, in __exit__
    raise dj_exc_value.with_traceback(traceback) from exc_value
  File "C:\Users\user\AppData\Local\Programs\Python\Python313\Lib\site-packages\django\db\backends\utils.py", line 105, in _execute
    return self.cursor.execute(sql, params)
           ~~~~~~~~~~~~~~~~~~~^^^^^^^^^^^^^
  File "C:\Users\user\AppData\Local\Programs\Python\Python313\Lib\site-packages\django\db\backends\sqlite3\base.py", line 328, in execute
    return super().execute(query, params)
           ~~~~~~~~~~~~~~~^^^^^^^^^^^^^^^
django.db.utils.OperationalError: no such column: main_driver.categories
ERROR 2025-05-28 00:33:43,970 basehttp 17868 19772 "GET / HTTP/1.1" 500 257983
ERROR 2025-05-28 00:46:23,815 log 22172 9828 Internal Server Error: /drivers/list/
Traceback (most recent call last):
  File "C:\Users\user\Desktop\laba5\venv\Lib\site-packages\django\core\handlers\exception.py", line 55, in inner
    response = get_response(request)
  File "C:\Users\user\Desktop\laba5\venv\Lib\site-packages\django\core\handlers\base.py", line 197, in _get_response
    response = wrapped_callback(request, *callback_args, **callback_kwargs)
  File "C:\Users\user\Desktop\laba5\main\views.py", line 292, in driver_list
    drivers = Driver.objects.annotate(
        orders_count=Count('order'),
        rating=Avg('review__rating')
    )
  File "C:\Users\user\Desktop\laba5\venv\Lib\site-packages\django\db\models\manager.py", line 87, in manager_method
    return getattr(self.get_queryset(), name)(*args, **kwargs)
           ~~~~~~~~~~~~~~~~~~~~~~~~~~~~~~~~~~^^^^^^^^^^^^^^^^^
  File "C:\Users\user\Desktop\laba5\venv\Lib\site-packages\django\db\models\query.py", line 1630, in annotate
    return self._annotate(args, kwargs, select=True)
           ~~~~~~~~~~~~~~^^^^^^^^^^^^^^^^^^^^^^^^^^^
  File "C:\Users\user\Desktop\laba5\venv\Lib\site-packages\django\db\models\query.py", line 1678, in _annotate
    clone.query.add_annotation(
    ~~~~~~~~~~~~~~~~~~~~~~~~~~^
        annotation,
        ^^^^^^^^^^^
        alias,
        ^^^^^^
        select=select,
        ^^^^^^^^^^^^^^
    )
    ^
  File "C:\Users\user\Desktop\laba5\venv\Lib\site-packages\django\db\models\sql\query.py", line 1187, in add_annotation
    annotation = annotation.resolve_expression(self, allow_joins=True, reuse=None)
  File "C:\Users\user\Desktop\laba5\venv\Lib\site-packages\django\db\models\aggregates.py", line 64, in resolve_expression
    c = super().resolve_expression(query, allow_joins, reuse, summarize)
  File "C:\Users\user\Desktop\laba5\venv\Lib\site-packages\django\db\models\expressions.py", line 975, in resolve_expression
    c.source_expressions[pos] = arg.resolve_expression(
                                ~~~~~~~~~~~~~~~~~~~~~~^
        query, allow_joins, reuse, summarize, for_save
        ^^^^^^^^^^^^^^^^^^^^^^^^^^^^^^^^^^^^^^^^^^^^^^
    )
    ^
  File "C:\Users\user\Desktop\laba5\venv\Lib\site-packages\django\db\models\expressions.py", line 854, in resolve_expression
    return query.resolve_ref(self.name, allow_joins, reuse, summarize)
           ~~~~~~~~~~~~~~~~~^^^^^^^^^^^^^^^^^^^^^^^^^^^^^^^^^^^^^^^^^^
  File "C:\Users\user\Desktop\laba5\venv\Lib\site-packages\django\db\models\sql\query.py", line 2003, in resolve_ref
    join_info = self.setup_joins(
        field_list, self.get_meta(), self.get_initial_alias(), can_reuse=reuse
    )
  File "C:\Users\user\Desktop\laba5\venv\Lib\site-packages\django\db\models\sql\query.py", line 1856, in setup_joins
    path, final_field, targets, rest = self.names_to_path(
                                       ~~~~~~~~~~~~~~~~~~^
        names[:pivot],
        ^^^^^^^^^^^^^^
    ...<2 lines>...
        fail_on_missing=True,
        ^^^^^^^^^^^^^^^^^^^^^
    )
    ^
  File "C:\Users\user\Desktop\laba5\venv\Lib\site-packages\django\db\models\sql\query.py", line 1761, in names_to_path
    raise FieldError(
    ...<2 lines>...
    )
django.core.exceptions.FieldError: Cannot resolve keyword 'review' into field. Choices are: categories, experience, id, order, orders_count, phone, user, user_id, vehicle, vehicle_id
ERROR 2025-05-28 00:46:23,819 basehttp 22172 9828 "GET /drivers/list/ HTTP/1.1" 500 123354
ERROR 2025-05-28 00:52:29,049 log 22944 21608 Internal Server Error: /promotions/list/
Traceback (most recent call last):
  File "C:\Users\user\Desktop\laba5\venv\Lib\site-packages\django\core\handlers\exception.py", line 55, in inner
    response = get_response(request)
  File "C:\Users\user\Desktop\laba5\venv\Lib\site-packages\django\core\handlers\base.py", line 197, in _get_response
    response = wrapped_callback(request, *callback_args, **callback_kwargs)
  File "C:\Users\user\Desktop\laba5\main\views.py", line 330, in promotion_list
    return render(request, 'main/promotions/list.html', {
        'promotions': promotions
    })
  File "C:\Users\user\Desktop\laba5\venv\Lib\site-packages\django\shortcuts.py", line 24, in render
    content = loader.render_to_string(template_name, context, request, using=using)
  File "C:\Users\user\Desktop\laba5\venv\Lib\site-packages\django\template\loader.py", line 61, in render_to_string
    template = get_template(template_name, using=using)
  File "C:\Users\user\Desktop\laba5\venv\Lib\site-packages\django\template\loader.py", line 15, in get_template
    return engine.get_template(template_name)
           ~~~~~~~~~~~~~~~~~~~^^^^^^^^^^^^^^^
  File "C:\Users\user\Desktop\laba5\venv\Lib\site-packages\django\template\backends\django.py", line 33, in get_template
    return Template(self.engine.get_template(template_name), self)
                    ~~~~~~~~~~~~~~~~~~~~~~~~^^^^^^^^^^^^^^^
  File "C:\Users\user\Desktop\laba5\venv\Lib\site-packages\django\template\engine.py", line 175, in get_template
    template, origin = self.find_template(template_name)
                       ~~~~~~~~~~~~~~~~~~^^^^^^^^^^^^^^^
  File "C:\Users\user\Desktop\laba5\venv\Lib\site-packages\django\template\engine.py", line 157, in find_template
    template = loader.get_template(name, skip=skip)
  File "C:\Users\user\Desktop\laba5\venv\Lib\site-packages\django\template\loaders\cached.py", line 57, in get_template
    template = super().get_template(template_name, skip)
  File "C:\Users\user\Desktop\laba5\venv\Lib\site-packages\django\template\loaders\base.py", line 28, in get_template
    return Template(
        contents,
    ...<2 lines>...
        self.engine,
    )
  File "C:\Users\user\Desktop\laba5\venv\Lib\site-packages\django\template\base.py", line 154, in __init__
    self.nodelist = self.compile_nodelist()
                    ~~~~~~~~~~~~~~~~~~~~~^^
  File "C:\Users\user\Desktop\laba5\venv\Lib\site-packages\django\template\base.py", line 196, in compile_nodelist
    return parser.parse()
           ~~~~~~~~~~~~^^
  File "C:\Users\user\Desktop\laba5\venv\Lib\site-packages\django\template\base.py", line 510, in parse
    raise self.error(token, e)
  File "C:\Users\user\Desktop\laba5\venv\Lib\site-packages\django\template\base.py", line 508, in parse
    compiled_result = compile_func(self, token)
  File "C:\Users\user\Desktop\laba5\venv\Lib\site-packages\django\template\loader_tags.py", line 295, in do_extends
    nodelist = parser.parse()
  File "C:\Users\user\Desktop\laba5\venv\Lib\site-packages\django\template\base.py", line 510, in parse
    raise self.error(token, e)
  File "C:\Users\user\Desktop\laba5\venv\Lib\site-packages\django\template\base.py", line 508, in parse
    compiled_result = compile_func(self, token)
  File "C:\Users\user\Desktop\laba5\venv\Lib\site-packages\django\template\loader_tags.py", line 234, in do_block
    nodelist = parser.parse(("endblock",))
  File "C:\Users\user\Desktop\laba5\venv\Lib\site-packages\django\template\base.py", line 510, in parse
    raise self.error(token, e)
  File "C:\Users\user\Desktop\laba5\venv\Lib\site-packages\django\template\base.py", line 508, in parse
    compiled_result = compile_func(self, token)
  File "C:\Users\user\Desktop\laba5\venv\Lib\site-packages\django\template\defaulttags.py", line 860, in do_for
    nodelist_loop = parser.parse(
        (
    ...<2 lines>...
        )
    )
  File "C:\Users\user\Desktop\laba5\venv\Lib\site-packages\django\template\base.py", line 510, in parse
    raise self.error(token, e)
  File "C:\Users\user\Desktop\laba5\venv\Lib\site-packages\django\template\base.py", line 508, in parse
    compiled_result = compile_func(self, token)
  File "C:\Users\user\Desktop\laba5\venv\Lib\site-packages\django\template\defaulttags.py", line 960, in do_if
    nodelist = parser.parse(("elif", "else", "endif"))
  File "C:\Users\user\Desktop\laba5\venv\Lib\site-packages\django\template\base.py", line 481, in parse
    raise self.error(token, e)
  File "C:\Users\user\Desktop\laba5\venv\Lib\site-packages\django\template\base.py", line 479, in parse
    filter_expression = self.compile_filter(token.contents)
  File "C:\Users\user\Desktop\laba5\venv\Lib\site-packages\django\template\base.py", line 597, in compile_filter
    return FilterExpression(token, self)
  File "C:\Users\user\Desktop\laba5\venv\Lib\site-packages\django\template\base.py", line 693, in __init__
    filter_func = parser.find_filter(filter_name)
  File "C:\Users\user\Desktop\laba5\venv\Lib\site-packages\django\template\base.py", line 603, in find_filter
    raise TemplateSyntaxError("Invalid filter: '%s'" % filter_name)
django.template.exceptions.TemplateSyntaxError: Invalid filter: 'sub'
ERROR 2025-05-28 00:52:29,059 basehttp 22944 21608 "GET /promotions/list/ HTTP/1.1" 500 238149
ERROR 2025-05-28 00:53:00,475 log 22944 21608 Internal Server Error: /promotions/list/
Traceback (most recent call last):
  File "C:\Users\user\Desktop\laba5\venv\Lib\site-packages\django\core\handlers\exception.py", line 55, in inner
    response = get_response(request)
  File "C:\Users\user\Desktop\laba5\venv\Lib\site-packages\django\core\handlers\base.py", line 197, in _get_response
    response = wrapped_callback(request, *callback_args, **callback_kwargs)
  File "C:\Users\user\Desktop\laba5\main\views.py", line 330, in promotion_list
    return render(request, 'main/promotions/list.html', {
        'promotions': promotions
    })
  File "C:\Users\user\Desktop\laba5\venv\Lib\site-packages\django\shortcuts.py", line 24, in render
    content = loader.render_to_string(template_name, context, request, using=using)
  File "C:\Users\user\Desktop\laba5\venv\Lib\site-packages\django\template\loader.py", line 61, in render_to_string
    template = get_template(template_name, using=using)
  File "C:\Users\user\Desktop\laba5\venv\Lib\site-packages\django\template\loader.py", line 15, in get_template
    return engine.get_template(template_name)
           ~~~~~~~~~~~~~~~~~~~^^^^^^^^^^^^^^^
  File "C:\Users\user\Desktop\laba5\venv\Lib\site-packages\django\template\backends\django.py", line 33, in get_template
    return Template(self.engine.get_template(template_name), self)
                    ~~~~~~~~~~~~~~~~~~~~~~~~^^^^^^^^^^^^^^^
  File "C:\Users\user\Desktop\laba5\venv\Lib\site-packages\django\template\engine.py", line 175, in get_template
    template, origin = self.find_template(template_name)
                       ~~~~~~~~~~~~~~~~~~^^^^^^^^^^^^^^^
  File "C:\Users\user\Desktop\laba5\venv\Lib\site-packages\django\template\engine.py", line 157, in find_template
    template = loader.get_template(name, skip=skip)
  File "C:\Users\user\Desktop\laba5\venv\Lib\site-packages\django\template\loaders\cached.py", line 57, in get_template
    template = super().get_template(template_name, skip)
  File "C:\Users\user\Desktop\laba5\venv\Lib\site-packages\django\template\loaders\base.py", line 28, in get_template
    return Template(
        contents,
    ...<2 lines>...
        self.engine,
    )
  File "C:\Users\user\Desktop\laba5\venv\Lib\site-packages\django\template\base.py", line 154, in __init__
    self.nodelist = self.compile_nodelist()
                    ~~~~~~~~~~~~~~~~~~~~~^^
  File "C:\Users\user\Desktop\laba5\venv\Lib\site-packages\django\template\base.py", line 196, in compile_nodelist
    return parser.parse()
           ~~~~~~~~~~~~^^
  File "C:\Users\user\Desktop\laba5\venv\Lib\site-packages\django\template\base.py", line 510, in parse
    raise self.error(token, e)
  File "C:\Users\user\Desktop\laba5\venv\Lib\site-packages\django\template\base.py", line 508, in parse
    compiled_result = compile_func(self, token)
  File "C:\Users\user\Desktop\laba5\venv\Lib\site-packages\django\template\loader_tags.py", line 295, in do_extends
    nodelist = parser.parse()
  File "C:\Users\user\Desktop\laba5\venv\Lib\site-packages\django\template\base.py", line 510, in parse
    raise self.error(token, e)
  File "C:\Users\user\Desktop\laba5\venv\Lib\site-packages\django\template\base.py", line 508, in parse
    compiled_result = compile_func(self, token)
  File "C:\Users\user\Desktop\laba5\venv\Lib\site-packages\django\template\loader_tags.py", line 234, in do_block
    nodelist = parser.parse(("endblock",))
  File "C:\Users\user\Desktop\laba5\venv\Lib\site-packages\django\template\base.py", line 510, in parse
    raise self.error(token, e)
  File "C:\Users\user\Desktop\laba5\venv\Lib\site-packages\django\template\base.py", line 508, in parse
    compiled_result = compile_func(self, token)
  File "C:\Users\user\Desktop\laba5\venv\Lib\site-packages\django\template\defaulttags.py", line 860, in do_for
    nodelist_loop = parser.parse(
        (
    ...<2 lines>...
        )
    )
  File "C:\Users\user\Desktop\laba5\venv\Lib\site-packages\django\template\base.py", line 510, in parse
    raise self.error(token, e)
  File "C:\Users\user\Desktop\laba5\venv\Lib\site-packages\django\template\base.py", line 508, in parse
    compiled_result = compile_func(self, token)
  File "C:\Users\user\Desktop\laba5\venv\Lib\site-packages\django\template\defaulttags.py", line 960, in do_if
    nodelist = parser.parse(("elif", "else", "endif"))
  File "C:\Users\user\Desktop\laba5\venv\Lib\site-packages\django\template\base.py", line 481, in parse
    raise self.error(token, e)
  File "C:\Users\user\Desktop\laba5\venv\Lib\site-packages\django\template\base.py", line 479, in parse
    filter_expression = self.compile_filter(token.contents)
  File "C:\Users\user\Desktop\laba5\venv\Lib\site-packages\django\template\base.py", line 597, in compile_filter
    return FilterExpression(token, self)
  File "C:\Users\user\Desktop\laba5\venv\Lib\site-packages\django\template\base.py", line 693, in __init__
    filter_func = parser.find_filter(filter_name)
  File "C:\Users\user\Desktop\laba5\venv\Lib\site-packages\django\template\base.py", line 603, in find_filter
    raise TemplateSyntaxError("Invalid filter: '%s'" % filter_name)
django.template.exceptions.TemplateSyntaxError: Invalid filter: 'sub'
ERROR 2025-05-28 00:53:00,478 basehttp 22944 21608 "GET /promotions/list/ HTTP/1.1" 500 238149
ERROR 2025-05-28 18:23:00,820 log 8172 21892 Internal Server Error: /
Traceback (most recent call last):
  File "C:\Users\user\Desktop\laba5\venv\Lib\site-packages\django\core\handlers\exception.py", line 55, in inner
    response = get_response(request)
  File "C:\Users\user\Desktop\laba5\venv\Lib\site-packages\django\core\handlers\base.py", line 197, in _get_response
    response = wrapped_callback(request, *callback_args, **callback_kwargs)
  File "C:\Users\user\Desktop\laba5\main\views.py", line 19, in index
    return render(request, 'main/index.html', {
        # 'latest_news': latest_news
    })
  File "C:\Users\user\Desktop\laba5\venv\Lib\site-packages\django\shortcuts.py", line 24, in render
    content = loader.render_to_string(template_name, context, request, using=using)
  File "C:\Users\user\Desktop\laba5\venv\Lib\site-packages\django\template\loader.py", line 62, in render_to_string
    return template.render(context, request)
           ~~~~~~~~~~~~~~~^^^^^^^^^^^^^^^^^^
  File "C:\Users\user\Desktop\laba5\venv\Lib\site-packages\django\template\backends\django.py", line 61, in render
    return self.template.render(context)
           ~~~~~~~~~~~~~~~~~~~~^^^^^^^^^
  File "C:\Users\user\Desktop\laba5\venv\Lib\site-packages\django\template\base.py", line 171, in render
    return self._render(context)
           ~~~~~~~~~~~~^^^^^^^^^
  File "C:\Users\user\Desktop\laba5\venv\Lib\site-packages\django\template\base.py", line 163, in _render
    return self.nodelist.render(context)
           ~~~~~~~~~~~~~~~~~~~~^^^^^^^^^
  File "C:\Users\user\Desktop\laba5\venv\Lib\site-packages\django\template\base.py", line 1000, in render
    return SafeString("".join([node.render_annotated(context) for node in self]))
                               ~~~~~~~~~~~~~~~~~~~~~^^^^^^^^^
  File "C:\Users\user\Desktop\laba5\venv\Lib\site-packages\django\template\base.py", line 961, in render_annotated
    return self.render(context)
           ~~~~~~~~~~~^^^^^^^^^
  File "C:\Users\user\Desktop\laba5\venv\Lib\site-packages\django\template\loader_tags.py", line 159, in render
    return compiled_parent._render(context)
           ~~~~~~~~~~~~~~~~~~~~~~~^^^^^^^^^
  File "C:\Users\user\Desktop\laba5\venv\Lib\site-packages\django\template\base.py", line 163, in _render
    return self.nodelist.render(context)
           ~~~~~~~~~~~~~~~~~~~~^^^^^^^^^
  File "C:\Users\user\Desktop\laba5\venv\Lib\site-packages\django\template\base.py", line 1000, in render
    return SafeString("".join([node.render_annotated(context) for node in self]))
                               ~~~~~~~~~~~~~~~~~~~~~^^^^^^^^^
  File "C:\Users\user\Desktop\laba5\venv\Lib\site-packages\django\template\base.py", line 961, in render_annotated
    return self.render(context)
           ~~~~~~~~~~~^^^^^^^^^
  File "C:\Users\user\Desktop\laba5\venv\Lib\site-packages\django\template\defaulttags.py", line 478, in render
    url = reverse(view_name, args=args, kwargs=kwargs, current_app=current_app)
  File "C:\Users\user\Desktop\laba5\venv\Lib\site-packages\django\urls\base.py", line 88, in reverse
    return resolver._reverse_with_prefix(view, prefix, *args, **kwargs)
           ~~~~~~~~~~~~~~~~~~~~~~~~~~~~~^^^^^^^^^^^^^^^^^^^^^^^^^^^^^^^
  File "C:\Users\user\Desktop\laba5\venv\Lib\site-packages\django\urls\resolvers.py", line 848, in _reverse_with_prefix
    raise NoReverseMatch(msg)
django.urls.exceptions.NoReverseMatch: Reverse for 'promotion_list' not found. 'promotion_list' is not a valid view function or pattern name.
ERROR 2025-05-28 18:23:00,824 basehttp 8172 21892 "GET / HTTP/1.1" 500 144839
ERROR 2025-05-28 18:23:01,212 log 8172 21892 Internal Server Error: /
Traceback (most recent call last):
  File "C:\Users\user\Desktop\laba5\venv\Lib\site-packages\django\core\handlers\exception.py", line 55, in inner
    response = get_response(request)
  File "C:\Users\user\Desktop\laba5\venv\Lib\site-packages\django\core\handlers\base.py", line 197, in _get_response
    response = wrapped_callback(request, *callback_args, **callback_kwargs)
  File "C:\Users\user\Desktop\laba5\main\views.py", line 19, in index
    return render(request, 'main/index.html', {
        # 'latest_news': latest_news
    })
  File "C:\Users\user\Desktop\laba5\venv\Lib\site-packages\django\shortcuts.py", line 24, in render
    content = loader.render_to_string(template_name, context, request, using=using)
  File "C:\Users\user\Desktop\laba5\venv\Lib\site-packages\django\template\loader.py", line 62, in render_to_string
    return template.render(context, request)
           ~~~~~~~~~~~~~~~^^^^^^^^^^^^^^^^^^
  File "C:\Users\user\Desktop\laba5\venv\Lib\site-packages\django\template\backends\django.py", line 61, in render
    return self.template.render(context)
           ~~~~~~~~~~~~~~~~~~~~^^^^^^^^^
  File "C:\Users\user\Desktop\laba5\venv\Lib\site-packages\django\template\base.py", line 171, in render
    return self._render(context)
           ~~~~~~~~~~~~^^^^^^^^^
  File "C:\Users\user\Desktop\laba5\venv\Lib\site-packages\django\template\base.py", line 163, in _render
    return self.nodelist.render(context)
           ~~~~~~~~~~~~~~~~~~~~^^^^^^^^^
  File "C:\Users\user\Desktop\laba5\venv\Lib\site-packages\django\template\base.py", line 1000, in render
    return SafeString("".join([node.render_annotated(context) for node in self]))
                               ~~~~~~~~~~~~~~~~~~~~~^^^^^^^^^
  File "C:\Users\user\Desktop\laba5\venv\Lib\site-packages\django\template\base.py", line 961, in render_annotated
    return self.render(context)
           ~~~~~~~~~~~^^^^^^^^^
  File "C:\Users\user\Desktop\laba5\venv\Lib\site-packages\django\template\loader_tags.py", line 159, in render
    return compiled_parent._render(context)
           ~~~~~~~~~~~~~~~~~~~~~~~^^^^^^^^^
  File "C:\Users\user\Desktop\laba5\venv\Lib\site-packages\django\template\base.py", line 163, in _render
    return self.nodelist.render(context)
           ~~~~~~~~~~~~~~~~~~~~^^^^^^^^^
  File "C:\Users\user\Desktop\laba5\venv\Lib\site-packages\django\template\base.py", line 1000, in render
    return SafeString("".join([node.render_annotated(context) for node in self]))
                               ~~~~~~~~~~~~~~~~~~~~~^^^^^^^^^
  File "C:\Users\user\Desktop\laba5\venv\Lib\site-packages\django\template\base.py", line 961, in render_annotated
    return self.render(context)
           ~~~~~~~~~~~^^^^^^^^^
  File "C:\Users\user\Desktop\laba5\venv\Lib\site-packages\django\template\defaulttags.py", line 478, in render
    url = reverse(view_name, args=args, kwargs=kwargs, current_app=current_app)
  File "C:\Users\user\Desktop\laba5\venv\Lib\site-packages\django\urls\base.py", line 88, in reverse
    return resolver._reverse_with_prefix(view, prefix, *args, **kwargs)
           ~~~~~~~~~~~~~~~~~~~~~~~~~~~~~^^^^^^^^^^^^^^^^^^^^^^^^^^^^^^^
  File "C:\Users\user\Desktop\laba5\venv\Lib\site-packages\django\urls\resolvers.py", line 848, in _reverse_with_prefix
    raise NoReverseMatch(msg)
django.urls.exceptions.NoReverseMatch: Reverse for 'promotion_list' not found. 'promotion_list' is not a valid view function or pattern name.
ERROR 2025-05-28 18:23:01,214 basehttp 8172 21892 "GET / HTTP/1.1" 500 144565
ERROR 2025-05-28 18:49:16,906 log 21616 4616 Internal Server Error: /promotions/
Traceback (most recent call last):
  File "C:\Users\user\Desktop\laba5\venv\Lib\site-packages\django\core\handlers\exception.py", line 55, in inner
    response = get_response(request)
  File "C:\Users\user\Desktop\laba5\venv\Lib\site-packages\django\core\handlers\base.py", line 197, in _get_response
    response = wrapped_callback(request, *callback_args, **callback_kwargs)
  File "C:\Users\user\Desktop\laba5\main\views.py", line 70, in promotions
    return render(request, 'main/promotions/list.html', {
        'promotions': active_promotions
    })
  File "C:\Users\user\Desktop\laba5\venv\Lib\site-packages\django\shortcuts.py", line 24, in render
    content = loader.render_to_string(template_name, context, request, using=using)
  File "C:\Users\user\Desktop\laba5\venv\Lib\site-packages\django\template\loader.py", line 61, in render_to_string
    template = get_template(template_name, using=using)
  File "C:\Users\user\Desktop\laba5\venv\Lib\site-packages\django\template\loader.py", line 15, in get_template
    return engine.get_template(template_name)
           ~~~~~~~~~~~~~~~~~~~^^^^^^^^^^^^^^^
  File "C:\Users\user\Desktop\laba5\venv\Lib\site-packages\django\template\backends\django.py", line 33, in get_template
    return Template(self.engine.get_template(template_name), self)
                    ~~~~~~~~~~~~~~~~~~~~~~~~^^^^^^^^^^^^^^^
  File "C:\Users\user\Desktop\laba5\venv\Lib\site-packages\django\template\engine.py", line 175, in get_template
    template, origin = self.find_template(template_name)
                       ~~~~~~~~~~~~~~~~~~^^^^^^^^^^^^^^^
  File "C:\Users\user\Desktop\laba5\venv\Lib\site-packages\django\template\engine.py", line 157, in find_template
    template = loader.get_template(name, skip=skip)
  File "C:\Users\user\Desktop\laba5\venv\Lib\site-packages\django\template\loaders\cached.py", line 57, in get_template
    template = super().get_template(template_name, skip)
  File "C:\Users\user\Desktop\laba5\venv\Lib\site-packages\django\template\loaders\base.py", line 28, in get_template
    return Template(
        contents,
    ...<2 lines>...
        self.engine,
    )
  File "C:\Users\user\Desktop\laba5\venv\Lib\site-packages\django\template\base.py", line 154, in __init__
    self.nodelist = self.compile_nodelist()
                    ~~~~~~~~~~~~~~~~~~~~~^^
  File "C:\Users\user\Desktop\laba5\venv\Lib\site-packages\django\template\base.py", line 196, in compile_nodelist
    return parser.parse()
           ~~~~~~~~~~~~^^
  File "C:\Users\user\Desktop\laba5\venv\Lib\site-packages\django\template\base.py", line 510, in parse
    raise self.error(token, e)
  File "C:\Users\user\Desktop\laba5\venv\Lib\site-packages\django\template\base.py", line 508, in parse
    compiled_result = compile_func(self, token)
  File "C:\Users\user\Desktop\laba5\venv\Lib\site-packages\django\template\loader_tags.py", line 295, in do_extends
    nodelist = parser.parse()
  File "C:\Users\user\Desktop\laba5\venv\Lib\site-packages\django\template\base.py", line 510, in parse
    raise self.error(token, e)
  File "C:\Users\user\Desktop\laba5\venv\Lib\site-packages\django\template\base.py", line 508, in parse
    compiled_result = compile_func(self, token)
  File "C:\Users\user\Desktop\laba5\venv\Lib\site-packages\django\template\loader_tags.py", line 234, in do_block
    nodelist = parser.parse(("endblock",))
  File "C:\Users\user\Desktop\laba5\venv\Lib\site-packages\django\template\base.py", line 510, in parse
    raise self.error(token, e)
  File "C:\Users\user\Desktop\laba5\venv\Lib\site-packages\django\template\base.py", line 508, in parse
    compiled_result = compile_func(self, token)
  File "C:\Users\user\Desktop\laba5\venv\Lib\site-packages\django\template\defaulttags.py", line 860, in do_for
    nodelist_loop = parser.parse(
        (
    ...<2 lines>...
        )
    )
  File "C:\Users\user\Desktop\laba5\venv\Lib\site-packages\django\template\base.py", line 510, in parse
    raise self.error(token, e)
  File "C:\Users\user\Desktop\laba5\venv\Lib\site-packages\django\template\base.py", line 508, in parse
    compiled_result = compile_func(self, token)
  File "C:\Users\user\Desktop\laba5\venv\Lib\site-packages\django\template\defaulttags.py", line 960, in do_if
    nodelist = parser.parse(("elif", "else", "endif"))
  File "C:\Users\user\Desktop\laba5\venv\Lib\site-packages\django\template\base.py", line 481, in parse
    raise self.error(token, e)
  File "C:\Users\user\Desktop\laba5\venv\Lib\site-packages\django\template\base.py", line 479, in parse
    filter_expression = self.compile_filter(token.contents)
  File "C:\Users\user\Desktop\laba5\venv\Lib\site-packages\django\template\base.py", line 597, in compile_filter
    return FilterExpression(token, self)
  File "C:\Users\user\Desktop\laba5\venv\Lib\site-packages\django\template\base.py", line 694, in __init__
    self.args_check(filter_name, filter_func, args)
    ~~~~~~~~~~~~~~~^^^^^^^^^^^^^^^^^^^^^^^^^^^^^^^^
  File "C:\Users\user\Desktop\laba5\venv\Lib\site-packages\django\template\base.py", line 756, in args_check
    raise TemplateSyntaxError(
        "%s requires %d arguments, %d provided" % (name, alen - dlen, plen)
    )
django.template.exceptions.TemplateSyntaxError: add requires 2 arguments, 1 provided
ERROR 2025-05-28 18:49:16,911 basehttp 21616 4616 "GET /promotions/ HTTP/1.1" 500 238665
ERROR 2025-05-28 19:04:16,892 log 21616 19648 Internal Server Error: /vehicles/
Traceback (most recent call last):
  File "C:\Users\user\Desktop\laba5\venv\Lib\site-packages\django\core\handlers\exception.py", line 55, in inner
    response = get_response(request)
  File "C:\Users\user\Desktop\laba5\venv\Lib\site-packages\django\core\handlers\base.py", line 197, in _get_response
    response = wrapped_callback(request, *callback_args, **callback_kwargs)
  File "C:\Users\user\Desktop\laba5\main\views.py", line 279, in vehicle_list
    vehicles = vehicles.filter(vehicle_type_id=type_filter)
  File "C:\Users\user\Desktop\laba5\venv\Lib\site-packages\django\db\models\query.py", line 1476, in filter
    return self._filter_or_exclude(False, args, kwargs)
           ~~~~~~~~~~~~~~~~~~~~~~~^^^^^^^^^^^^^^^^^^^^^
  File "C:\Users\user\Desktop\laba5\venv\Lib\site-packages\django\db\models\query.py", line 1494, in _filter_or_exclude
    clone._filter_or_exclude_inplace(negate, args, kwargs)
    ~~~~~~~~~~~~~~~~~~~~~~~~~~~~~~~~^^^^^^^^^^^^^^^^^^^^^^
  File "C:\Users\user\Desktop\laba5\venv\Lib\site-packages\django\db\models\query.py", line 1501, in _filter_or_exclude_inplace
    self._query.add_q(Q(*args, **kwargs))
    ~~~~~~~~~~~~~~~~~^^^^^^^^^^^^^^^^^^^^
  File "C:\Users\user\Desktop\laba5\venv\Lib\site-packages\django\db\models\sql\query.py", line 1602, in add_q
    clause, _ = self._add_q(q_object, self.used_aliases)
                ~~~~~~~~~~~^^^^^^^^^^^^^^^^^^^^^^^^^^^^^
  File "C:\Users\user\Desktop\laba5\venv\Lib\site-packages\django\db\models\sql\query.py", line 1634, in _add_q
    child_clause, needed_inner = self.build_filter(
                                 ~~~~~~~~~~~~~~~~~^
        child,
        ^^^^^^
    ...<7 lines>...
        update_join_types=update_join_types,
        ^^^^^^^^^^^^^^^^^^^^^^^^^^^^^^^^^^^^
    )
    ^
  File "C:\Users\user\Desktop\laba5\venv\Lib\site-packages\django\db\models\sql\query.py", line 1484, in build_filter
    lookups, parts, reffed_expression = self.solve_lookup_type(arg, summarize)
                                        ~~~~~~~~~~~~~~~~~~~~~~^^^^^^^^^^^^^^^^
  File "C:\Users\user\Desktop\laba5\venv\Lib\site-packages\django\db\models\sql\query.py", line 1296, in solve_lookup_type
    _, field, _, lookup_parts = self.names_to_path(lookup_splitted, self.get_meta())
                                ~~~~~~~~~~~~~~~~~~^^^^^^^^^^^^^^^^^^^^^^^^^^^^^^^^^^
  File "C:\Users\user\Desktop\laba5\venv\Lib\site-packages\django\db\models\sql\query.py", line 1761, in names_to_path
    raise FieldError(
    ...<2 lines>...
    )
django.core.exceptions.FieldError: Cannot resolve keyword 'vehicle_type_id' into field. Choices are: brand, capacity, driver, id, image, is_available, model, plate_number, type, type_id, year
ERROR 2025-05-28 19:04:16,894 basehttp 21616 19648 "GET /vehicles/?type=3&body=3&available=on HTTP/1.1" 500 117982
ERROR 2025-05-28 19:13:33,263 log 11500 20264 Internal Server Error: /drivers/list/
Traceback (most recent call last):
  File "C:\Users\user\Desktop\laba5\venv\Lib\site-packages\django\core\handlers\exception.py", line 55, in inner
    response = get_response(request)
  File "C:\Users\user\Desktop\laba5\venv\Lib\site-packages\django\core\handlers\base.py", line 197, in _get_response
    response = wrapped_callback(request, *callback_args, **callback_kwargs)
  File "C:\Users\user\Desktop\laba5\main\views.py", line 301, in driver_list
    return render(request, 'main/drivers/list.html', {
        'drivers': drivers
    })
  File "C:\Users\user\Desktop\laba5\venv\Lib\site-packages\django\shortcuts.py", line 24, in render
    content = loader.render_to_string(template_name, context, request, using=using)
  File "C:\Users\user\Desktop\laba5\venv\Lib\site-packages\django\template\loader.py", line 62, in render_to_string
    return template.render(context, request)
           ~~~~~~~~~~~~~~~^^^^^^^^^^^^^^^^^^
  File "C:\Users\user\Desktop\laba5\venv\Lib\site-packages\django\template\backends\django.py", line 61, in render
    return self.template.render(context)
           ~~~~~~~~~~~~~~~~~~~~^^^^^^^^^
  File "C:\Users\user\Desktop\laba5\venv\Lib\site-packages\django\template\base.py", line 171, in render
    return self._render(context)
           ~~~~~~~~~~~~^^^^^^^^^
  File "C:\Users\user\Desktop\laba5\venv\Lib\site-packages\django\template\base.py", line 163, in _render
    return self.nodelist.render(context)
           ~~~~~~~~~~~~~~~~~~~~^^^^^^^^^
  File "C:\Users\user\Desktop\laba5\venv\Lib\site-packages\django\template\base.py", line 1000, in render
    return SafeString("".join([node.render_annotated(context) for node in self]))
                               ~~~~~~~~~~~~~~~~~~~~~^^^^^^^^^
  File "C:\Users\user\Desktop\laba5\venv\Lib\site-packages\django\template\base.py", line 961, in render_annotated
    return self.render(context)
           ~~~~~~~~~~~^^^^^^^^^
  File "C:\Users\user\Desktop\laba5\venv\Lib\site-packages\django\template\loader_tags.py", line 159, in render
    return compiled_parent._render(context)
           ~~~~~~~~~~~~~~~~~~~~~~~^^^^^^^^^
  File "C:\Users\user\Desktop\laba5\venv\Lib\site-packages\django\template\base.py", line 163, in _render
    return self.nodelist.render(context)
           ~~~~~~~~~~~~~~~~~~~~^^^^^^^^^
  File "C:\Users\user\Desktop\laba5\venv\Lib\site-packages\django\template\base.py", line 1000, in render
    return SafeString("".join([node.render_annotated(context) for node in self]))
                               ~~~~~~~~~~~~~~~~~~~~~^^^^^^^^^
  File "C:\Users\user\Desktop\laba5\venv\Lib\site-packages\django\template\base.py", line 961, in render_annotated
    return self.render(context)
           ~~~~~~~~~~~^^^^^^^^^
  File "C:\Users\user\Desktop\laba5\venv\Lib\site-packages\django\template\loader_tags.py", line 65, in render
    result = block.nodelist.render(context)
  File "C:\Users\user\Desktop\laba5\venv\Lib\site-packages\django\template\base.py", line 1000, in render
    return SafeString("".join([node.render_annotated(context) for node in self]))
                               ~~~~~~~~~~~~~~~~~~~~~^^^^^^^^^
  File "C:\Users\user\Desktop\laba5\venv\Lib\site-packages\django\template\base.py", line 961, in render_annotated
    return self.render(context)
           ~~~~~~~~~~~^^^^^^^^^
  File "C:\Users\user\Desktop\laba5\venv\Lib\site-packages\django\template\defaulttags.py", line 241, in render
    nodelist.append(node.render_annotated(context))
                    ~~~~~~~~~~~~~~~~~~~~~^^^^^^^^^
  File "C:\Users\user\Desktop\laba5\venv\Lib\site-packages\django\template\base.py", line 961, in render_annotated
    return self.render(context)
           ~~~~~~~~~~~^^^^^^^^^
  File "C:\Users\user\Desktop\laba5\venv\Lib\site-packages\django\template\defaulttags.py", line 325, in render
    return nodelist.render(context)
           ~~~~~~~~~~~~~~~^^^^^^^^^
  File "C:\Users\user\Desktop\laba5\venv\Lib\site-packages\django\template\base.py", line 1000, in render
    return SafeString("".join([node.render_annotated(context) for node in self]))
                               ~~~~~~~~~~~~~~~~~~~~~^^^^^^^^^
  File "C:\Users\user\Desktop\laba5\venv\Lib\site-packages\django\template\base.py", line 961, in render_annotated
    return self.render(context)
           ~~~~~~~~~~~^^^^^^^^^
  File "C:\Users\user\Desktop\laba5\venv\Lib\site-packages\django\template\defaulttags.py", line 478, in render
    url = reverse(view_name, args=args, kwargs=kwargs, current_app=current_app)
  File "C:\Users\user\Desktop\laba5\venv\Lib\site-packages\django\urls\base.py", line 88, in reverse
    return resolver._reverse_with_prefix(view, prefix, *args, **kwargs)
           ~~~~~~~~~~~~~~~~~~~~~~~~~~~~~^^^^^^^^^^^^^^^^^^^^^^^^^^^^^^^
  File "C:\Users\user\Desktop\laba5\venv\Lib\site-packages\django\urls\resolvers.py", line 848, in _reverse_with_prefix
    raise NoReverseMatch(msg)
django.urls.exceptions.NoReverseMatch: Reverse for 'delete_driver' not found. 'delete_driver' is not a valid view function or pattern name.
ERROR 2025-05-28 19:13:33,267 basehttp 11500 20264 "GET /drivers/list/ HTTP/1.1" 500 199347
ERROR 2025-05-28 19:13:36,243 log 11500 20264 Internal Server Error: /drivers/list/
Traceback (most recent call last):
  File "C:\Users\user\Desktop\laba5\venv\Lib\site-packages\django\core\handlers\exception.py", line 55, in inner
    response = get_response(request)
  File "C:\Users\user\Desktop\laba5\venv\Lib\site-packages\django\core\handlers\base.py", line 197, in _get_response
    response = wrapped_callback(request, *callback_args, **callback_kwargs)
  File "C:\Users\user\Desktop\laba5\main\views.py", line 301, in driver_list
    return render(request, 'main/drivers/list.html', {
        'drivers': drivers
    })
  File "C:\Users\user\Desktop\laba5\venv\Lib\site-packages\django\shortcuts.py", line 24, in render
    content = loader.render_to_string(template_name, context, request, using=using)
  File "C:\Users\user\Desktop\laba5\venv\Lib\site-packages\django\template\loader.py", line 62, in render_to_string
    return template.render(context, request)
           ~~~~~~~~~~~~~~~^^^^^^^^^^^^^^^^^^
  File "C:\Users\user\Desktop\laba5\venv\Lib\site-packages\django\template\backends\django.py", line 61, in render
    return self.template.render(context)
           ~~~~~~~~~~~~~~~~~~~~^^^^^^^^^
  File "C:\Users\user\Desktop\laba5\venv\Lib\site-packages\django\template\base.py", line 171, in render
    return self._render(context)
           ~~~~~~~~~~~~^^^^^^^^^
  File "C:\Users\user\Desktop\laba5\venv\Lib\site-packages\django\template\base.py", line 163, in _render
    return self.nodelist.render(context)
           ~~~~~~~~~~~~~~~~~~~~^^^^^^^^^
  File "C:\Users\user\Desktop\laba5\venv\Lib\site-packages\django\template\base.py", line 1000, in render
    return SafeString("".join([node.render_annotated(context) for node in self]))
                               ~~~~~~~~~~~~~~~~~~~~~^^^^^^^^^
  File "C:\Users\user\Desktop\laba5\venv\Lib\site-packages\django\template\base.py", line 961, in render_annotated
    return self.render(context)
           ~~~~~~~~~~~^^^^^^^^^
  File "C:\Users\user\Desktop\laba5\venv\Lib\site-packages\django\template\loader_tags.py", line 159, in render
    return compiled_parent._render(context)
           ~~~~~~~~~~~~~~~~~~~~~~~^^^^^^^^^
  File "C:\Users\user\Desktop\laba5\venv\Lib\site-packages\django\template\base.py", line 163, in _render
    return self.nodelist.render(context)
           ~~~~~~~~~~~~~~~~~~~~^^^^^^^^^
  File "C:\Users\user\Desktop\laba5\venv\Lib\site-packages\django\template\base.py", line 1000, in render
    return SafeString("".join([node.render_annotated(context) for node in self]))
                               ~~~~~~~~~~~~~~~~~~~~~^^^^^^^^^
  File "C:\Users\user\Desktop\laba5\venv\Lib\site-packages\django\template\base.py", line 961, in render_annotated
    return self.render(context)
           ~~~~~~~~~~~^^^^^^^^^
  File "C:\Users\user\Desktop\laba5\venv\Lib\site-packages\django\template\loader_tags.py", line 65, in render
    result = block.nodelist.render(context)
  File "C:\Users\user\Desktop\laba5\venv\Lib\site-packages\django\template\base.py", line 1000, in render
    return SafeString("".join([node.render_annotated(context) for node in self]))
                               ~~~~~~~~~~~~~~~~~~~~~^^^^^^^^^
  File "C:\Users\user\Desktop\laba5\venv\Lib\site-packages\django\template\base.py", line 961, in render_annotated
    return self.render(context)
           ~~~~~~~~~~~^^^^^^^^^
  File "C:\Users\user\Desktop\laba5\venv\Lib\site-packages\django\template\defaulttags.py", line 241, in render
    nodelist.append(node.render_annotated(context))
                    ~~~~~~~~~~~~~~~~~~~~~^^^^^^^^^
  File "C:\Users\user\Desktop\laba5\venv\Lib\site-packages\django\template\base.py", line 961, in render_annotated
    return self.render(context)
           ~~~~~~~~~~~^^^^^^^^^
  File "C:\Users\user\Desktop\laba5\venv\Lib\site-packages\django\template\defaulttags.py", line 325, in render
    return nodelist.render(context)
           ~~~~~~~~~~~~~~~^^^^^^^^^
  File "C:\Users\user\Desktop\laba5\venv\Lib\site-packages\django\template\base.py", line 1000, in render
    return SafeString("".join([node.render_annotated(context) for node in self]))
                               ~~~~~~~~~~~~~~~~~~~~~^^^^^^^^^
  File "C:\Users\user\Desktop\laba5\venv\Lib\site-packages\django\template\base.py", line 961, in render_annotated
    return self.render(context)
           ~~~~~~~~~~~^^^^^^^^^
  File "C:\Users\user\Desktop\laba5\venv\Lib\site-packages\django\template\defaulttags.py", line 478, in render
    url = reverse(view_name, args=args, kwargs=kwargs, current_app=current_app)
  File "C:\Users\user\Desktop\laba5\venv\Lib\site-packages\django\urls\base.py", line 88, in reverse
    return resolver._reverse_with_prefix(view, prefix, *args, **kwargs)
           ~~~~~~~~~~~~~~~~~~~~~~~~~~~~~^^^^^^^^^^^^^^^^^^^^^^^^^^^^^^^
  File "C:\Users\user\Desktop\laba5\venv\Lib\site-packages\django\urls\resolvers.py", line 848, in _reverse_with_prefix
    raise NoReverseMatch(msg)
django.urls.exceptions.NoReverseMatch: Reverse for 'delete_driver' not found. 'delete_driver' is not a valid view function or pattern name.
ERROR 2025-05-28 19:13:36,249 basehttp 11500 20264 "GET /drivers/list/ HTTP/1.1" 500 199484
ERROR 2025-05-28 19:15:37,929 log 8652 10484 Internal Server Error: /drivers/list/
Traceback (most recent call last):
  File "C:\Users\user\Desktop\laba5\venv\Lib\site-packages\django\core\handlers\exception.py", line 55, in inner
    response = get_response(request)
  File "C:\Users\user\Desktop\laba5\venv\Lib\site-packages\django\core\handlers\base.py", line 197, in _get_response
    response = wrapped_callback(request, *callback_args, **callback_kwargs)
  File "C:\Users\user\Desktop\laba5\main\views.py", line 302, in driver_list
    return render(request, 'main/drivers/list.html', {
        'drivers': drivers
    })
  File "C:\Users\user\Desktop\laba5\venv\Lib\site-packages\django\shortcuts.py", line 24, in render
    content = loader.render_to_string(template_name, context, request, using=using)
  File "C:\Users\user\Desktop\laba5\venv\Lib\site-packages\django\template\loader.py", line 62, in render_to_string
    return template.render(context, request)
           ~~~~~~~~~~~~~~~^^^^^^^^^^^^^^^^^^
  File "C:\Users\user\Desktop\laba5\venv\Lib\site-packages\django\template\backends\django.py", line 61, in render
    return self.template.render(context)
           ~~~~~~~~~~~~~~~~~~~~^^^^^^^^^
  File "C:\Users\user\Desktop\laba5\venv\Lib\site-packages\django\template\base.py", line 171, in render
    return self._render(context)
           ~~~~~~~~~~~~^^^^^^^^^
  File "C:\Users\user\Desktop\laba5\venv\Lib\site-packages\django\template\base.py", line 163, in _render
    return self.nodelist.render(context)
           ~~~~~~~~~~~~~~~~~~~~^^^^^^^^^
  File "C:\Users\user\Desktop\laba5\venv\Lib\site-packages\django\template\base.py", line 1000, in render
    return SafeString("".join([node.render_annotated(context) for node in self]))
                               ~~~~~~~~~~~~~~~~~~~~~^^^^^^^^^
  File "C:\Users\user\Desktop\laba5\venv\Lib\site-packages\django\template\base.py", line 961, in render_annotated
    return self.render(context)
           ~~~~~~~~~~~^^^^^^^^^
  File "C:\Users\user\Desktop\laba5\venv\Lib\site-packages\django\template\loader_tags.py", line 159, in render
    return compiled_parent._render(context)
           ~~~~~~~~~~~~~~~~~~~~~~~^^^^^^^^^
  File "C:\Users\user\Desktop\laba5\venv\Lib\site-packages\django\template\base.py", line 163, in _render
    return self.nodelist.render(context)
           ~~~~~~~~~~~~~~~~~~~~^^^^^^^^^
  File "C:\Users\user\Desktop\laba5\venv\Lib\site-packages\django\template\base.py", line 1000, in render
    return SafeString("".join([node.render_annotated(context) for node in self]))
                               ~~~~~~~~~~~~~~~~~~~~~^^^^^^^^^
  File "C:\Users\user\Desktop\laba5\venv\Lib\site-packages\django\template\base.py", line 961, in render_annotated
    return self.render(context)
           ~~~~~~~~~~~^^^^^^^^^
  File "C:\Users\user\Desktop\laba5\venv\Lib\site-packages\django\template\defaulttags.py", line 478, in render
    url = reverse(view_name, args=args, kwargs=kwargs, current_app=current_app)
  File "C:\Users\user\Desktop\laba5\venv\Lib\site-packages\django\urls\base.py", line 88, in reverse
    return resolver._reverse_with_prefix(view, prefix, *args, **kwargs)
           ~~~~~~~~~~~~~~~~~~~~~~~~~~~~~^^^^^^^^^^^^^^^^^^^^^^^^^^^^^^^
  File "C:\Users\user\Desktop\laba5\venv\Lib\site-packages\django\urls\resolvers.py", line 848, in _reverse_with_prefix
    raise NoReverseMatch(msg)
django.urls.exceptions.NoReverseMatch: Reverse for 'home' not found. 'home' is not a valid view function or pattern name.
ERROR 2025-05-28 19:15:37,933 basehttp 8652 10484 "GET /drivers/list/ HTTP/1.1" 500 154750
ERROR 2025-05-28 19:15:45,246 log 8652 10484 Internal Server Error: /
Traceback (most recent call last):
  File "C:\Users\user\Desktop\laba5\venv\Lib\site-packages\django\core\handlers\exception.py", line 55, in inner
    response = get_response(request)
  File "C:\Users\user\Desktop\laba5\venv\Lib\site-packages\django\core\handlers\base.py", line 197, in _get_response
    response = wrapped_callback(request, *callback_args, **callback_kwargs)
  File "C:\Users\user\Desktop\laba5\main\views.py", line 20, in index
    return render(request, 'main/index.html', {
        # 'latest_news': latest_news
    })
  File "C:\Users\user\Desktop\laba5\venv\Lib\site-packages\django\shortcuts.py", line 24, in render
    content = loader.render_to_string(template_name, context, request, using=using)
  File "C:\Users\user\Desktop\laba5\venv\Lib\site-packages\django\template\loader.py", line 62, in render_to_string
    return template.render(context, request)
           ~~~~~~~~~~~~~~~^^^^^^^^^^^^^^^^^^
  File "C:\Users\user\Desktop\laba5\venv\Lib\site-packages\django\template\backends\django.py", line 61, in render
    return self.template.render(context)
           ~~~~~~~~~~~~~~~~~~~~^^^^^^^^^
  File "C:\Users\user\Desktop\laba5\venv\Lib\site-packages\django\template\base.py", line 171, in render
    return self._render(context)
           ~~~~~~~~~~~~^^^^^^^^^
  File "C:\Users\user\Desktop\laba5\venv\Lib\site-packages\django\template\base.py", line 163, in _render
    return self.nodelist.render(context)
           ~~~~~~~~~~~~~~~~~~~~^^^^^^^^^
  File "C:\Users\user\Desktop\laba5\venv\Lib\site-packages\django\template\base.py", line 1000, in render
    return SafeString("".join([node.render_annotated(context) for node in self]))
                               ~~~~~~~~~~~~~~~~~~~~~^^^^^^^^^
  File "C:\Users\user\Desktop\laba5\venv\Lib\site-packages\django\template\base.py", line 961, in render_annotated
    return self.render(context)
           ~~~~~~~~~~~^^^^^^^^^
  File "C:\Users\user\Desktop\laba5\venv\Lib\site-packages\django\template\loader_tags.py", line 159, in render
    return compiled_parent._render(context)
           ~~~~~~~~~~~~~~~~~~~~~~~^^^^^^^^^
  File "C:\Users\user\Desktop\laba5\venv\Lib\site-packages\django\template\base.py", line 163, in _render
    return self.nodelist.render(context)
           ~~~~~~~~~~~~~~~~~~~~^^^^^^^^^
  File "C:\Users\user\Desktop\laba5\venv\Lib\site-packages\django\template\base.py", line 1000, in render
    return SafeString("".join([node.render_annotated(context) for node in self]))
                               ~~~~~~~~~~~~~~~~~~~~~^^^^^^^^^
  File "C:\Users\user\Desktop\laba5\venv\Lib\site-packages\django\template\base.py", line 961, in render_annotated
    return self.render(context)
           ~~~~~~~~~~~^^^^^^^^^
  File "C:\Users\user\Desktop\laba5\venv\Lib\site-packages\django\template\defaulttags.py", line 478, in render
    url = reverse(view_name, args=args, kwargs=kwargs, current_app=current_app)
  File "C:\Users\user\Desktop\laba5\venv\Lib\site-packages\django\urls\base.py", line 88, in reverse
    return resolver._reverse_with_prefix(view, prefix, *args, **kwargs)
           ~~~~~~~~~~~~~~~~~~~~~~~~~~~~~^^^^^^^^^^^^^^^^^^^^^^^^^^^^^^^
  File "C:\Users\user\Desktop\laba5\venv\Lib\site-packages\django\urls\resolvers.py", line 848, in _reverse_with_prefix
    raise NoReverseMatch(msg)
django.urls.exceptions.NoReverseMatch: Reverse for 'home' not found. 'home' is not a valid view function or pattern name.
ERROR 2025-05-28 19:15:45,250 basehttp 8652 10484 "GET / HTTP/1.1" 500 144262
ERROR 2025-05-28 19:15:45,442 log 8652 10484 Internal Server Error: /
Traceback (most recent call last):
  File "C:\Users\user\Desktop\laba5\venv\Lib\site-packages\django\core\handlers\exception.py", line 55, in inner
    response = get_response(request)
  File "C:\Users\user\Desktop\laba5\venv\Lib\site-packages\django\core\handlers\base.py", line 197, in _get_response
    response = wrapped_callback(request, *callback_args, **callback_kwargs)
  File "C:\Users\user\Desktop\laba5\main\views.py", line 20, in index
    return render(request, 'main/index.html', {
        # 'latest_news': latest_news
    })
  File "C:\Users\user\Desktop\laba5\venv\Lib\site-packages\django\shortcuts.py", line 24, in render
    content = loader.render_to_string(template_name, context, request, using=using)
  File "C:\Users\user\Desktop\laba5\venv\Lib\site-packages\django\template\loader.py", line 62, in render_to_string
    return template.render(context, request)
           ~~~~~~~~~~~~~~~^^^^^^^^^^^^^^^^^^
  File "C:\Users\user\Desktop\laba5\venv\Lib\site-packages\django\template\backends\django.py", line 61, in render
    return self.template.render(context)
           ~~~~~~~~~~~~~~~~~~~~^^^^^^^^^
  File "C:\Users\user\Desktop\laba5\venv\Lib\site-packages\django\template\base.py", line 171, in render
    return self._render(context)
           ~~~~~~~~~~~~^^^^^^^^^
  File "C:\Users\user\Desktop\laba5\venv\Lib\site-packages\django\template\base.py", line 163, in _render
    return self.nodelist.render(context)
           ~~~~~~~~~~~~~~~~~~~~^^^^^^^^^
  File "C:\Users\user\Desktop\laba5\venv\Lib\site-packages\django\template\base.py", line 1000, in render
    return SafeString("".join([node.render_annotated(context) for node in self]))
                               ~~~~~~~~~~~~~~~~~~~~~^^^^^^^^^
  File "C:\Users\user\Desktop\laba5\venv\Lib\site-packages\django\template\base.py", line 961, in render_annotated
    return self.render(context)
           ~~~~~~~~~~~^^^^^^^^^
  File "C:\Users\user\Desktop\laba5\venv\Lib\site-packages\django\template\loader_tags.py", line 159, in render
    return compiled_parent._render(context)
           ~~~~~~~~~~~~~~~~~~~~~~~^^^^^^^^^
  File "C:\Users\user\Desktop\laba5\venv\Lib\site-packages\django\template\base.py", line 163, in _render
    return self.nodelist.render(context)
           ~~~~~~~~~~~~~~~~~~~~^^^^^^^^^
  File "C:\Users\user\Desktop\laba5\venv\Lib\site-packages\django\template\base.py", line 1000, in render
    return SafeString("".join([node.render_annotated(context) for node in self]))
                               ~~~~~~~~~~~~~~~~~~~~~^^^^^^^^^
  File "C:\Users\user\Desktop\laba5\venv\Lib\site-packages\django\template\base.py", line 961, in render_annotated
    return self.render(context)
           ~~~~~~~~~~~^^^^^^^^^
  File "C:\Users\user\Desktop\laba5\venv\Lib\site-packages\django\template\defaulttags.py", line 478, in render
    url = reverse(view_name, args=args, kwargs=kwargs, current_app=current_app)
  File "C:\Users\user\Desktop\laba5\venv\Lib\site-packages\django\urls\base.py", line 88, in reverse
    return resolver._reverse_with_prefix(view, prefix, *args, **kwargs)
           ~~~~~~~~~~~~~~~~~~~~~~~~~~~~~^^^^^^^^^^^^^^^^^^^^^^^^^^^^^^^
  File "C:\Users\user\Desktop\laba5\venv\Lib\site-packages\django\urls\resolvers.py", line 848, in _reverse_with_prefix
    raise NoReverseMatch(msg)
django.urls.exceptions.NoReverseMatch: Reverse for 'home' not found. 'home' is not a valid view function or pattern name.
ERROR 2025-05-28 19:15:45,446 basehttp 8652 10484 "GET / HTTP/1.1" 500 143988
ERROR 2025-05-28 19:15:49,296 log 8652 10484 Internal Server Error: /vehicles/
Traceback (most recent call last):
  File "C:\Users\user\Desktop\laba5\venv\Lib\site-packages\django\core\handlers\exception.py", line 55, in inner
    response = get_response(request)
  File "C:\Users\user\Desktop\laba5\venv\Lib\site-packages\django\core\handlers\base.py", line 197, in _get_response
    response = wrapped_callback(request, *callback_args, **callback_kwargs)
  File "C:\Users\user\Desktop\laba5\main\views.py", line 286, in vehicle_list
    return render(request, 'main/vehicles/list.html', {
        'vehicles': vehicles,
        'vehicle_types': vehicle_types,
        'body_types': body_types
    })
  File "C:\Users\user\Desktop\laba5\venv\Lib\site-packages\django\shortcuts.py", line 24, in render
    content = loader.render_to_string(template_name, context, request, using=using)
  File "C:\Users\user\Desktop\laba5\venv\Lib\site-packages\django\template\loader.py", line 62, in render_to_string
    return template.render(context, request)
           ~~~~~~~~~~~~~~~^^^^^^^^^^^^^^^^^^
  File "C:\Users\user\Desktop\laba5\venv\Lib\site-packages\django\template\backends\django.py", line 61, in render
    return self.template.render(context)
           ~~~~~~~~~~~~~~~~~~~~^^^^^^^^^
  File "C:\Users\user\Desktop\laba5\venv\Lib\site-packages\django\template\base.py", line 171, in render
    return self._render(context)
           ~~~~~~~~~~~~^^^^^^^^^
  File "C:\Users\user\Desktop\laba5\venv\Lib\site-packages\django\template\base.py", line 163, in _render
    return self.nodelist.render(context)
           ~~~~~~~~~~~~~~~~~~~~^^^^^^^^^
  File "C:\Users\user\Desktop\laba5\venv\Lib\site-packages\django\template\base.py", line 1000, in render
    return SafeString("".join([node.render_annotated(context) for node in self]))
                               ~~~~~~~~~~~~~~~~~~~~~^^^^^^^^^
  File "C:\Users\user\Desktop\laba5\venv\Lib\site-packages\django\template\base.py", line 961, in render_annotated
    return self.render(context)
           ~~~~~~~~~~~^^^^^^^^^
  File "C:\Users\user\Desktop\laba5\venv\Lib\site-packages\django\template\loader_tags.py", line 159, in render
    return compiled_parent._render(context)
           ~~~~~~~~~~~~~~~~~~~~~~~^^^^^^^^^
  File "C:\Users\user\Desktop\laba5\venv\Lib\site-packages\django\template\base.py", line 163, in _render
    return self.nodelist.render(context)
           ~~~~~~~~~~~~~~~~~~~~^^^^^^^^^
  File "C:\Users\user\Desktop\laba5\venv\Lib\site-packages\django\template\base.py", line 1000, in render
    return SafeString("".join([node.render_annotated(context) for node in self]))
                               ~~~~~~~~~~~~~~~~~~~~~^^^^^^^^^
  File "C:\Users\user\Desktop\laba5\venv\Lib\site-packages\django\template\base.py", line 961, in render_annotated
    return self.render(context)
           ~~~~~~~~~~~^^^^^^^^^
  File "C:\Users\user\Desktop\laba5\venv\Lib\site-packages\django\template\defaulttags.py", line 478, in render
    url = reverse(view_name, args=args, kwargs=kwargs, current_app=current_app)
  File "C:\Users\user\Desktop\laba5\venv\Lib\site-packages\django\urls\base.py", line 88, in reverse
    return resolver._reverse_with_prefix(view, prefix, *args, **kwargs)
           ~~~~~~~~~~~~~~~~~~~~~~~~~~~~~^^^^^^^^^^^^^^^^^^^^^^^^^^^^^^^
  File "C:\Users\user\Desktop\laba5\venv\Lib\site-packages\django\urls\resolvers.py", line 848, in _reverse_with_prefix
    raise NoReverseMatch(msg)
django.urls.exceptions.NoReverseMatch: Reverse for 'home' not found. 'home' is not a valid view function or pattern name.
ERROR 2025-05-28 19:15:49,298 basehttp 8652 10484 "GET /vehicles/ HTTP/1.1" 500 155986
ERROR 2025-05-28 19:15:52,410 log 8652 10484 Internal Server Error: /vehicles/
Traceback (most recent call last):
  File "C:\Users\user\Desktop\laba5\venv\Lib\site-packages\django\core\handlers\exception.py", line 55, in inner
    response = get_response(request)
  File "C:\Users\user\Desktop\laba5\venv\Lib\site-packages\django\core\handlers\base.py", line 197, in _get_response
    response = wrapped_callback(request, *callback_args, **callback_kwargs)
  File "C:\Users\user\Desktop\laba5\main\views.py", line 286, in vehicle_list
    return render(request, 'main/vehicles/list.html', {
        'vehicles': vehicles,
        'vehicle_types': vehicle_types,
        'body_types': body_types
    })
  File "C:\Users\user\Desktop\laba5\venv\Lib\site-packages\django\shortcuts.py", line 24, in render
    content = loader.render_to_string(template_name, context, request, using=using)
  File "C:\Users\user\Desktop\laba5\venv\Lib\site-packages\django\template\loader.py", line 62, in render_to_string
    return template.render(context, request)
           ~~~~~~~~~~~~~~~^^^^^^^^^^^^^^^^^^
  File "C:\Users\user\Desktop\laba5\venv\Lib\site-packages\django\template\backends\django.py", line 61, in render
    return self.template.render(context)
           ~~~~~~~~~~~~~~~~~~~~^^^^^^^^^
  File "C:\Users\user\Desktop\laba5\venv\Lib\site-packages\django\template\base.py", line 171, in render
    return self._render(context)
           ~~~~~~~~~~~~^^^^^^^^^
  File "C:\Users\user\Desktop\laba5\venv\Lib\site-packages\django\template\base.py", line 163, in _render
    return self.nodelist.render(context)
           ~~~~~~~~~~~~~~~~~~~~^^^^^^^^^
  File "C:\Users\user\Desktop\laba5\venv\Lib\site-packages\django\template\base.py", line 1000, in render
    return SafeString("".join([node.render_annotated(context) for node in self]))
                               ~~~~~~~~~~~~~~~~~~~~~^^^^^^^^^
  File "C:\Users\user\Desktop\laba5\venv\Lib\site-packages\django\template\base.py", line 961, in render_annotated
    return self.render(context)
           ~~~~~~~~~~~^^^^^^^^^
  File "C:\Users\user\Desktop\laba5\venv\Lib\site-packages\django\template\loader_tags.py", line 159, in render
    return compiled_parent._render(context)
           ~~~~~~~~~~~~~~~~~~~~~~~^^^^^^^^^
  File "C:\Users\user\Desktop\laba5\venv\Lib\site-packages\django\template\base.py", line 163, in _render
    return self.nodelist.render(context)
           ~~~~~~~~~~~~~~~~~~~~^^^^^^^^^
  File "C:\Users\user\Desktop\laba5\venv\Lib\site-packages\django\template\base.py", line 1000, in render
    return SafeString("".join([node.render_annotated(context) for node in self]))
                               ~~~~~~~~~~~~~~~~~~~~~^^^^^^^^^
  File "C:\Users\user\Desktop\laba5\venv\Lib\site-packages\django\template\base.py", line 961, in render_annotated
    return self.render(context)
           ~~~~~~~~~~~^^^^^^^^^
  File "C:\Users\user\Desktop\laba5\venv\Lib\site-packages\django\template\defaulttags.py", line 478, in render
    url = reverse(view_name, args=args, kwargs=kwargs, current_app=current_app)
  File "C:\Users\user\Desktop\laba5\venv\Lib\site-packages\django\urls\base.py", line 88, in reverse
    return resolver._reverse_with_prefix(view, prefix, *args, **kwargs)
           ~~~~~~~~~~~~~~~~~~~~~~~~~~~~~^^^^^^^^^^^^^^^^^^^^^^^^^^^^^^^
  File "C:\Users\user\Desktop\laba5\venv\Lib\site-packages\django\urls\resolvers.py", line 848, in _reverse_with_prefix
    raise NoReverseMatch(msg)
django.urls.exceptions.NoReverseMatch: Reverse for 'home' not found. 'home' is not a valid view function or pattern name.
ERROR 2025-05-28 19:15:52,412 basehttp 8652 10484 "GET /vehicles/ HTTP/1.1" 500 155986
ERROR 2025-05-28 19:15:54,752 log 8652 10484 Internal Server Error: /services/catalog/
Traceback (most recent call last):
  File "C:\Users\user\Desktop\laba5\venv\Lib\site-packages\django\core\handlers\exception.py", line 55, in inner
    response = get_response(request)
  File "C:\Users\user\Desktop\laba5\venv\Lib\site-packages\django\core\handlers\base.py", line 197, in _get_response
    response = wrapped_callback(request, *callback_args, **callback_kwargs)
  File "C:\Users\user\Desktop\laba5\venv\Lib\site-packages\django\contrib\auth\decorators.py", line 23, in _wrapper_view
    return view_func(request, *args, **kwargs)
  File "C:\Users\user\Desktop\laba5\main\views.py", line 216, in service_catalog
    return render(request, 'main/services/catalog.html', {
        'services': services,
        'form': form
    })
  File "C:\Users\user\Desktop\laba5\venv\Lib\site-packages\django\shortcuts.py", line 24, in render
    content = loader.render_to_string(template_name, context, request, using=using)
  File "C:\Users\user\Desktop\laba5\venv\Lib\site-packages\django\template\loader.py", line 62, in render_to_string
    return template.render(context, request)
           ~~~~~~~~~~~~~~~^^^^^^^^^^^^^^^^^^
  File "C:\Users\user\Desktop\laba5\venv\Lib\site-packages\django\template\backends\django.py", line 61, in render
    return self.template.render(context)
           ~~~~~~~~~~~~~~~~~~~~^^^^^^^^^
  File "C:\Users\user\Desktop\laba5\venv\Lib\site-packages\django\template\base.py", line 171, in render
    return self._render(context)
           ~~~~~~~~~~~~^^^^^^^^^
  File "C:\Users\user\Desktop\laba5\venv\Lib\site-packages\django\template\base.py", line 163, in _render
    return self.nodelist.render(context)
           ~~~~~~~~~~~~~~~~~~~~^^^^^^^^^
  File "C:\Users\user\Desktop\laba5\venv\Lib\site-packages\django\template\base.py", line 1000, in render
    return SafeString("".join([node.render_annotated(context) for node in self]))
                               ~~~~~~~~~~~~~~~~~~~~~^^^^^^^^^
  File "C:\Users\user\Desktop\laba5\venv\Lib\site-packages\django\template\base.py", line 961, in render_annotated
    return self.render(context)
           ~~~~~~~~~~~^^^^^^^^^
  File "C:\Users\user\Desktop\laba5\venv\Lib\site-packages\django\template\loader_tags.py", line 159, in render
    return compiled_parent._render(context)
           ~~~~~~~~~~~~~~~~~~~~~~~^^^^^^^^^
  File "C:\Users\user\Desktop\laba5\venv\Lib\site-packages\django\template\base.py", line 163, in _render
    return self.nodelist.render(context)
           ~~~~~~~~~~~~~~~~~~~~^^^^^^^^^
  File "C:\Users\user\Desktop\laba5\venv\Lib\site-packages\django\template\base.py", line 1000, in render
    return SafeString("".join([node.render_annotated(context) for node in self]))
                               ~~~~~~~~~~~~~~~~~~~~~^^^^^^^^^
  File "C:\Users\user\Desktop\laba5\venv\Lib\site-packages\django\template\base.py", line 961, in render_annotated
    return self.render(context)
           ~~~~~~~~~~~^^^^^^^^^
  File "C:\Users\user\Desktop\laba5\venv\Lib\site-packages\django\template\defaulttags.py", line 478, in render
    url = reverse(view_name, args=args, kwargs=kwargs, current_app=current_app)
  File "C:\Users\user\Desktop\laba5\venv\Lib\site-packages\django\urls\base.py", line 88, in reverse
    return resolver._reverse_with_prefix(view, prefix, *args, **kwargs)
           ~~~~~~~~~~~~~~~~~~~~~~~~~~~~~^^^^^^^^^^^^^^^^^^^^^^^^^^^^^^^
  File "C:\Users\user\Desktop\laba5\venv\Lib\site-packages\django\urls\resolvers.py", line 848, in _reverse_with_prefix
    raise NoReverseMatch(msg)
django.urls.exceptions.NoReverseMatch: Reverse for 'home' not found. 'home' is not a valid view function or pattern name.
ERROR 2025-05-28 19:15:54,757 basehttp 8652 10484 "GET /services/catalog/ HTTP/1.1" 500 156381
ERROR 2025-05-28 19:15:57,286 log 13176 2124 Internal Server Error: /news/
Traceback (most recent call last):
  File "C:\Users\user\Desktop\laba5\venv\Lib\site-packages\django\core\handlers\exception.py", line 55, in inner
    response = get_response(request)
  File "C:\Users\user\Desktop\laba5\venv\Lib\site-packages\django\core\handlers\base.py", line 197, in _get_response
    response = wrapped_callback(request, *callback_args, **callback_kwargs)
  File "C:\Users\user\Desktop\laba5\main\views.py", line 30, in news
    return render(request, 'main/news.html')
  File "C:\Users\user\Desktop\laba5\venv\Lib\site-packages\django\shortcuts.py", line 24, in render
    content = loader.render_to_string(template_name, context, request, using=using)
  File "C:\Users\user\Desktop\laba5\venv\Lib\site-packages\django\template\loader.py", line 62, in render_to_string
    return template.render(context, request)
           ~~~~~~~~~~~~~~~^^^^^^^^^^^^^^^^^^
  File "C:\Users\user\Desktop\laba5\venv\Lib\site-packages\django\template\backends\django.py", line 61, in render
    return self.template.render(context)
           ~~~~~~~~~~~~~~~~~~~~^^^^^^^^^
  File "C:\Users\user\Desktop\laba5\venv\Lib\site-packages\django\template\base.py", line 171, in render
    return self._render(context)
           ~~~~~~~~~~~~^^^^^^^^^
  File "C:\Users\user\Desktop\laba5\venv\Lib\site-packages\django\template\base.py", line 163, in _render
    return self.nodelist.render(context)
           ~~~~~~~~~~~~~~~~~~~~^^^^^^^^^
  File "C:\Users\user\Desktop\laba5\venv\Lib\site-packages\django\template\base.py", line 1000, in render
    return SafeString("".join([node.render_annotated(context) for node in self]))
                               ~~~~~~~~~~~~~~~~~~~~~^^^^^^^^^
  File "C:\Users\user\Desktop\laba5\venv\Lib\site-packages\django\template\base.py", line 961, in render_annotated
    return self.render(context)
           ~~~~~~~~~~~^^^^^^^^^
  File "C:\Users\user\Desktop\laba5\venv\Lib\site-packages\django\template\loader_tags.py", line 159, in render
    return compiled_parent._render(context)
           ~~~~~~~~~~~~~~~~~~~~~~~^^^^^^^^^
  File "C:\Users\user\Desktop\laba5\venv\Lib\site-packages\django\template\base.py", line 163, in _render
    return self.nodelist.render(context)
           ~~~~~~~~~~~~~~~~~~~~^^^^^^^^^
  File "C:\Users\user\Desktop\laba5\venv\Lib\site-packages\django\template\base.py", line 1000, in render
    return SafeString("".join([node.render_annotated(context) for node in self]))
                               ~~~~~~~~~~~~~~~~~~~~~^^^^^^^^^
  File "C:\Users\user\Desktop\laba5\venv\Lib\site-packages\django\template\base.py", line 961, in render_annotated
    return self.render(context)
           ~~~~~~~~~~~^^^^^^^^^
  File "C:\Users\user\Desktop\laba5\venv\Lib\site-packages\django\template\defaulttags.py", line 478, in render
    url = reverse(view_name, args=args, kwargs=kwargs, current_app=current_app)
  File "C:\Users\user\Desktop\laba5\venv\Lib\site-packages\django\urls\base.py", line 88, in reverse
    return resolver._reverse_with_prefix(view, prefix, *args, **kwargs)
           ~~~~~~~~~~~~~~~~~~~~~~~~~~~~~^^^^^^^^^^^^^^^^^^^^^^^^^^^^^^^
  File "C:\Users\user\Desktop\laba5\venv\Lib\site-packages\django\urls\resolvers.py", line 848, in _reverse_with_prefix
    raise NoReverseMatch(msg)
django.urls.exceptions.NoReverseMatch: Reverse for 'home' not found. 'home' is not a valid view function or pattern name.
ERROR 2025-05-28 19:15:57,290 basehttp 13176 2124 "GET /news/ HTTP/1.1" 500 143765
ERROR 2025-05-28 19:16:41,862 log 6856 15268 Internal Server Error: /news/
Traceback (most recent call last):
  File "C:\Users\user\Desktop\laba5\venv\Lib\site-packages\django\core\handlers\exception.py", line 55, in inner
    response = get_response(request)
  File "C:\Users\user\Desktop\laba5\venv\Lib\site-packages\django\core\handlers\base.py", line 197, in _get_response
    response = wrapped_callback(request, *callback_args, **callback_kwargs)
  File "C:\Users\user\Desktop\laba5\main\views.py", line 30, in news
    return render(request, 'main/news.html')
  File "C:\Users\user\Desktop\laba5\venv\Lib\site-packages\django\shortcuts.py", line 24, in render
    content = loader.render_to_string(template_name, context, request, using=using)
  File "C:\Users\user\Desktop\laba5\venv\Lib\site-packages\django\template\loader.py", line 62, in render_to_string
    return template.render(context, request)
           ~~~~~~~~~~~~~~~^^^^^^^^^^^^^^^^^^
  File "C:\Users\user\Desktop\laba5\venv\Lib\site-packages\django\template\backends\django.py", line 61, in render
    return self.template.render(context)
           ~~~~~~~~~~~~~~~~~~~~^^^^^^^^^
  File "C:\Users\user\Desktop\laba5\venv\Lib\site-packages\django\template\base.py", line 171, in render
    return self._render(context)
           ~~~~~~~~~~~~^^^^^^^^^
  File "C:\Users\user\Desktop\laba5\venv\Lib\site-packages\django\template\base.py", line 163, in _render
    return self.nodelist.render(context)
           ~~~~~~~~~~~~~~~~~~~~^^^^^^^^^
  File "C:\Users\user\Desktop\laba5\venv\Lib\site-packages\django\template\base.py", line 1000, in render
    return SafeString("".join([node.render_annotated(context) for node in self]))
                               ~~~~~~~~~~~~~~~~~~~~~^^^^^^^^^
  File "C:\Users\user\Desktop\laba5\venv\Lib\site-packages\django\template\base.py", line 961, in render_annotated
    return self.render(context)
           ~~~~~~~~~~~^^^^^^^^^
  File "C:\Users\user\Desktop\laba5\venv\Lib\site-packages\django\template\loader_tags.py", line 159, in render
    return compiled_parent._render(context)
           ~~~~~~~~~~~~~~~~~~~~~~~^^^^^^^^^
  File "C:\Users\user\Desktop\laba5\venv\Lib\site-packages\django\template\base.py", line 163, in _render
    return self.nodelist.render(context)
           ~~~~~~~~~~~~~~~~~~~~^^^^^^^^^
  File "C:\Users\user\Desktop\laba5\venv\Lib\site-packages\django\template\base.py", line 1000, in render
    return SafeString("".join([node.render_annotated(context) for node in self]))
                               ~~~~~~~~~~~~~~~~~~~~~^^^^^^^^^
  File "C:\Users\user\Desktop\laba5\venv\Lib\site-packages\django\template\base.py", line 961, in render_annotated
    return self.render(context)
           ~~~~~~~~~~~^^^^^^^^^
  File "C:\Users\user\Desktop\laba5\venv\Lib\site-packages\django\template\defaulttags.py", line 478, in render
    url = reverse(view_name, args=args, kwargs=kwargs, current_app=current_app)
  File "C:\Users\user\Desktop\laba5\venv\Lib\site-packages\django\urls\base.py", line 88, in reverse
    return resolver._reverse_with_prefix(view, prefix, *args, **kwargs)
           ~~~~~~~~~~~~~~~~~~~~~~~~~~~~~^^^^^^^^^^^^^^^^^^^^^^^^^^^^^^^
  File "C:\Users\user\Desktop\laba5\venv\Lib\site-packages\django\urls\resolvers.py", line 848, in _reverse_with_prefix
    raise NoReverseMatch(msg)
django.urls.exceptions.NoReverseMatch: Reverse for 'home' not found. 'home' is not a valid view function or pattern name.
ERROR 2025-05-28 19:16:41,866 basehttp 6856 15268 "GET /news/ HTTP/1.1" 500 143765
ERROR 2025-05-28 19:16:43,272 log 6856 15268 Internal Server Error: /news/
Traceback (most recent call last):
  File "C:\Users\user\Desktop\laba5\venv\Lib\site-packages\django\core\handlers\exception.py", line 55, in inner
    response = get_response(request)
  File "C:\Users\user\Desktop\laba5\venv\Lib\site-packages\django\core\handlers\base.py", line 197, in _get_response
    response = wrapped_callback(request, *callback_args, **callback_kwargs)
  File "C:\Users\user\Desktop\laba5\main\views.py", line 30, in news
    return render(request, 'main/news.html')
  File "C:\Users\user\Desktop\laba5\venv\Lib\site-packages\django\shortcuts.py", line 24, in render
    content = loader.render_to_string(template_name, context, request, using=using)
  File "C:\Users\user\Desktop\laba5\venv\Lib\site-packages\django\template\loader.py", line 62, in render_to_string
    return template.render(context, request)
           ~~~~~~~~~~~~~~~^^^^^^^^^^^^^^^^^^
  File "C:\Users\user\Desktop\laba5\venv\Lib\site-packages\django\template\backends\django.py", line 61, in render
    return self.template.render(context)
           ~~~~~~~~~~~~~~~~~~~~^^^^^^^^^
  File "C:\Users\user\Desktop\laba5\venv\Lib\site-packages\django\template\base.py", line 171, in render
    return self._render(context)
           ~~~~~~~~~~~~^^^^^^^^^
  File "C:\Users\user\Desktop\laba5\venv\Lib\site-packages\django\template\base.py", line 163, in _render
    return self.nodelist.render(context)
           ~~~~~~~~~~~~~~~~~~~~^^^^^^^^^
  File "C:\Users\user\Desktop\laba5\venv\Lib\site-packages\django\template\base.py", line 1000, in render
    return SafeString("".join([node.render_annotated(context) for node in self]))
                               ~~~~~~~~~~~~~~~~~~~~~^^^^^^^^^
  File "C:\Users\user\Desktop\laba5\venv\Lib\site-packages\django\template\base.py", line 961, in render_annotated
    return self.render(context)
           ~~~~~~~~~~~^^^^^^^^^
  File "C:\Users\user\Desktop\laba5\venv\Lib\site-packages\django\template\loader_tags.py", line 159, in render
    return compiled_parent._render(context)
           ~~~~~~~~~~~~~~~~~~~~~~~^^^^^^^^^
  File "C:\Users\user\Desktop\laba5\venv\Lib\site-packages\django\template\base.py", line 163, in _render
    return self.nodelist.render(context)
           ~~~~~~~~~~~~~~~~~~~~^^^^^^^^^
  File "C:\Users\user\Desktop\laba5\venv\Lib\site-packages\django\template\base.py", line 1000, in render
    return SafeString("".join([node.render_annotated(context) for node in self]))
                               ~~~~~~~~~~~~~~~~~~~~~^^^^^^^^^
  File "C:\Users\user\Desktop\laba5\venv\Lib\site-packages\django\template\base.py", line 961, in render_annotated
    return self.render(context)
           ~~~~~~~~~~~^^^^^^^^^
  File "C:\Users\user\Desktop\laba5\venv\Lib\site-packages\django\template\defaulttags.py", line 478, in render
    url = reverse(view_name, args=args, kwargs=kwargs, current_app=current_app)
  File "C:\Users\user\Desktop\laba5\venv\Lib\site-packages\django\urls\base.py", line 88, in reverse
    return resolver._reverse_with_prefix(view, prefix, *args, **kwargs)
           ~~~~~~~~~~~~~~~~~~~~~~~~~~~~~^^^^^^^^^^^^^^^^^^^^^^^^^^^^^^^
  File "C:\Users\user\Desktop\laba5\venv\Lib\site-packages\django\urls\resolvers.py", line 848, in _reverse_with_prefix
    raise NoReverseMatch(msg)
django.urls.exceptions.NoReverseMatch: Reverse for 'home' not found. 'home' is not a valid view function or pattern name.
ERROR 2025-05-28 19:16:43,274 basehttp 6856 15268 "GET /news/ HTTP/1.1" 500 143902
ERROR 2025-05-28 19:16:45,884 log 6856 15268 Internal Server Error: /drivers/list/
Traceback (most recent call last):
  File "C:\Users\user\Desktop\laba5\venv\Lib\site-packages\django\core\handlers\exception.py", line 55, in inner
    response = get_response(request)
  File "C:\Users\user\Desktop\laba5\venv\Lib\site-packages\django\core\handlers\base.py", line 197, in _get_response
    response = wrapped_callback(request, *callback_args, **callback_kwargs)
  File "C:\Users\user\Desktop\laba5\main\views.py", line 305, in driver_list
    return render(request, 'main/drivers/list.html', {
        'drivers': drivers
    })
  File "C:\Users\user\Desktop\laba5\venv\Lib\site-packages\django\shortcuts.py", line 24, in render
    content = loader.render_to_string(template_name, context, request, using=using)
  File "C:\Users\user\Desktop\laba5\venv\Lib\site-packages\django\template\loader.py", line 62, in render_to_string
    return template.render(context, request)
           ~~~~~~~~~~~~~~~^^^^^^^^^^^^^^^^^^
  File "C:\Users\user\Desktop\laba5\venv\Lib\site-packages\django\template\backends\django.py", line 61, in render
    return self.template.render(context)
           ~~~~~~~~~~~~~~~~~~~~^^^^^^^^^
  File "C:\Users\user\Desktop\laba5\venv\Lib\site-packages\django\template\base.py", line 171, in render
    return self._render(context)
           ~~~~~~~~~~~~^^^^^^^^^
  File "C:\Users\user\Desktop\laba5\venv\Lib\site-packages\django\template\base.py", line 163, in _render
    return self.nodelist.render(context)
           ~~~~~~~~~~~~~~~~~~~~^^^^^^^^^
  File "C:\Users\user\Desktop\laba5\venv\Lib\site-packages\django\template\base.py", line 1000, in render
    return SafeString("".join([node.render_annotated(context) for node in self]))
                               ~~~~~~~~~~~~~~~~~~~~~^^^^^^^^^
  File "C:\Users\user\Desktop\laba5\venv\Lib\site-packages\django\template\base.py", line 961, in render_annotated
    return self.render(context)
           ~~~~~~~~~~~^^^^^^^^^
  File "C:\Users\user\Desktop\laba5\venv\Lib\site-packages\django\template\loader_tags.py", line 159, in render
    return compiled_parent._render(context)
           ~~~~~~~~~~~~~~~~~~~~~~~^^^^^^^^^
  File "C:\Users\user\Desktop\laba5\venv\Lib\site-packages\django\template\base.py", line 163, in _render
    return self.nodelist.render(context)
           ~~~~~~~~~~~~~~~~~~~~^^^^^^^^^
  File "C:\Users\user\Desktop\laba5\venv\Lib\site-packages\django\template\base.py", line 1000, in render
    return SafeString("".join([node.render_annotated(context) for node in self]))
                               ~~~~~~~~~~~~~~~~~~~~~^^^^^^^^^
  File "C:\Users\user\Desktop\laba5\venv\Lib\site-packages\django\template\base.py", line 961, in render_annotated
    return self.render(context)
           ~~~~~~~~~~~^^^^^^^^^
  File "C:\Users\user\Desktop\laba5\venv\Lib\site-packages\django\template\defaulttags.py", line 478, in render
    url = reverse(view_name, args=args, kwargs=kwargs, current_app=current_app)
  File "C:\Users\user\Desktop\laba5\venv\Lib\site-packages\django\urls\base.py", line 88, in reverse
    return resolver._reverse_with_prefix(view, prefix, *args, **kwargs)
           ~~~~~~~~~~~~~~~~~~~~~~~~~~~~~^^^^^^^^^^^^^^^^^^^^^^^^^^^^^^^
  File "C:\Users\user\Desktop\laba5\venv\Lib\site-packages\django\urls\resolvers.py", line 848, in _reverse_with_prefix
    raise NoReverseMatch(msg)
django.urls.exceptions.NoReverseMatch: Reverse for 'home' not found. 'home' is not a valid view function or pattern name.
ERROR 2025-05-28 19:16:45,887 basehttp 6856 15268 "GET /drivers/list/ HTTP/1.1" 500 154613
ERROR 2025-05-28 19:16:48,161 log 6856 15268 Internal Server Error: /contacts/
Traceback (most recent call last):
  File "C:\Users\user\Desktop\laba5\venv\Lib\site-packages\django\core\handlers\exception.py", line 55, in inner
    response = get_response(request)
  File "C:\Users\user\Desktop\laba5\venv\Lib\site-packages\django\core\handlers\base.py", line 197, in _get_response
    response = wrapped_callback(request, *callback_args, **callback_kwargs)
  File "C:\Users\user\Desktop\laba5\main\views.py", line 38, in contacts
    return render(request, 'main/contacts.html')
  File "C:\Users\user\Desktop\laba5\venv\Lib\site-packages\django\shortcuts.py", line 24, in render
    content = loader.render_to_string(template_name, context, request, using=using)
  File "C:\Users\user\Desktop\laba5\venv\Lib\site-packages\django\template\loader.py", line 62, in render_to_string
    return template.render(context, request)
           ~~~~~~~~~~~~~~~^^^^^^^^^^^^^^^^^^
  File "C:\Users\user\Desktop\laba5\venv\Lib\site-packages\django\template\backends\django.py", line 61, in render
    return self.template.render(context)
           ~~~~~~~~~~~~~~~~~~~~^^^^^^^^^
  File "C:\Users\user\Desktop\laba5\venv\Lib\site-packages\django\template\base.py", line 171, in render
    return self._render(context)
           ~~~~~~~~~~~~^^^^^^^^^
  File "C:\Users\user\Desktop\laba5\venv\Lib\site-packages\django\template\base.py", line 163, in _render
    return self.nodelist.render(context)
           ~~~~~~~~~~~~~~~~~~~~^^^^^^^^^
  File "C:\Users\user\Desktop\laba5\venv\Lib\site-packages\django\template\base.py", line 1000, in render
    return SafeString("".join([node.render_annotated(context) for node in self]))
                               ~~~~~~~~~~~~~~~~~~~~~^^^^^^^^^
  File "C:\Users\user\Desktop\laba5\venv\Lib\site-packages\django\template\base.py", line 961, in render_annotated
    return self.render(context)
           ~~~~~~~~~~~^^^^^^^^^
  File "C:\Users\user\Desktop\laba5\venv\Lib\site-packages\django\template\loader_tags.py", line 159, in render
    return compiled_parent._render(context)
           ~~~~~~~~~~~~~~~~~~~~~~~^^^^^^^^^
  File "C:\Users\user\Desktop\laba5\venv\Lib\site-packages\django\template\base.py", line 163, in _render
    return self.nodelist.render(context)
           ~~~~~~~~~~~~~~~~~~~~^^^^^^^^^
  File "C:\Users\user\Desktop\laba5\venv\Lib\site-packages\django\template\base.py", line 1000, in render
    return SafeString("".join([node.render_annotated(context) for node in self]))
                               ~~~~~~~~~~~~~~~~~~~~~^^^^^^^^^
  File "C:\Users\user\Desktop\laba5\venv\Lib\site-packages\django\template\base.py", line 961, in render_annotated
    return self.render(context)
           ~~~~~~~~~~~^^^^^^^^^
  File "C:\Users\user\Desktop\laba5\venv\Lib\site-packages\django\template\defaulttags.py", line 478, in render
    url = reverse(view_name, args=args, kwargs=kwargs, current_app=current_app)
  File "C:\Users\user\Desktop\laba5\venv\Lib\site-packages\django\urls\base.py", line 88, in reverse
    return resolver._reverse_with_prefix(view, prefix, *args, **kwargs)
           ~~~~~~~~~~~~~~~~~~~~~~~~~~~~~^^^^^^^^^^^^^^^^^^^^^^^^^^^^^^^
  File "C:\Users\user\Desktop\laba5\venv\Lib\site-packages\django\urls\resolvers.py", line 848, in _reverse_with_prefix
    raise NoReverseMatch(msg)
django.urls.exceptions.NoReverseMatch: Reverse for 'home' not found. 'home' is not a valid view function or pattern name.
ERROR 2025-05-28 19:16:48,165 basehttp 6856 15268 "GET /contacts/ HTTP/1.1" 500 144021
ERROR 2025-05-28 19:16:58,014 log 6856 15268 Internal Server Error: /vehicles/
Traceback (most recent call last):
  File "C:\Users\user\Desktop\laba5\venv\Lib\site-packages\django\core\handlers\exception.py", line 55, in inner
    response = get_response(request)
  File "C:\Users\user\Desktop\laba5\venv\Lib\site-packages\django\core\handlers\base.py", line 197, in _get_response
    response = wrapped_callback(request, *callback_args, **callback_kwargs)
  File "C:\Users\user\Desktop\laba5\main\views.py", line 289, in vehicle_list
    return render(request, 'main/vehicles/list.html', {
        'vehicles': vehicles,
        'vehicle_types': vehicle_types,
        'body_types': body_types
    })
  File "C:\Users\user\Desktop\laba5\venv\Lib\site-packages\django\shortcuts.py", line 24, in render
    content = loader.render_to_string(template_name, context, request, using=using)
  File "C:\Users\user\Desktop\laba5\venv\Lib\site-packages\django\template\loader.py", line 62, in render_to_string
    return template.render(context, request)
           ~~~~~~~~~~~~~~~^^^^^^^^^^^^^^^^^^
  File "C:\Users\user\Desktop\laba5\venv\Lib\site-packages\django\template\backends\django.py", line 61, in render
    return self.template.render(context)
           ~~~~~~~~~~~~~~~~~~~~^^^^^^^^^
  File "C:\Users\user\Desktop\laba5\venv\Lib\site-packages\django\template\base.py", line 171, in render
    return self._render(context)
           ~~~~~~~~~~~~^^^^^^^^^
  File "C:\Users\user\Desktop\laba5\venv\Lib\site-packages\django\template\base.py", line 163, in _render
    return self.nodelist.render(context)
           ~~~~~~~~~~~~~~~~~~~~^^^^^^^^^
  File "C:\Users\user\Desktop\laba5\venv\Lib\site-packages\django\template\base.py", line 1000, in render
    return SafeString("".join([node.render_annotated(context) for node in self]))
                               ~~~~~~~~~~~~~~~~~~~~~^^^^^^^^^
  File "C:\Users\user\Desktop\laba5\venv\Lib\site-packages\django\template\base.py", line 961, in render_annotated
    return self.render(context)
           ~~~~~~~~~~~^^^^^^^^^
  File "C:\Users\user\Desktop\laba5\venv\Lib\site-packages\django\template\loader_tags.py", line 159, in render
    return compiled_parent._render(context)
           ~~~~~~~~~~~~~~~~~~~~~~~^^^^^^^^^
  File "C:\Users\user\Desktop\laba5\venv\Lib\site-packages\django\template\base.py", line 163, in _render
    return self.nodelist.render(context)
           ~~~~~~~~~~~~~~~~~~~~^^^^^^^^^
  File "C:\Users\user\Desktop\laba5\venv\Lib\site-packages\django\template\base.py", line 1000, in render
    return SafeString("".join([node.render_annotated(context) for node in self]))
                               ~~~~~~~~~~~~~~~~~~~~~^^^^^^^^^
  File "C:\Users\user\Desktop\laba5\venv\Lib\site-packages\django\template\base.py", line 961, in render_annotated
    return self.render(context)
           ~~~~~~~~~~~^^^^^^^^^
  File "C:\Users\user\Desktop\laba5\venv\Lib\site-packages\django\template\defaulttags.py", line 478, in render
    url = reverse(view_name, args=args, kwargs=kwargs, current_app=current_app)
  File "C:\Users\user\Desktop\laba5\venv\Lib\site-packages\django\urls\base.py", line 88, in reverse
    return resolver._reverse_with_prefix(view, prefix, *args, **kwargs)
           ~~~~~~~~~~~~~~~~~~~~~~~~~~~~~^^^^^^^^^^^^^^^^^^^^^^^^^^^^^^^
  File "C:\Users\user\Desktop\laba5\venv\Lib\site-packages\django\urls\resolvers.py", line 848, in _reverse_with_prefix
    raise NoReverseMatch(msg)
django.urls.exceptions.NoReverseMatch: Reverse for 'home' not found. 'home' is not a valid view function or pattern name.
ERROR 2025-05-28 19:16:58,017 basehttp 6856 15268 "GET /vehicles/ HTTP/1.1" 500 155988
ERROR 2025-05-28 19:17:06,095 log 6856 15268 Internal Server Error: /about/
Traceback (most recent call last):
  File "C:\Users\user\Desktop\laba5\venv\Lib\site-packages\django\core\handlers\exception.py", line 55, in inner
    response = get_response(request)
  File "C:\Users\user\Desktop\laba5\venv\Lib\site-packages\django\core\handlers\base.py", line 197, in _get_response
    response = wrapped_callback(request, *callback_args, **callback_kwargs)
  File "C:\Users\user\Desktop\laba5\main\views.py", line 26, in about
    return render(request, 'main/about.html')
  File "C:\Users\user\Desktop\laba5\venv\Lib\site-packages\django\shortcuts.py", line 24, in render
    content = loader.render_to_string(template_name, context, request, using=using)
  File "C:\Users\user\Desktop\laba5\venv\Lib\site-packages\django\template\loader.py", line 62, in render_to_string
    return template.render(context, request)
           ~~~~~~~~~~~~~~~^^^^^^^^^^^^^^^^^^
  File "C:\Users\user\Desktop\laba5\venv\Lib\site-packages\django\template\backends\django.py", line 61, in render
    return self.template.render(context)
           ~~~~~~~~~~~~~~~~~~~~^^^^^^^^^
  File "C:\Users\user\Desktop\laba5\venv\Lib\site-packages\django\template\base.py", line 171, in render
    return self._render(context)
           ~~~~~~~~~~~~^^^^^^^^^
  File "C:\Users\user\Desktop\laba5\venv\Lib\site-packages\django\template\base.py", line 163, in _render
    return self.nodelist.render(context)
           ~~~~~~~~~~~~~~~~~~~~^^^^^^^^^
  File "C:\Users\user\Desktop\laba5\venv\Lib\site-packages\django\template\base.py", line 1000, in render
    return SafeString("".join([node.render_annotated(context) for node in self]))
                               ~~~~~~~~~~~~~~~~~~~~~^^^^^^^^^
  File "C:\Users\user\Desktop\laba5\venv\Lib\site-packages\django\template\base.py", line 961, in render_annotated
    return self.render(context)
           ~~~~~~~~~~~^^^^^^^^^
  File "C:\Users\user\Desktop\laba5\venv\Lib\site-packages\django\template\loader_tags.py", line 159, in render
    return compiled_parent._render(context)
           ~~~~~~~~~~~~~~~~~~~~~~~^^^^^^^^^
  File "C:\Users\user\Desktop\laba5\venv\Lib\site-packages\django\template\base.py", line 163, in _render
    return self.nodelist.render(context)
           ~~~~~~~~~~~~~~~~~~~~^^^^^^^^^
  File "C:\Users\user\Desktop\laba5\venv\Lib\site-packages\django\template\base.py", line 1000, in render
    return SafeString("".join([node.render_annotated(context) for node in self]))
                               ~~~~~~~~~~~~~~~~~~~~~^^^^^^^^^
  File "C:\Users\user\Desktop\laba5\venv\Lib\site-packages\django\template\base.py", line 961, in render_annotated
    return self.render(context)
           ~~~~~~~~~~~^^^^^^^^^
  File "C:\Users\user\Desktop\laba5\venv\Lib\site-packages\django\template\defaulttags.py", line 478, in render
    url = reverse(view_name, args=args, kwargs=kwargs, current_app=current_app)
  File "C:\Users\user\Desktop\laba5\venv\Lib\site-packages\django\urls\base.py", line 88, in reverse
    return resolver._reverse_with_prefix(view, prefix, *args, **kwargs)
           ~~~~~~~~~~~~~~~~~~~~~~~~~~~~~^^^^^^^^^^^^^^^^^^^^^^^^^^^^^^^
  File "C:\Users\user\Desktop\laba5\venv\Lib\site-packages\django\urls\resolvers.py", line 848, in _reverse_with_prefix
    raise NoReverseMatch(msg)
django.urls.exceptions.NoReverseMatch: Reverse for 'home' not found. 'home' is not a valid view function or pattern name.
ERROR 2025-05-28 19:17:06,097 basehttp 6856 15268 "GET /about/ HTTP/1.1" 500 143936
ERROR 2025-05-28 19:17:17,495 log 6856 15268 Internal Server Error: /vehicles/
Traceback (most recent call last):
  File "C:\Users\user\Desktop\laba5\venv\Lib\site-packages\django\core\handlers\exception.py", line 55, in inner
    response = get_response(request)
  File "C:\Users\user\Desktop\laba5\venv\Lib\site-packages\django\core\handlers\base.py", line 197, in _get_response
    response = wrapped_callback(request, *callback_args, **callback_kwargs)
  File "C:\Users\user\Desktop\laba5\main\views.py", line 289, in vehicle_list
    return render(request, 'main/vehicles/list.html', {
        'vehicles': vehicles,
        'vehicle_types': vehicle_types,
        'body_types': body_types
    })
  File "C:\Users\user\Desktop\laba5\venv\Lib\site-packages\django\shortcuts.py", line 24, in render
    content = loader.render_to_string(template_name, context, request, using=using)
  File "C:\Users\user\Desktop\laba5\venv\Lib\site-packages\django\template\loader.py", line 62, in render_to_string
    return template.render(context, request)
           ~~~~~~~~~~~~~~~^^^^^^^^^^^^^^^^^^
  File "C:\Users\user\Desktop\laba5\venv\Lib\site-packages\django\template\backends\django.py", line 61, in render
    return self.template.render(context)
           ~~~~~~~~~~~~~~~~~~~~^^^^^^^^^
  File "C:\Users\user\Desktop\laba5\venv\Lib\site-packages\django\template\base.py", line 171, in render
    return self._render(context)
           ~~~~~~~~~~~~^^^^^^^^^
  File "C:\Users\user\Desktop\laba5\venv\Lib\site-packages\django\template\base.py", line 163, in _render
    return self.nodelist.render(context)
           ~~~~~~~~~~~~~~~~~~~~^^^^^^^^^
  File "C:\Users\user\Desktop\laba5\venv\Lib\site-packages\django\template\base.py", line 1000, in render
    return SafeString("".join([node.render_annotated(context) for node in self]))
                               ~~~~~~~~~~~~~~~~~~~~~^^^^^^^^^
  File "C:\Users\user\Desktop\laba5\venv\Lib\site-packages\django\template\base.py", line 961, in render_annotated
    return self.render(context)
           ~~~~~~~~~~~^^^^^^^^^
  File "C:\Users\user\Desktop\laba5\venv\Lib\site-packages\django\template\loader_tags.py", line 159, in render
    return compiled_parent._render(context)
           ~~~~~~~~~~~~~~~~~~~~~~~^^^^^^^^^
  File "C:\Users\user\Desktop\laba5\venv\Lib\site-packages\django\template\base.py", line 163, in _render
    return self.nodelist.render(context)
           ~~~~~~~~~~~~~~~~~~~~^^^^^^^^^
  File "C:\Users\user\Desktop\laba5\venv\Lib\site-packages\django\template\base.py", line 1000, in render
    return SafeString("".join([node.render_annotated(context) for node in self]))
                               ~~~~~~~~~~~~~~~~~~~~~^^^^^^^^^
  File "C:\Users\user\Desktop\laba5\venv\Lib\site-packages\django\template\base.py", line 961, in render_annotated
    return self.render(context)
           ~~~~~~~~~~~^^^^^^^^^
  File "C:\Users\user\Desktop\laba5\venv\Lib\site-packages\django\template\defaulttags.py", line 478, in render
    url = reverse(view_name, args=args, kwargs=kwargs, current_app=current_app)
  File "C:\Users\user\Desktop\laba5\venv\Lib\site-packages\django\urls\base.py", line 88, in reverse
    return resolver._reverse_with_prefix(view, prefix, *args, **kwargs)
           ~~~~~~~~~~~~~~~~~~~~~~~~~~~~~^^^^^^^^^^^^^^^^^^^^^^^^^^^^^^^
  File "C:\Users\user\Desktop\laba5\venv\Lib\site-packages\django\urls\resolvers.py", line 848, in _reverse_with_prefix
    raise NoReverseMatch(msg)
django.urls.exceptions.NoReverseMatch: Reverse for 'home' not found. 'home' is not a valid view function or pattern name.
ERROR 2025-05-28 19:17:17,497 basehttp 6856 15268 "GET /vehicles/ HTTP/1.1" 500 155988
ERROR 2025-05-28 19:17:28,224 log 6856 15268 Internal Server Error: /news/
Traceback (most recent call last):
  File "C:\Users\user\Desktop\laba5\venv\Lib\site-packages\django\core\handlers\exception.py", line 55, in inner
    response = get_response(request)
  File "C:\Users\user\Desktop\laba5\venv\Lib\site-packages\django\core\handlers\base.py", line 197, in _get_response
    response = wrapped_callback(request, *callback_args, **callback_kwargs)
  File "C:\Users\user\Desktop\laba5\main\views.py", line 30, in news
    return render(request, 'main/news.html')
  File "C:\Users\user\Desktop\laba5\venv\Lib\site-packages\django\shortcuts.py", line 24, in render
    content = loader.render_to_string(template_name, context, request, using=using)
  File "C:\Users\user\Desktop\laba5\venv\Lib\site-packages\django\template\loader.py", line 62, in render_to_string
    return template.render(context, request)
           ~~~~~~~~~~~~~~~^^^^^^^^^^^^^^^^^^
  File "C:\Users\user\Desktop\laba5\venv\Lib\site-packages\django\template\backends\django.py", line 61, in render
    return self.template.render(context)
           ~~~~~~~~~~~~~~~~~~~~^^^^^^^^^
  File "C:\Users\user\Desktop\laba5\venv\Lib\site-packages\django\template\base.py", line 171, in render
    return self._render(context)
           ~~~~~~~~~~~~^^^^^^^^^
  File "C:\Users\user\Desktop\laba5\venv\Lib\site-packages\django\template\base.py", line 163, in _render
    return self.nodelist.render(context)
           ~~~~~~~~~~~~~~~~~~~~^^^^^^^^^
  File "C:\Users\user\Desktop\laba5\venv\Lib\site-packages\django\template\base.py", line 1000, in render
    return SafeString("".join([node.render_annotated(context) for node in self]))
                               ~~~~~~~~~~~~~~~~~~~~~^^^^^^^^^
  File "C:\Users\user\Desktop\laba5\venv\Lib\site-packages\django\template\base.py", line 961, in render_annotated
    return self.render(context)
           ~~~~~~~~~~~^^^^^^^^^
  File "C:\Users\user\Desktop\laba5\venv\Lib\site-packages\django\template\loader_tags.py", line 159, in render
    return compiled_parent._render(context)
           ~~~~~~~~~~~~~~~~~~~~~~~^^^^^^^^^
  File "C:\Users\user\Desktop\laba5\venv\Lib\site-packages\django\template\base.py", line 163, in _render
    return self.nodelist.render(context)
           ~~~~~~~~~~~~~~~~~~~~^^^^^^^^^
  File "C:\Users\user\Desktop\laba5\venv\Lib\site-packages\django\template\base.py", line 1000, in render
    return SafeString("".join([node.render_annotated(context) for node in self]))
                               ~~~~~~~~~~~~~~~~~~~~~^^^^^^^^^
  File "C:\Users\user\Desktop\laba5\venv\Lib\site-packages\django\template\base.py", line 961, in render_annotated
    return self.render(context)
           ~~~~~~~~~~~^^^^^^^^^
  File "C:\Users\user\Desktop\laba5\venv\Lib\site-packages\django\template\defaulttags.py", line 478, in render
    url = reverse(view_name, args=args, kwargs=kwargs, current_app=current_app)
  File "C:\Users\user\Desktop\laba5\venv\Lib\site-packages\django\urls\base.py", line 88, in reverse
    return resolver._reverse_with_prefix(view, prefix, *args, **kwargs)
           ~~~~~~~~~~~~~~~~~~~~~~~~~~~~~^^^^^^^^^^^^^^^^^^^^^^^^^^^^^^^
  File "C:\Users\user\Desktop\laba5\venv\Lib\site-packages\django\urls\resolvers.py", line 848, in _reverse_with_prefix
    raise NoReverseMatch(msg)
django.urls.exceptions.NoReverseMatch: Reverse for 'home' not found. 'home' is not a valid view function or pattern name.
ERROR 2025-05-28 19:17:28,227 basehttp 6856 15268 "GET /news/ HTTP/1.1" 500 143767
ERROR 2025-05-28 19:17:37,644 log 6856 15268 Internal Server Error: /drivers/list/
Traceback (most recent call last):
  File "C:\Users\user\Desktop\laba5\venv\Lib\site-packages\django\core\handlers\exception.py", line 55, in inner
    response = get_response(request)
  File "C:\Users\user\Desktop\laba5\venv\Lib\site-packages\django\core\handlers\base.py", line 197, in _get_response
    response = wrapped_callback(request, *callback_args, **callback_kwargs)
  File "C:\Users\user\Desktop\laba5\main\views.py", line 305, in driver_list
    return render(request, 'main/drivers/list.html', {
        'drivers': drivers
    })
  File "C:\Users\user\Desktop\laba5\venv\Lib\site-packages\django\shortcuts.py", line 24, in render
    content = loader.render_to_string(template_name, context, request, using=using)
  File "C:\Users\user\Desktop\laba5\venv\Lib\site-packages\django\template\loader.py", line 62, in render_to_string
    return template.render(context, request)
           ~~~~~~~~~~~~~~~^^^^^^^^^^^^^^^^^^
  File "C:\Users\user\Desktop\laba5\venv\Lib\site-packages\django\template\backends\django.py", line 61, in render
    return self.template.render(context)
           ~~~~~~~~~~~~~~~~~~~~^^^^^^^^^
  File "C:\Users\user\Desktop\laba5\venv\Lib\site-packages\django\template\base.py", line 171, in render
    return self._render(context)
           ~~~~~~~~~~~~^^^^^^^^^
  File "C:\Users\user\Desktop\laba5\venv\Lib\site-packages\django\template\base.py", line 163, in _render
    return self.nodelist.render(context)
           ~~~~~~~~~~~~~~~~~~~~^^^^^^^^^
  File "C:\Users\user\Desktop\laba5\venv\Lib\site-packages\django\template\base.py", line 1000, in render
    return SafeString("".join([node.render_annotated(context) for node in self]))
                               ~~~~~~~~~~~~~~~~~~~~~^^^^^^^^^
  File "C:\Users\user\Desktop\laba5\venv\Lib\site-packages\django\template\base.py", line 961, in render_annotated
    return self.render(context)
           ~~~~~~~~~~~^^^^^^^^^
  File "C:\Users\user\Desktop\laba5\venv\Lib\site-packages\django\template\loader_tags.py", line 159, in render
    return compiled_parent._render(context)
           ~~~~~~~~~~~~~~~~~~~~~~~^^^^^^^^^
  File "C:\Users\user\Desktop\laba5\venv\Lib\site-packages\django\template\base.py", line 163, in _render
    return self.nodelist.render(context)
           ~~~~~~~~~~~~~~~~~~~~^^^^^^^^^
  File "C:\Users\user\Desktop\laba5\venv\Lib\site-packages\django\template\base.py", line 1000, in render
    return SafeString("".join([node.render_annotated(context) for node in self]))
                               ~~~~~~~~~~~~~~~~~~~~~^^^^^^^^^
  File "C:\Users\user\Desktop\laba5\venv\Lib\site-packages\django\template\base.py", line 961, in render_annotated
    return self.render(context)
           ~~~~~~~~~~~^^^^^^^^^
  File "C:\Users\user\Desktop\laba5\venv\Lib\site-packages\django\template\defaulttags.py", line 478, in render
    url = reverse(view_name, args=args, kwargs=kwargs, current_app=current_app)
  File "C:\Users\user\Desktop\laba5\venv\Lib\site-packages\django\urls\base.py", line 88, in reverse
    return resolver._reverse_with_prefix(view, prefix, *args, **kwargs)
           ~~~~~~~~~~~~~~~~~~~~~~~~~~~~~^^^^^^^^^^^^^^^^^^^^^^^^^^^^^^^
  File "C:\Users\user\Desktop\laba5\venv\Lib\site-packages\django\urls\resolvers.py", line 848, in _reverse_with_prefix
    raise NoReverseMatch(msg)
django.urls.exceptions.NoReverseMatch: Reverse for 'home' not found. 'home' is not a valid view function or pattern name.
ERROR 2025-05-28 19:17:37,646 basehttp 6856 15268 "GET /drivers/list/ HTTP/1.1" 500 154615
ERROR 2025-05-28 19:17:47,152 log 6856 15268 Internal Server Error: /drivers/list/
Traceback (most recent call last):
  File "C:\Users\user\Desktop\laba5\venv\Lib\site-packages\django\core\handlers\exception.py", line 55, in inner
    response = get_response(request)
  File "C:\Users\user\Desktop\laba5\venv\Lib\site-packages\django\core\handlers\base.py", line 197, in _get_response
    response = wrapped_callback(request, *callback_args, **callback_kwargs)
  File "C:\Users\user\Desktop\laba5\main\views.py", line 305, in driver_list
    return render(request, 'main/drivers/list.html', {
        'drivers': drivers
    })
  File "C:\Users\user\Desktop\laba5\venv\Lib\site-packages\django\shortcuts.py", line 24, in render
    content = loader.render_to_string(template_name, context, request, using=using)
  File "C:\Users\user\Desktop\laba5\venv\Lib\site-packages\django\template\loader.py", line 62, in render_to_string
    return template.render(context, request)
           ~~~~~~~~~~~~~~~^^^^^^^^^^^^^^^^^^
  File "C:\Users\user\Desktop\laba5\venv\Lib\site-packages\django\template\backends\django.py", line 61, in render
    return self.template.render(context)
           ~~~~~~~~~~~~~~~~~~~~^^^^^^^^^
  File "C:\Users\user\Desktop\laba5\venv\Lib\site-packages\django\template\base.py", line 171, in render
    return self._render(context)
           ~~~~~~~~~~~~^^^^^^^^^
  File "C:\Users\user\Desktop\laba5\venv\Lib\site-packages\django\template\base.py", line 163, in _render
    return self.nodelist.render(context)
           ~~~~~~~~~~~~~~~~~~~~^^^^^^^^^
  File "C:\Users\user\Desktop\laba5\venv\Lib\site-packages\django\template\base.py", line 1000, in render
    return SafeString("".join([node.render_annotated(context) for node in self]))
                               ~~~~~~~~~~~~~~~~~~~~~^^^^^^^^^
  File "C:\Users\user\Desktop\laba5\venv\Lib\site-packages\django\template\base.py", line 961, in render_annotated
    return self.render(context)
           ~~~~~~~~~~~^^^^^^^^^
  File "C:\Users\user\Desktop\laba5\venv\Lib\site-packages\django\template\loader_tags.py", line 159, in render
    return compiled_parent._render(context)
           ~~~~~~~~~~~~~~~~~~~~~~~^^^^^^^^^
  File "C:\Users\user\Desktop\laba5\venv\Lib\site-packages\django\template\base.py", line 163, in _render
    return self.nodelist.render(context)
           ~~~~~~~~~~~~~~~~~~~~^^^^^^^^^
  File "C:\Users\user\Desktop\laba5\venv\Lib\site-packages\django\template\base.py", line 1000, in render
    return SafeString("".join([node.render_annotated(context) for node in self]))
                               ~~~~~~~~~~~~~~~~~~~~~^^^^^^^^^
  File "C:\Users\user\Desktop\laba5\venv\Lib\site-packages\django\template\base.py", line 961, in render_annotated
    return self.render(context)
           ~~~~~~~~~~~^^^^^^^^^
  File "C:\Users\user\Desktop\laba5\venv\Lib\site-packages\django\template\defaulttags.py", line 478, in render
    url = reverse(view_name, args=args, kwargs=kwargs, current_app=current_app)
  File "C:\Users\user\Desktop\laba5\venv\Lib\site-packages\django\urls\base.py", line 88, in reverse
    return resolver._reverse_with_prefix(view, prefix, *args, **kwargs)
           ~~~~~~~~~~~~~~~~~~~~~~~~~~~~~^^^^^^^^^^^^^^^^^^^^^^^^^^^^^^^
  File "C:\Users\user\Desktop\laba5\venv\Lib\site-packages\django\urls\resolvers.py", line 848, in _reverse_with_prefix
    raise NoReverseMatch(msg)
django.urls.exceptions.NoReverseMatch: Reverse for 'home' not found. 'home' is not a valid view function or pattern name.
ERROR 2025-05-28 19:17:47,155 basehttp 6856 15268 "GET /drivers/list/ HTTP/1.1" 500 154615
ERROR 2025-05-28 19:17:51,483 log 6856 15268 Internal Server Error: /contacts/
Traceback (most recent call last):
  File "C:\Users\user\Desktop\laba5\venv\Lib\site-packages\django\core\handlers\exception.py", line 55, in inner
    response = get_response(request)
  File "C:\Users\user\Desktop\laba5\venv\Lib\site-packages\django\core\handlers\base.py", line 197, in _get_response
    response = wrapped_callback(request, *callback_args, **callback_kwargs)
  File "C:\Users\user\Desktop\laba5\main\views.py", line 38, in contacts
    return render(request, 'main/contacts.html')
  File "C:\Users\user\Desktop\laba5\venv\Lib\site-packages\django\shortcuts.py", line 24, in render
    content = loader.render_to_string(template_name, context, request, using=using)
  File "C:\Users\user\Desktop\laba5\venv\Lib\site-packages\django\template\loader.py", line 62, in render_to_string
    return template.render(context, request)
           ~~~~~~~~~~~~~~~^^^^^^^^^^^^^^^^^^
  File "C:\Users\user\Desktop\laba5\venv\Lib\site-packages\django\template\backends\django.py", line 61, in render
    return self.template.render(context)
           ~~~~~~~~~~~~~~~~~~~~^^^^^^^^^
  File "C:\Users\user\Desktop\laba5\venv\Lib\site-packages\django\template\base.py", line 171, in render
    return self._render(context)
           ~~~~~~~~~~~~^^^^^^^^^
  File "C:\Users\user\Desktop\laba5\venv\Lib\site-packages\django\template\base.py", line 163, in _render
    return self.nodelist.render(context)
           ~~~~~~~~~~~~~~~~~~~~^^^^^^^^^
  File "C:\Users\user\Desktop\laba5\venv\Lib\site-packages\django\template\base.py", line 1000, in render
    return SafeString("".join([node.render_annotated(context) for node in self]))
                               ~~~~~~~~~~~~~~~~~~~~~^^^^^^^^^
  File "C:\Users\user\Desktop\laba5\venv\Lib\site-packages\django\template\base.py", line 961, in render_annotated
    return self.render(context)
           ~~~~~~~~~~~^^^^^^^^^
  File "C:\Users\user\Desktop\laba5\venv\Lib\site-packages\django\template\loader_tags.py", line 159, in render
    return compiled_parent._render(context)
           ~~~~~~~~~~~~~~~~~~~~~~~^^^^^^^^^
  File "C:\Users\user\Desktop\laba5\venv\Lib\site-packages\django\template\base.py", line 163, in _render
    return self.nodelist.render(context)
           ~~~~~~~~~~~~~~~~~~~~^^^^^^^^^
  File "C:\Users\user\Desktop\laba5\venv\Lib\site-packages\django\template\base.py", line 1000, in render
    return SafeString("".join([node.render_annotated(context) for node in self]))
                               ~~~~~~~~~~~~~~~~~~~~~^^^^^^^^^
  File "C:\Users\user\Desktop\laba5\venv\Lib\site-packages\django\template\base.py", line 961, in render_annotated
    return self.render(context)
           ~~~~~~~~~~~^^^^^^^^^
  File "C:\Users\user\Desktop\laba5\venv\Lib\site-packages\django\template\defaulttags.py", line 478, in render
    url = reverse(view_name, args=args, kwargs=kwargs, current_app=current_app)
  File "C:\Users\user\Desktop\laba5\venv\Lib\site-packages\django\urls\base.py", line 88, in reverse
    return resolver._reverse_with_prefix(view, prefix, *args, **kwargs)
           ~~~~~~~~~~~~~~~~~~~~~~~~~~~~~^^^^^^^^^^^^^^^^^^^^^^^^^^^^^^^
  File "C:\Users\user\Desktop\laba5\venv\Lib\site-packages\django\urls\resolvers.py", line 848, in _reverse_with_prefix
    raise NoReverseMatch(msg)
django.urls.exceptions.NoReverseMatch: Reverse for 'home' not found. 'home' is not a valid view function or pattern name.
ERROR 2025-05-28 19:17:51,486 basehttp 6856 15268 "GET /contacts/ HTTP/1.1" 500 144023
ERROR 2025-05-28 19:17:59,726 log 6856 15268 Internal Server Error: /reviews/
Traceback (most recent call last):
  File "C:\Users\user\Desktop\laba5\venv\Lib\site-packages\django\core\handlers\exception.py", line 55, in inner
    response = get_response(request)
  File "C:\Users\user\Desktop\laba5\venv\Lib\site-packages\django\core\handlers\base.py", line 197, in _get_response
    response = wrapped_callback(request, *callback_args, **callback_kwargs)
  File "C:\Users\user\Desktop\laba5\main\views.py", line 53, in reviews
    return render(request, 'main/reviews/list.html', {
        'reviews': reviews,
        'average_rating': average_rating
    })
  File "C:\Users\user\Desktop\laba5\venv\Lib\site-packages\django\shortcuts.py", line 24, in render
    content = loader.render_to_string(template_name, context, request, using=using)
  File "C:\Users\user\Desktop\laba5\venv\Lib\site-packages\django\template\loader.py", line 62, in render_to_string
    return template.render(context, request)
           ~~~~~~~~~~~~~~~^^^^^^^^^^^^^^^^^^
  File "C:\Users\user\Desktop\laba5\venv\Lib\site-packages\django\template\backends\django.py", line 61, in render
    return self.template.render(context)
           ~~~~~~~~~~~~~~~~~~~~^^^^^^^^^
  File "C:\Users\user\Desktop\laba5\venv\Lib\site-packages\django\template\base.py", line 171, in render
    return self._render(context)
           ~~~~~~~~~~~~^^^^^^^^^
  File "C:\Users\user\Desktop\laba5\venv\Lib\site-packages\django\template\base.py", line 163, in _render
    return self.nodelist.render(context)
           ~~~~~~~~~~~~~~~~~~~~^^^^^^^^^
  File "C:\Users\user\Desktop\laba5\venv\Lib\site-packages\django\template\base.py", line 1000, in render
    return SafeString("".join([node.render_annotated(context) for node in self]))
                               ~~~~~~~~~~~~~~~~~~~~~^^^^^^^^^
  File "C:\Users\user\Desktop\laba5\venv\Lib\site-packages\django\template\base.py", line 961, in render_annotated
    return self.render(context)
           ~~~~~~~~~~~^^^^^^^^^
  File "C:\Users\user\Desktop\laba5\venv\Lib\site-packages\django\template\loader_tags.py", line 159, in render
    return compiled_parent._render(context)
           ~~~~~~~~~~~~~~~~~~~~~~~^^^^^^^^^
  File "C:\Users\user\Desktop\laba5\venv\Lib\site-packages\django\template\base.py", line 163, in _render
    return self.nodelist.render(context)
           ~~~~~~~~~~~~~~~~~~~~^^^^^^^^^
  File "C:\Users\user\Desktop\laba5\venv\Lib\site-packages\django\template\base.py", line 1000, in render
    return SafeString("".join([node.render_annotated(context) for node in self]))
                               ~~~~~~~~~~~~~~~~~~~~~^^^^^^^^^
  File "C:\Users\user\Desktop\laba5\venv\Lib\site-packages\django\template\base.py", line 961, in render_annotated
    return self.render(context)
           ~~~~~~~~~~~^^^^^^^^^
  File "C:\Users\user\Desktop\laba5\venv\Lib\site-packages\django\template\defaulttags.py", line 478, in render
    url = reverse(view_name, args=args, kwargs=kwargs, current_app=current_app)
  File "C:\Users\user\Desktop\laba5\venv\Lib\site-packages\django\urls\base.py", line 88, in reverse
    return resolver._reverse_with_prefix(view, prefix, *args, **kwargs)
           ~~~~~~~~~~~~~~~~~~~~~~~~~~~~~^^^^^^^^^^^^^^^^^^^^^^^^^^^^^^^
  File "C:\Users\user\Desktop\laba5\venv\Lib\site-packages\django\urls\resolvers.py", line 848, in _reverse_with_prefix
    raise NoReverseMatch(msg)
django.urls.exceptions.NoReverseMatch: Reverse for 'home' not found. 'home' is not a valid view function or pattern name.
ERROR 2025-05-28 19:17:59,728 basehttp 6856 15268 "GET /reviews/ HTTP/1.1" 500 145599
ERROR 2025-05-28 19:18:09,633 log 6856 15268 Internal Server Error: /promotions/
Traceback (most recent call last):
  File "C:\Users\user\Desktop\laba5\venv\Lib\site-packages\django\core\handlers\exception.py", line 55, in inner
    response = get_response(request)
  File "C:\Users\user\Desktop\laba5\venv\Lib\site-packages\django\core\handlers\base.py", line 197, in _get_response
    response = wrapped_callback(request, *callback_args, **callback_kwargs)
  File "C:\Users\user\Desktop\laba5\main\views.py", line 71, in promotions
    return render(request, 'main/promotions/list.html', {
        'promotions': active_promotions
    })
  File "C:\Users\user\Desktop\laba5\venv\Lib\site-packages\django\shortcuts.py", line 24, in render
    content = loader.render_to_string(template_name, context, request, using=using)
  File "C:\Users\user\Desktop\laba5\venv\Lib\site-packages\django\template\loader.py", line 62, in render_to_string
    return template.render(context, request)
           ~~~~~~~~~~~~~~~^^^^^^^^^^^^^^^^^^
  File "C:\Users\user\Desktop\laba5\venv\Lib\site-packages\django\template\backends\django.py", line 61, in render
    return self.template.render(context)
           ~~~~~~~~~~~~~~~~~~~~^^^^^^^^^
  File "C:\Users\user\Desktop\laba5\venv\Lib\site-packages\django\template\base.py", line 171, in render
    return self._render(context)
           ~~~~~~~~~~~~^^^^^^^^^
  File "C:\Users\user\Desktop\laba5\venv\Lib\site-packages\django\template\base.py", line 163, in _render
    return self.nodelist.render(context)
           ~~~~~~~~~~~~~~~~~~~~^^^^^^^^^
  File "C:\Users\user\Desktop\laba5\venv\Lib\site-packages\django\template\base.py", line 1000, in render
    return SafeString("".join([node.render_annotated(context) for node in self]))
                               ~~~~~~~~~~~~~~~~~~~~~^^^^^^^^^
  File "C:\Users\user\Desktop\laba5\venv\Lib\site-packages\django\template\base.py", line 961, in render_annotated
    return self.render(context)
           ~~~~~~~~~~~^^^^^^^^^
  File "C:\Users\user\Desktop\laba5\venv\Lib\site-packages\django\template\loader_tags.py", line 159, in render
    return compiled_parent._render(context)
           ~~~~~~~~~~~~~~~~~~~~~~~^^^^^^^^^
  File "C:\Users\user\Desktop\laba5\venv\Lib\site-packages\django\template\base.py", line 163, in _render
    return self.nodelist.render(context)
           ~~~~~~~~~~~~~~~~~~~~^^^^^^^^^
  File "C:\Users\user\Desktop\laba5\venv\Lib\site-packages\django\template\base.py", line 1000, in render
    return SafeString("".join([node.render_annotated(context) for node in self]))
                               ~~~~~~~~~~~~~~~~~~~~~^^^^^^^^^
  File "C:\Users\user\Desktop\laba5\venv\Lib\site-packages\django\template\base.py", line 961, in render_annotated
    return self.render(context)
           ~~~~~~~~~~~^^^^^^^^^
  File "C:\Users\user\Desktop\laba5\venv\Lib\site-packages\django\template\defaulttags.py", line 478, in render
    url = reverse(view_name, args=args, kwargs=kwargs, current_app=current_app)
  File "C:\Users\user\Desktop\laba5\venv\Lib\site-packages\django\urls\base.py", line 88, in reverse
    return resolver._reverse_with_prefix(view, prefix, *args, **kwargs)
           ~~~~~~~~~~~~~~~~~~~~~~~~~~~~~^^^^^^^^^^^^^^^^^^^^^^^^^^^^^^^
  File "C:\Users\user\Desktop\laba5\venv\Lib\site-packages\django\urls\resolvers.py", line 848, in _reverse_with_prefix
    raise NoReverseMatch(msg)
django.urls.exceptions.NoReverseMatch: Reverse for 'home' not found. 'home' is not a valid view function or pattern name.
ERROR 2025-05-28 19:18:09,637 basehttp 6856 15268 "GET /promotions/ HTTP/1.1" 500 150156
ERROR 2025-05-28 19:18:56,072 log 6856 15268 Internal Server Error: /reviews/
Traceback (most recent call last):
  File "C:\Users\user\Desktop\laba5\venv\Lib\site-packages\django\core\handlers\exception.py", line 55, in inner
    response = get_response(request)
  File "C:\Users\user\Desktop\laba5\venv\Lib\site-packages\django\core\handlers\base.py", line 197, in _get_response
    response = wrapped_callback(request, *callback_args, **callback_kwargs)
  File "C:\Users\user\Desktop\laba5\main\views.py", line 53, in reviews
    return render(request, 'main/reviews/list.html', {
        'reviews': reviews,
        'average_rating': average_rating
    })
  File "C:\Users\user\Desktop\laba5\venv\Lib\site-packages\django\shortcuts.py", line 24, in render
    content = loader.render_to_string(template_name, context, request, using=using)
  File "C:\Users\user\Desktop\laba5\venv\Lib\site-packages\django\template\loader.py", line 62, in render_to_string
    return template.render(context, request)
           ~~~~~~~~~~~~~~~^^^^^^^^^^^^^^^^^^
  File "C:\Users\user\Desktop\laba5\venv\Lib\site-packages\django\template\backends\django.py", line 61, in render
    return self.template.render(context)
           ~~~~~~~~~~~~~~~~~~~~^^^^^^^^^
  File "C:\Users\user\Desktop\laba5\venv\Lib\site-packages\django\template\base.py", line 171, in render
    return self._render(context)
           ~~~~~~~~~~~~^^^^^^^^^
  File "C:\Users\user\Desktop\laba5\venv\Lib\site-packages\django\template\base.py", line 163, in _render
    return self.nodelist.render(context)
           ~~~~~~~~~~~~~~~~~~~~^^^^^^^^^
  File "C:\Users\user\Desktop\laba5\venv\Lib\site-packages\django\template\base.py", line 1000, in render
    return SafeString("".join([node.render_annotated(context) for node in self]))
                               ~~~~~~~~~~~~~~~~~~~~~^^^^^^^^^
  File "C:\Users\user\Desktop\laba5\venv\Lib\site-packages\django\template\base.py", line 961, in render_annotated
    return self.render(context)
           ~~~~~~~~~~~^^^^^^^^^
  File "C:\Users\user\Desktop\laba5\venv\Lib\site-packages\django\template\loader_tags.py", line 159, in render
    return compiled_parent._render(context)
           ~~~~~~~~~~~~~~~~~~~~~~~^^^^^^^^^
  File "C:\Users\user\Desktop\laba5\venv\Lib\site-packages\django\template\base.py", line 163, in _render
    return self.nodelist.render(context)
           ~~~~~~~~~~~~~~~~~~~~^^^^^^^^^
  File "C:\Users\user\Desktop\laba5\venv\Lib\site-packages\django\template\base.py", line 1000, in render
    return SafeString("".join([node.render_annotated(context) for node in self]))
                               ~~~~~~~~~~~~~~~~~~~~~^^^^^^^^^
  File "C:\Users\user\Desktop\laba5\venv\Lib\site-packages\django\template\base.py", line 961, in render_annotated
    return self.render(context)
           ~~~~~~~~~~~^^^^^^^^^
  File "C:\Users\user\Desktop\laba5\venv\Lib\site-packages\django\template\defaulttags.py", line 478, in render
    url = reverse(view_name, args=args, kwargs=kwargs, current_app=current_app)
  File "C:\Users\user\Desktop\laba5\venv\Lib\site-packages\django\urls\base.py", line 88, in reverse
    return resolver._reverse_with_prefix(view, prefix, *args, **kwargs)
           ~~~~~~~~~~~~~~~~~~~~~~~~~~~~~^^^^^^^^^^^^^^^^^^^^^^^^^^^^^^^
  File "C:\Users\user\Desktop\laba5\venv\Lib\site-packages\django\urls\resolvers.py", line 848, in _reverse_with_prefix
    raise NoReverseMatch(msg)
django.urls.exceptions.NoReverseMatch: Reverse for 'about' not found. 'about' is not a valid view function or pattern name.
ERROR 2025-05-28 19:18:56,075 basehttp 6856 15268 "GET /reviews/ HTTP/1.1" 500 145808
ERROR 2025-05-28 19:18:59,499 log 6856 15268 Internal Server Error: /contacts/
Traceback (most recent call last):
  File "C:\Users\user\Desktop\laba5\venv\Lib\site-packages\django\core\handlers\exception.py", line 55, in inner
    response = get_response(request)
  File "C:\Users\user\Desktop\laba5\venv\Lib\site-packages\django\core\handlers\base.py", line 197, in _get_response
    response = wrapped_callback(request, *callback_args, **callback_kwargs)
  File "C:\Users\user\Desktop\laba5\main\views.py", line 38, in contacts
    return render(request, 'main/contacts.html')
  File "C:\Users\user\Desktop\laba5\venv\Lib\site-packages\django\shortcuts.py", line 24, in render
    content = loader.render_to_string(template_name, context, request, using=using)
  File "C:\Users\user\Desktop\laba5\venv\Lib\site-packages\django\template\loader.py", line 62, in render_to_string
    return template.render(context, request)
           ~~~~~~~~~~~~~~~^^^^^^^^^^^^^^^^^^
  File "C:\Users\user\Desktop\laba5\venv\Lib\site-packages\django\template\backends\django.py", line 61, in render
    return self.template.render(context)
           ~~~~~~~~~~~~~~~~~~~~^^^^^^^^^
  File "C:\Users\user\Desktop\laba5\venv\Lib\site-packages\django\template\base.py", line 171, in render
    return self._render(context)
           ~~~~~~~~~~~~^^^^^^^^^
  File "C:\Users\user\Desktop\laba5\venv\Lib\site-packages\django\template\base.py", line 163, in _render
    return self.nodelist.render(context)
           ~~~~~~~~~~~~~~~~~~~~^^^^^^^^^
  File "C:\Users\user\Desktop\laba5\venv\Lib\site-packages\django\template\base.py", line 1000, in render
    return SafeString("".join([node.render_annotated(context) for node in self]))
                               ~~~~~~~~~~~~~~~~~~~~~^^^^^^^^^
  File "C:\Users\user\Desktop\laba5\venv\Lib\site-packages\django\template\base.py", line 961, in render_annotated
    return self.render(context)
           ~~~~~~~~~~~^^^^^^^^^
  File "C:\Users\user\Desktop\laba5\venv\Lib\site-packages\django\template\loader_tags.py", line 159, in render
    return compiled_parent._render(context)
           ~~~~~~~~~~~~~~~~~~~~~~~^^^^^^^^^
  File "C:\Users\user\Desktop\laba5\venv\Lib\site-packages\django\template\base.py", line 163, in _render
    return self.nodelist.render(context)
           ~~~~~~~~~~~~~~~~~~~~^^^^^^^^^
  File "C:\Users\user\Desktop\laba5\venv\Lib\site-packages\django\template\base.py", line 1000, in render
    return SafeString("".join([node.render_annotated(context) for node in self]))
                               ~~~~~~~~~~~~~~~~~~~~~^^^^^^^^^
  File "C:\Users\user\Desktop\laba5\venv\Lib\site-packages\django\template\base.py", line 961, in render_annotated
    return self.render(context)
           ~~~~~~~~~~~^^^^^^^^^
  File "C:\Users\user\Desktop\laba5\venv\Lib\site-packages\django\template\defaulttags.py", line 478, in render
    url = reverse(view_name, args=args, kwargs=kwargs, current_app=current_app)
  File "C:\Users\user\Desktop\laba5\venv\Lib\site-packages\django\urls\base.py", line 88, in reverse
    return resolver._reverse_with_prefix(view, prefix, *args, **kwargs)
           ~~~~~~~~~~~~~~~~~~~~~~~~~~~~~^^^^^^^^^^^^^^^^^^^^^^^^^^^^^^^
  File "C:\Users\user\Desktop\laba5\venv\Lib\site-packages\django\urls\resolvers.py", line 848, in _reverse_with_prefix
    raise NoReverseMatch(msg)
django.urls.exceptions.NoReverseMatch: Reverse for 'about' not found. 'about' is not a valid view function or pattern name.
ERROR 2025-05-28 19:18:59,503 basehttp 6856 15268 "GET /contacts/ HTTP/1.1" 500 144233
ERROR 2025-05-28 19:19:02,816 log 6856 15268 Internal Server Error: /services/catalog/
Traceback (most recent call last):
  File "C:\Users\user\Desktop\laba5\venv\Lib\site-packages\django\core\handlers\exception.py", line 55, in inner
    response = get_response(request)
  File "C:\Users\user\Desktop\laba5\venv\Lib\site-packages\django\core\handlers\base.py", line 197, in _get_response
    response = wrapped_callback(request, *callback_args, **callback_kwargs)
  File "C:\Users\user\Desktop\laba5\venv\Lib\site-packages\django\contrib\auth\decorators.py", line 23, in _wrapper_view
    return view_func(request, *args, **kwargs)
  File "C:\Users\user\Desktop\laba5\main\views.py", line 219, in service_catalog
    return render(request, 'main/services/catalog.html', {
        'services': services,
        'form': form
    })
  File "C:\Users\user\Desktop\laba5\venv\Lib\site-packages\django\shortcuts.py", line 24, in render
    content = loader.render_to_string(template_name, context, request, using=using)
  File "C:\Users\user\Desktop\laba5\venv\Lib\site-packages\django\template\loader.py", line 62, in render_to_string
    return template.render(context, request)
           ~~~~~~~~~~~~~~~^^^^^^^^^^^^^^^^^^
  File "C:\Users\user\Desktop\laba5\venv\Lib\site-packages\django\template\backends\django.py", line 61, in render
    return self.template.render(context)
           ~~~~~~~~~~~~~~~~~~~~^^^^^^^^^
  File "C:\Users\user\Desktop\laba5\venv\Lib\site-packages\django\template\base.py", line 171, in render
    return self._render(context)
           ~~~~~~~~~~~~^^^^^^^^^
  File "C:\Users\user\Desktop\laba5\venv\Lib\site-packages\django\template\base.py", line 163, in _render
    return self.nodelist.render(context)
           ~~~~~~~~~~~~~~~~~~~~^^^^^^^^^
  File "C:\Users\user\Desktop\laba5\venv\Lib\site-packages\django\template\base.py", line 1000, in render
    return SafeString("".join([node.render_annotated(context) for node in self]))
                               ~~~~~~~~~~~~~~~~~~~~~^^^^^^^^^
  File "C:\Users\user\Desktop\laba5\venv\Lib\site-packages\django\template\base.py", line 961, in render_annotated
    return self.render(context)
           ~~~~~~~~~~~^^^^^^^^^
  File "C:\Users\user\Desktop\laba5\venv\Lib\site-packages\django\template\loader_tags.py", line 159, in render
    return compiled_parent._render(context)
           ~~~~~~~~~~~~~~~~~~~~~~~^^^^^^^^^
  File "C:\Users\user\Desktop\laba5\venv\Lib\site-packages\django\template\base.py", line 163, in _render
    return self.nodelist.render(context)
           ~~~~~~~~~~~~~~~~~~~~^^^^^^^^^
  File "C:\Users\user\Desktop\laba5\venv\Lib\site-packages\django\template\base.py", line 1000, in render
    return SafeString("".join([node.render_annotated(context) for node in self]))
                               ~~~~~~~~~~~~~~~~~~~~~^^^^^^^^^
  File "C:\Users\user\Desktop\laba5\venv\Lib\site-packages\django\template\base.py", line 961, in render_annotated
    return self.render(context)
           ~~~~~~~~~~~^^^^^^^^^
  File "C:\Users\user\Desktop\laba5\venv\Lib\site-packages\django\template\defaulttags.py", line 478, in render
    url = reverse(view_name, args=args, kwargs=kwargs, current_app=current_app)
  File "C:\Users\user\Desktop\laba5\venv\Lib\site-packages\django\urls\base.py", line 88, in reverse
    return resolver._reverse_with_prefix(view, prefix, *args, **kwargs)
           ~~~~~~~~~~~~~~~~~~~~~~~~~~~~~^^^^^^^^^^^^^^^^^^^^^^^^^^^^^^^
  File "C:\Users\user\Desktop\laba5\venv\Lib\site-packages\django\urls\resolvers.py", line 848, in _reverse_with_prefix
    raise NoReverseMatch(msg)
django.urls.exceptions.NoReverseMatch: Reverse for 'about' not found. 'about' is not a valid view function or pattern name.
ERROR 2025-05-28 19:19:02,821 basehttp 6856 15268 "GET /services/catalog/ HTTP/1.1" 500 156584
ERROR 2025-05-28 19:20:20,869 log 6856 15268 Internal Server Error: /
Traceback (most recent call last):
  File "C:\Users\user\Desktop\laba5\venv\Lib\site-packages\django\core\handlers\exception.py", line 55, in inner
    response = get_response(request)
  File "C:\Users\user\Desktop\laba5\venv\Lib\site-packages\django\core\handlers\base.py", line 197, in _get_response
    response = wrapped_callback(request, *callback_args, **callback_kwargs)
  File "C:\Users\user\Desktop\laba5\main\views.py", line 20, in index
    return render(request, 'main/index.html', {
        # 'latest_news': latest_news
    })
  File "C:\Users\user\Desktop\laba5\venv\Lib\site-packages\django\shortcuts.py", line 24, in render
    content = loader.render_to_string(template_name, context, request, using=using)
  File "C:\Users\user\Desktop\laba5\venv\Lib\site-packages\django\template\loader.py", line 62, in render_to_string
    return template.render(context, request)
           ~~~~~~~~~~~~~~~^^^^^^^^^^^^^^^^^^
  File "C:\Users\user\Desktop\laba5\venv\Lib\site-packages\django\template\backends\django.py", line 61, in render
    return self.template.render(context)
           ~~~~~~~~~~~~~~~~~~~~^^^^^^^^^
  File "C:\Users\user\Desktop\laba5\venv\Lib\site-packages\django\template\base.py", line 171, in render
    return self._render(context)
           ~~~~~~~~~~~~^^^^^^^^^
  File "C:\Users\user\Desktop\laba5\venv\Lib\site-packages\django\template\base.py", line 163, in _render
    return self.nodelist.render(context)
           ~~~~~~~~~~~~~~~~~~~~^^^^^^^^^
  File "C:\Users\user\Desktop\laba5\venv\Lib\site-packages\django\template\base.py", line 1000, in render
    return SafeString("".join([node.render_annotated(context) for node in self]))
                               ~~~~~~~~~~~~~~~~~~~~~^^^^^^^^^
  File "C:\Users\user\Desktop\laba5\venv\Lib\site-packages\django\template\base.py", line 961, in render_annotated
    return self.render(context)
           ~~~~~~~~~~~^^^^^^^^^
  File "C:\Users\user\Desktop\laba5\venv\Lib\site-packages\django\template\loader_tags.py", line 134, in render
    compiled_parent = self.get_parent(context)
  File "C:\Users\user\Desktop\laba5\venv\Lib\site-packages\django\template\loader_tags.py", line 131, in get_parent
    return self.find_template(parent, context)
           ~~~~~~~~~~~~~~~~~~^^^^^^^^^^^^^^^^^
  File "C:\Users\user\Desktop\laba5\venv\Lib\site-packages\django\template\loader_tags.py", line 109, in find_template
    template, origin = context.template.engine.find_template(
                       ~~~~~~~~~~~~~~~~~~~~~~~~~~~~~~~~~~~~~^
        template_name,
        ^^^^^^^^^^^^^^
        skip=history,
        ^^^^^^^^^^^^^
    )
    ^
  File "C:\Users\user\Desktop\laba5\venv\Lib\site-packages\django\template\engine.py", line 157, in find_template
    template = loader.get_template(name, skip=skip)
  File "C:\Users\user\Desktop\laba5\venv\Lib\site-packages\django\template\loaders\cached.py", line 57, in get_template
    template = super().get_template(template_name, skip)
  File "C:\Users\user\Desktop\laba5\venv\Lib\site-packages\django\template\loaders\base.py", line 28, in get_template
    return Template(
        contents,
    ...<2 lines>...
        self.engine,
    )
  File "C:\Users\user\Desktop\laba5\venv\Lib\site-packages\django\template\base.py", line 154, in __init__
    self.nodelist = self.compile_nodelist()
                    ~~~~~~~~~~~~~~~~~~~~~^^
  File "C:\Users\user\Desktop\laba5\venv\Lib\site-packages\django\template\base.py", line 196, in compile_nodelist
    return parser.parse()
           ~~~~~~~~~~~~^^
  File "C:\Users\user\Desktop\laba5\venv\Lib\site-packages\django\template\base.py", line 510, in parse
    raise self.error(token, e)
  File "C:\Users\user\Desktop\laba5\venv\Lib\site-packages\django\template\base.py", line 508, in parse
    compiled_result = compile_func(self, token)
  File "C:\Users\user\Desktop\laba5\venv\Lib\site-packages\django\template\defaulttags.py", line 960, in do_if
    nodelist = parser.parse(("elif", "else", "endif"))
  File "C:\Users\user\Desktop\laba5\venv\Lib\site-packages\django\template\base.py", line 510, in parse
    raise self.error(token, e)
  File "C:\Users\user\Desktop\laba5\venv\Lib\site-packages\django\template\base.py", line 508, in parse
    compiled_result = compile_func(self, token)
  File "C:\Users\user\Desktop\laba5\venv\Lib\site-packages\django\template\defaulttags.py", line 959, in do_if
    condition = TemplateIfParser(parser, bits).parse()
  File "C:\Users\user\Desktop\laba5\venv\Lib\site-packages\django\template\smartif.py", line 197, in parse
    raise self.error_class(
        "Unused '%s' at end of if expression." % self.current_token.display()
    )
django.template.exceptions.TemplateSyntaxError: Unused 'user' at end of if expression.
ERROR 2025-05-28 19:20:20,876 basehttp 6856 15268 "GET / HTTP/1.1" 500 230827
ERROR 2025-05-28 19:20:22,723 log 6856 15268 Internal Server Error: /
Traceback (most recent call last):
  File "C:\Users\user\Desktop\laba5\venv\Lib\site-packages\django\core\handlers\exception.py", line 55, in inner
    response = get_response(request)
  File "C:\Users\user\Desktop\laba5\venv\Lib\site-packages\django\core\handlers\base.py", line 197, in _get_response
    response = wrapped_callback(request, *callback_args, **callback_kwargs)
  File "C:\Users\user\Desktop\laba5\main\views.py", line 20, in index
    return render(request, 'main/index.html', {
        # 'latest_news': latest_news
    })
  File "C:\Users\user\Desktop\laba5\venv\Lib\site-packages\django\shortcuts.py", line 24, in render
    content = loader.render_to_string(template_name, context, request, using=using)
  File "C:\Users\user\Desktop\laba5\venv\Lib\site-packages\django\template\loader.py", line 62, in render_to_string
    return template.render(context, request)
           ~~~~~~~~~~~~~~~^^^^^^^^^^^^^^^^^^
  File "C:\Users\user\Desktop\laba5\venv\Lib\site-packages\django\template\backends\django.py", line 61, in render
    return self.template.render(context)
           ~~~~~~~~~~~~~~~~~~~~^^^^^^^^^
  File "C:\Users\user\Desktop\laba5\venv\Lib\site-packages\django\template\base.py", line 171, in render
    return self._render(context)
           ~~~~~~~~~~~~^^^^^^^^^
  File "C:\Users\user\Desktop\laba5\venv\Lib\site-packages\django\template\base.py", line 163, in _render
    return self.nodelist.render(context)
           ~~~~~~~~~~~~~~~~~~~~^^^^^^^^^
  File "C:\Users\user\Desktop\laba5\venv\Lib\site-packages\django\template\base.py", line 1000, in render
    return SafeString("".join([node.render_annotated(context) for node in self]))
                               ~~~~~~~~~~~~~~~~~~~~~^^^^^^^^^
  File "C:\Users\user\Desktop\laba5\venv\Lib\site-packages\django\template\base.py", line 961, in render_annotated
    return self.render(context)
           ~~~~~~~~~~~^^^^^^^^^
  File "C:\Users\user\Desktop\laba5\venv\Lib\site-packages\django\template\loader_tags.py", line 134, in render
    compiled_parent = self.get_parent(context)
  File "C:\Users\user\Desktop\laba5\venv\Lib\site-packages\django\template\loader_tags.py", line 131, in get_parent
    return self.find_template(parent, context)
           ~~~~~~~~~~~~~~~~~~^^^^^^^^^^^^^^^^^
  File "C:\Users\user\Desktop\laba5\venv\Lib\site-packages\django\template\loader_tags.py", line 109, in find_template
    template, origin = context.template.engine.find_template(
                       ~~~~~~~~~~~~~~~~~~~~~~~~~~~~~~~~~~~~~^
        template_name,
        ^^^^^^^^^^^^^^
        skip=history,
        ^^^^^^^^^^^^^
    )
    ^
  File "C:\Users\user\Desktop\laba5\venv\Lib\site-packages\django\template\engine.py", line 157, in find_template
    template = loader.get_template(name, skip=skip)
  File "C:\Users\user\Desktop\laba5\venv\Lib\site-packages\django\template\loaders\cached.py", line 57, in get_template
    template = super().get_template(template_name, skip)
  File "C:\Users\user\Desktop\laba5\venv\Lib\site-packages\django\template\loaders\base.py", line 28, in get_template
    return Template(
        contents,
    ...<2 lines>...
        self.engine,
    )
  File "C:\Users\user\Desktop\laba5\venv\Lib\site-packages\django\template\base.py", line 154, in __init__
    self.nodelist = self.compile_nodelist()
                    ~~~~~~~~~~~~~~~~~~~~~^^
  File "C:\Users\user\Desktop\laba5\venv\Lib\site-packages\django\template\base.py", line 196, in compile_nodelist
    return parser.parse()
           ~~~~~~~~~~~~^^
  File "C:\Users\user\Desktop\laba5\venv\Lib\site-packages\django\template\base.py", line 510, in parse
    raise self.error(token, e)
  File "C:\Users\user\Desktop\laba5\venv\Lib\site-packages\django\template\base.py", line 508, in parse
    compiled_result = compile_func(self, token)
  File "C:\Users\user\Desktop\laba5\venv\Lib\site-packages\django\template\defaulttags.py", line 960, in do_if
    nodelist = parser.parse(("elif", "else", "endif"))
  File "C:\Users\user\Desktop\laba5\venv\Lib\site-packages\django\template\base.py", line 510, in parse
    raise self.error(token, e)
  File "C:\Users\user\Desktop\laba5\venv\Lib\site-packages\django\template\base.py", line 508, in parse
    compiled_result = compile_func(self, token)
  File "C:\Users\user\Desktop\laba5\venv\Lib\site-packages\django\template\defaulttags.py", line 959, in do_if
    condition = TemplateIfParser(parser, bits).parse()
  File "C:\Users\user\Desktop\laba5\venv\Lib\site-packages\django\template\smartif.py", line 197, in parse
    raise self.error_class(
        "Unused '%s' at end of if expression." % self.current_token.display()
    )
django.template.exceptions.TemplateSyntaxError: Unused 'user' at end of if expression.
ERROR 2025-05-28 19:20:22,725 basehttp 6856 15268 "GET / HTTP/1.1" 500 230827
ERROR 2025-05-28 19:20:45,001 log 6856 15268 Internal Server Error: /
Traceback (most recent call last):
  File "C:\Users\user\Desktop\laba5\venv\Lib\site-packages\django\core\handlers\exception.py", line 55, in inner
    response = get_response(request)
  File "C:\Users\user\Desktop\laba5\venv\Lib\site-packages\django\core\handlers\base.py", line 197, in _get_response
    response = wrapped_callback(request, *callback_args, **callback_kwargs)
  File "C:\Users\user\Desktop\laba5\main\views.py", line 20, in index
    return render(request, 'main/index.html', {
        # 'latest_news': latest_news
    })
  File "C:\Users\user\Desktop\laba5\venv\Lib\site-packages\django\shortcuts.py", line 24, in render
    content = loader.render_to_string(template_name, context, request, using=using)
  File "C:\Users\user\Desktop\laba5\venv\Lib\site-packages\django\template\loader.py", line 62, in render_to_string
    return template.render(context, request)
           ~~~~~~~~~~~~~~~^^^^^^^^^^^^^^^^^^
  File "C:\Users\user\Desktop\laba5\venv\Lib\site-packages\django\template\backends\django.py", line 61, in render
    return self.template.render(context)
           ~~~~~~~~~~~~~~~~~~~~^^^^^^^^^
  File "C:\Users\user\Desktop\laba5\venv\Lib\site-packages\django\template\base.py", line 171, in render
    return self._render(context)
           ~~~~~~~~~~~~^^^^^^^^^
  File "C:\Users\user\Desktop\laba5\venv\Lib\site-packages\django\template\base.py", line 163, in _render
    return self.nodelist.render(context)
           ~~~~~~~~~~~~~~~~~~~~^^^^^^^^^
  File "C:\Users\user\Desktop\laba5\venv\Lib\site-packages\django\template\base.py", line 1000, in render
    return SafeString("".join([node.render_annotated(context) for node in self]))
                               ~~~~~~~~~~~~~~~~~~~~~^^^^^^^^^
  File "C:\Users\user\Desktop\laba5\venv\Lib\site-packages\django\template\base.py", line 961, in render_annotated
    return self.render(context)
           ~~~~~~~~~~~^^^^^^^^^
  File "C:\Users\user\Desktop\laba5\venv\Lib\site-packages\django\template\loader_tags.py", line 134, in render
    compiled_parent = self.get_parent(context)
  File "C:\Users\user\Desktop\laba5\venv\Lib\site-packages\django\template\loader_tags.py", line 131, in get_parent
    return self.find_template(parent, context)
           ~~~~~~~~~~~~~~~~~~^^^^^^^^^^^^^^^^^
  File "C:\Users\user\Desktop\laba5\venv\Lib\site-packages\django\template\loader_tags.py", line 109, in find_template
    template, origin = context.template.engine.find_template(
                       ~~~~~~~~~~~~~~~~~~~~~~~~~~~~~~~~~~~~~^
        template_name,
        ^^^^^^^^^^^^^^
        skip=history,
        ^^^^^^^^^^^^^
    )
    ^
  File "C:\Users\user\Desktop\laba5\venv\Lib\site-packages\django\template\engine.py", line 157, in find_template
    template = loader.get_template(name, skip=skip)
  File "C:\Users\user\Desktop\laba5\venv\Lib\site-packages\django\template\loaders\cached.py", line 57, in get_template
    template = super().get_template(template_name, skip)
  File "C:\Users\user\Desktop\laba5\venv\Lib\site-packages\django\template\loaders\base.py", line 28, in get_template
    return Template(
        contents,
    ...<2 lines>...
        self.engine,
    )
  File "C:\Users\user\Desktop\laba5\venv\Lib\site-packages\django\template\base.py", line 154, in __init__
    self.nodelist = self.compile_nodelist()
                    ~~~~~~~~~~~~~~~~~~~~~^^
  File "C:\Users\user\Desktop\laba5\venv\Lib\site-packages\django\template\base.py", line 196, in compile_nodelist
    return parser.parse()
           ~~~~~~~~~~~~^^
  File "C:\Users\user\Desktop\laba5\venv\Lib\site-packages\django\template\base.py", line 510, in parse
    raise self.error(token, e)
  File "C:\Users\user\Desktop\laba5\venv\Lib\site-packages\django\template\base.py", line 508, in parse
    compiled_result = compile_func(self, token)
  File "C:\Users\user\Desktop\laba5\venv\Lib\site-packages\django\template\defaulttags.py", line 960, in do_if
    nodelist = parser.parse(("elif", "else", "endif"))
  File "C:\Users\user\Desktop\laba5\venv\Lib\site-packages\django\template\base.py", line 510, in parse
    raise self.error(token, e)
  File "C:\Users\user\Desktop\laba5\venv\Lib\site-packages\django\template\base.py", line 508, in parse
    compiled_result = compile_func(self, token)
  File "C:\Users\user\Desktop\laba5\venv\Lib\site-packages\django\template\defaulttags.py", line 959, in do_if
    condition = TemplateIfParser(parser, bits).parse()
  File "C:\Users\user\Desktop\laba5\venv\Lib\site-packages\django\template\smartif.py", line 197, in parse
    raise self.error_class(
        "Unused '%s' at end of if expression." % self.current_token.display()
    )
django.template.exceptions.TemplateSyntaxError: Unused 'user' at end of if expression.
ERROR 2025-05-28 19:20:45,005 basehttp 6856 15268 "GET / HTTP/1.1" 500 230533
ERROR 2025-05-28 19:32:19,378 log 17848 21392 Internal Server Error: /admin/logout/
Traceback (most recent call last):
  File "C:\Users\user\Desktop\laba5\venv\Lib\site-packages\django\core\handlers\exception.py", line 55, in inner
    response = get_response(request)
  File "C:\Users\user\Desktop\laba5\venv\Lib\site-packages\django\core\handlers\base.py", line 197, in _get_response
    response = wrapped_callback(request, *callback_args, **callback_kwargs)
  File "C:\Users\user\Desktop\laba5\venv\Lib\site-packages\django\contrib\admin\sites.py", line 259, in wrapper
    return self.admin_view(view, cacheable)(*args, **kwargs)
           ~~~~~~~~~~~~~~~~~~~~~~~~~~~~~~~~^^^^^^^^^^^^^^^^^
  File "C:\Users\user\Desktop\laba5\venv\Lib\site-packages\django\utils\decorators.py", line 188, in _view_wrapper
    result = _process_exception(request, e)
  File "C:\Users\user\Desktop\laba5\venv\Lib\site-packages\django\utils\decorators.py", line 186, in _view_wrapper
    response = view_func(request, *args, **kwargs)
  File "C:\Users\user\Desktop\laba5\venv\Lib\site-packages\django\views\decorators\cache.py", line 80, in _view_wrapper
    response = view_func(request, *args, **kwargs)
  File "C:\Users\user\Desktop\laba5\venv\Lib\site-packages\django\contrib\admin\sites.py", line 240, in inner
    return view(request, *args, **kwargs)
  File "C:\Users\user\Desktop\laba5\venv\Lib\site-packages\django\contrib\admin\sites.py", line 402, in logout
    return LogoutView.as_view(**defaults)(request)
           ~~~~~~~~~~~~~~~~~~~~~~~~~~~~~~^^^^^^^^^
  File "C:\Users\user\Desktop\laba5\venv\Lib\site-packages\django\views\generic\base.py", line 104, in view
    return self.dispatch(request, *args, **kwargs)
           ~~~~~~~~~~~~~^^^^^^^^^^^^^^^^^^^^^^^^^^
  File "C:\Users\user\Desktop\laba5\venv\Lib\site-packages\django\utils\decorators.py", line 48, in _wrapper
    return bound_method(*args, **kwargs)
  File "C:\Users\user\Desktop\laba5\venv\Lib\site-packages\django\utils\decorators.py", line 188, in _view_wrapper
    result = _process_exception(request, e)
  File "C:\Users\user\Desktop\laba5\venv\Lib\site-packages\django\utils\decorators.py", line 186, in _view_wrapper
    response = view_func(request, *args, **kwargs)
  File "C:\Users\user\Desktop\laba5\venv\Lib\site-packages\django\utils\decorators.py", line 48, in _wrapper
    return bound_method(*args, **kwargs)
  File "C:\Users\user\Desktop\laba5\venv\Lib\site-packages\django\views\decorators\cache.py", line 80, in _view_wrapper
    response = view_func(request, *args, **kwargs)
  File "C:\Users\user\Desktop\laba5\venv\Lib\site-packages\django\contrib\auth\views.py", line 136, in dispatch
    return super().dispatch(request, *args, **kwargs)
           ~~~~~~~~~~~~~~~~^^^^^^^^^^^^^^^^^^^^^^^^^^
  File "C:\Users\user\Desktop\laba5\venv\Lib\site-packages\django\views\generic\base.py", line 143, in dispatch
    return handler(request, *args, **kwargs)
  File "C:\Users\user\Desktop\laba5\venv\Lib\site-packages\django\contrib\auth\views.py", line 141, in post
    redirect_to = self.get_success_url()
  File "C:\Users\user\Desktop\laba5\venv\Lib\site-packages\django\contrib\auth\views.py", line 41, in get_success_url
    return self.get_redirect_url() or self.get_default_redirect_url()
                                      ~~~~~~~~~~~~~~~~~~~~~~~~~~~~~^^
  File "C:\Users\user\Desktop\laba5\venv\Lib\site-packages\django\contrib\auth\views.py", line 152, in get_default_redirect_url
    return resolve_url(settings.LOGOUT_REDIRECT_URL)
  File "C:\Users\user\Desktop\laba5\venv\Lib\site-packages\django\shortcuts.py", line 179, in resolve_url
    return reverse(to, args=args, kwargs=kwargs)
  File "C:\Users\user\Desktop\laba5\venv\Lib\site-packages\django\urls\base.py", line 88, in reverse
    return resolver._reverse_with_prefix(view, prefix, *args, **kwargs)
           ~~~~~~~~~~~~~~~~~~~~~~~~~~~~~^^^^^^^^^^^^^^^^^^^^^^^^^^^^^^^
  File "C:\Users\user\Desktop\laba5\venv\Lib\site-packages\django\urls\resolvers.py", line 848, in _reverse_with_prefix
    raise NoReverseMatch(msg)
django.urls.exceptions.NoReverseMatch: Reverse for 'home' not found. 'home' is not a valid view function or pattern name.
ERROR 2025-05-28 19:32:19,381 basehttp 17848 21392 "POST /admin/logout/ HTTP/1.1" 500 175279
ERROR 2025-05-28 19:32:34,815 log 17848 21392 Internal Server Error: /logout/
Traceback (most recent call last):
  File "C:\Users\user\Desktop\laba5\venv\Lib\site-packages\django\core\handlers\exception.py", line 55, in inner
    response = get_response(request)
  File "C:\Users\user\Desktop\laba5\venv\Lib\site-packages\django\core\handlers\base.py", line 197, in _get_response
    response = wrapped_callback(request, *callback_args, **callback_kwargs)
  File "C:\Users\user\Desktop\laba5\main\views.py", line 103, in logout_view
    return redirect('home')
  File "C:\Users\user\Desktop\laba5\venv\Lib\site-packages\django\shortcuts.py", line 48, in redirect
    return redirect_class(resolve_url(to, *args, **kwargs))
                          ~~~~~~~~~~~^^^^^^^^^^^^^^^^^^^^^
  File "C:\Users\user\Desktop\laba5\venv\Lib\site-packages\django\shortcuts.py", line 179, in resolve_url
    return reverse(to, args=args, kwargs=kwargs)
  File "C:\Users\user\Desktop\laba5\venv\Lib\site-packages\django\urls\base.py", line 88, in reverse
    return resolver._reverse_with_prefix(view, prefix, *args, **kwargs)
           ~~~~~~~~~~~~~~~~~~~~~~~~~~~~~^^^^^^^^^^^^^^^^^^^^^^^^^^^^^^^
  File "C:\Users\user\Desktop\laba5\venv\Lib\site-packages\django\urls\resolvers.py", line 848, in _reverse_with_prefix
    raise NoReverseMatch(msg)
django.urls.exceptions.NoReverseMatch: Reverse for 'home' not found. 'home' is not a valid view function or pattern name.
ERROR 2025-05-28 19:32:34,816 basehttp 17848 21392 "POST /logout/ HTTP/1.1" 500 92631
ERROR 2025-05-28 19:34:02,283 log 4684 20844 Internal Server Error: /logout/
Traceback (most recent call last):
  File "C:\Users\user\Desktop\laba5\venv\Lib\site-packages\django\core\handlers\exception.py", line 55, in inner
    response = get_response(request)
  File "C:\Users\user\Desktop\laba5\venv\Lib\site-packages\django\core\handlers\base.py", line 197, in _get_response
    response = wrapped_callback(request, *callback_args, **callback_kwargs)
  File "C:\Users\user\Desktop\laba5\main\views.py", line 103, in logout_view
    return redirect('home')
  File "C:\Users\user\Desktop\laba5\venv\Lib\site-packages\django\shortcuts.py", line 48, in redirect
    return redirect_class(resolve_url(to, *args, **kwargs))
                          ~~~~~~~~~~~^^^^^^^^^^^^^^^^^^^^^
  File "C:\Users\user\Desktop\laba5\venv\Lib\site-packages\django\shortcuts.py", line 179, in resolve_url
    return reverse(to, args=args, kwargs=kwargs)
  File "C:\Users\user\Desktop\laba5\venv\Lib\site-packages\django\urls\base.py", line 88, in reverse
    return resolver._reverse_with_prefix(view, prefix, *args, **kwargs)
           ~~~~~~~~~~~~~~~~~~~~~~~~~~~~~^^^^^^^^^^^^^^^^^^^^^^^^^^^^^^^
  File "C:\Users\user\Desktop\laba5\venv\Lib\site-packages\django\urls\resolvers.py", line 848, in _reverse_with_prefix
    raise NoReverseMatch(msg)
django.urls.exceptions.NoReverseMatch: Reverse for 'home' not found. 'home' is not a valid view function or pattern name.
ERROR 2025-05-28 19:34:02,286 basehttp 4684 20844 "POST /logout/ HTTP/1.1" 500 92646
ERROR 2025-05-28 19:34:55,403 log 4684 20844 Internal Server Error: /login/
Traceback (most recent call last):
  File "C:\Users\user\Desktop\laba5\venv\Lib\site-packages\django\core\handlers\exception.py", line 55, in inner
    response = get_response(request)
  File "C:\Users\user\Desktop\laba5\venv\Lib\site-packages\django\core\handlers\base.py", line 197, in _get_response
    response = wrapped_callback(request, *callback_args, **callback_kwargs)
  File "C:\Users\user\Desktop\laba5\main\views.py", line 434, in login_view
    return redirect('home')
  File "C:\Users\user\Desktop\laba5\venv\Lib\site-packages\django\shortcuts.py", line 48, in redirect
    return redirect_class(resolve_url(to, *args, **kwargs))
                          ~~~~~~~~~~~^^^^^^^^^^^^^^^^^^^^^
  File "C:\Users\user\Desktop\laba5\venv\Lib\site-packages\django\shortcuts.py", line 179, in resolve_url
    return reverse(to, args=args, kwargs=kwargs)
  File "C:\Users\user\Desktop\laba5\venv\Lib\site-packages\django\urls\base.py", line 88, in reverse
    return resolver._reverse_with_prefix(view, prefix, *args, **kwargs)
           ~~~~~~~~~~~~~~~~~~~~~~~~~~~~~^^^^^^^^^^^^^^^^^^^^^^^^^^^^^^^
  File "C:\Users\user\Desktop\laba5\venv\Lib\site-packages\django\urls\resolvers.py", line 848, in _reverse_with_prefix
    raise NoReverseMatch(msg)
django.urls.exceptions.NoReverseMatch: Reverse for 'home' not found. 'home' is not a valid view function or pattern name.
ERROR 2025-05-28 19:34:55,405 basehttp 4684 20844 "POST /login/ HTTP/1.1" 500 93791
ERROR 2025-05-28 19:46:35,409 log 17896 19220 Internal Server Error: /drivers/delete/5/
Traceback (most recent call last):
  File "C:\Users\user\Desktop\laba5\venv\Lib\site-packages\django\core\handlers\exception.py", line 55, in inner
    response = get_response(request)
  File "C:\Users\user\Desktop\laba5\venv\Lib\site-packages\django\core\handlers\base.py", line 197, in _get_response
    response = wrapped_callback(request, *callback_args, **callback_kwargs)
  File "C:\Users\user\Desktop\laba5\venv\Lib\site-packages\django\contrib\auth\decorators.py", line 23, in _wrapper_view
    return view_func(request, *args, **kwargs)
  File "C:\Users\user\Desktop\laba5\venv\Lib\site-packages\django\contrib\auth\decorators.py", line 23, in _wrapper_view
    return view_func(request, *args, **kwargs)
  File "C:\Users\user\Desktop\laba5\main\views.py", line 488, in delete_driver
    return redirect('driver_list')
  File "C:\Users\user\Desktop\laba5\venv\Lib\site-packages\django\shortcuts.py", line 48, in redirect
    return redirect_class(resolve_url(to, *args, **kwargs))
                          ~~~~~~~~~~~^^^^^^^^^^^^^^^^^^^^^
  File "C:\Users\user\Desktop\laba5\venv\Lib\site-packages\django\shortcuts.py", line 179, in resolve_url
    return reverse(to, args=args, kwargs=kwargs)
  File "C:\Users\user\Desktop\laba5\venv\Lib\site-packages\django\urls\base.py", line 88, in reverse
    return resolver._reverse_with_prefix(view, prefix, *args, **kwargs)
           ~~~~~~~~~~~~~~~~~~~~~~~~~~~~~^^^^^^^^^^^^^^^^^^^^^^^^^^^^^^^
  File "C:\Users\user\Desktop\laba5\venv\Lib\site-packages\django\urls\resolvers.py", line 848, in _reverse_with_prefix
    raise NoReverseMatch(msg)
django.urls.exceptions.NoReverseMatch: Reverse for 'driver_list' not found. 'driver_list' is not a valid view function or pattern name.
ERROR 2025-05-28 19:46:35,412 basehttp 17896 19220 "POST /drivers/delete/5/ HTTP/1.1" 500 103971
ERROR 2025-05-28 19:52:36,918 log 11116 18912 Internal Server Error: /vehicles/
Traceback (most recent call last):
  File "C:\Users\user\Desktop\laba5\venv\Lib\site-packages\django\db\backends\utils.py", line 105, in _execute
    return self.cursor.execute(sql, params)
           ~~~~~~~~~~~~~~~~~~~^^^^^^^^^^^^^
  File "C:\Users\user\Desktop\laba5\venv\Lib\site-packages\django\db\backends\sqlite3\base.py", line 328, in execute
    return super().execute(query, params)
           ~~~~~~~~~~~~~~~^^^^^^^^^^^^^^^
sqlite3.OperationalError: no such column: main_vehicle.body_type_id

The above exception was the direct cause of the following exception:

Traceback (most recent call last):
  File "C:\Users\user\Desktop\laba5\venv\Lib\site-packages\django\core\handlers\exception.py", line 55, in inner
    response = get_response(request)
  File "C:\Users\user\Desktop\laba5\venv\Lib\site-packages\django\core\handlers\base.py", line 197, in _get_response
    response = wrapped_callback(request, *callback_args, **callback_kwargs)
  File "C:\Users\user\Desktop\laba5\main\views.py", line 289, in vehicle_list
    return render(request, 'main/vehicles/list.html', {
        'vehicles': vehicles,
        'vehicle_types': vehicle_types,
        'body_types': body_types
    })
  File "C:\Users\user\Desktop\laba5\venv\Lib\site-packages\django\shortcuts.py", line 24, in render
    content = loader.render_to_string(template_name, context, request, using=using)
  File "C:\Users\user\Desktop\laba5\venv\Lib\site-packages\django\template\loader.py", line 62, in render_to_string
    return template.render(context, request)
           ~~~~~~~~~~~~~~~^^^^^^^^^^^^^^^^^^
  File "C:\Users\user\Desktop\laba5\venv\Lib\site-packages\django\template\backends\django.py", line 61, in render
    return self.template.render(context)
           ~~~~~~~~~~~~~~~~~~~~^^^^^^^^^
  File "C:\Users\user\Desktop\laba5\venv\Lib\site-packages\django\template\base.py", line 171, in render
    return self._render(context)
           ~~~~~~~~~~~~^^^^^^^^^
  File "C:\Users\user\Desktop\laba5\venv\Lib\site-packages\django\template\base.py", line 163, in _render
    return self.nodelist.render(context)
           ~~~~~~~~~~~~~~~~~~~~^^^^^^^^^
  File "C:\Users\user\Desktop\laba5\venv\Lib\site-packages\django\template\base.py", line 1000, in render
    return SafeString("".join([node.render_annotated(context) for node in self]))
                               ~~~~~~~~~~~~~~~~~~~~~^^^^^^^^^
  File "C:\Users\user\Desktop\laba5\venv\Lib\site-packages\django\template\base.py", line 961, in render_annotated
    return self.render(context)
           ~~~~~~~~~~~^^^^^^^^^
  File "C:\Users\user\Desktop\laba5\venv\Lib\site-packages\django\template\loader_tags.py", line 159, in render
    return compiled_parent._render(context)
           ~~~~~~~~~~~~~~~~~~~~~~~^^^^^^^^^
  File "C:\Users\user\Desktop\laba5\venv\Lib\site-packages\django\template\base.py", line 163, in _render
    return self.nodelist.render(context)
           ~~~~~~~~~~~~~~~~~~~~^^^^^^^^^
  File "C:\Users\user\Desktop\laba5\venv\Lib\site-packages\django\template\base.py", line 1000, in render
    return SafeString("".join([node.render_annotated(context) for node in self]))
                               ~~~~~~~~~~~~~~~~~~~~~^^^^^^^^^
  File "C:\Users\user\Desktop\laba5\venv\Lib\site-packages\django\template\base.py", line 961, in render_annotated
    return self.render(context)
           ~~~~~~~~~~~^^^^^^^^^
  File "C:\Users\user\Desktop\laba5\venv\Lib\site-packages\django\template\loader_tags.py", line 65, in render
    result = block.nodelist.render(context)
  File "C:\Users\user\Desktop\laba5\venv\Lib\site-packages\django\template\base.py", line 1000, in render
    return SafeString("".join([node.render_annotated(context) for node in self]))
                               ~~~~~~~~~~~~~~~~~~~~~^^^^^^^^^
  File "C:\Users\user\Desktop\laba5\venv\Lib\site-packages\django\template\base.py", line 961, in render_annotated
    return self.render(context)
           ~~~~~~~~~~~^^^^^^^^^
  File "C:\Users\user\Desktop\laba5\venv\Lib\site-packages\django\template\defaulttags.py", line 197, in render
    len_values = len(values)
  File "C:\Users\user\Desktop\laba5\venv\Lib\site-packages\django\db\models\query.py", line 380, in __len__
    self._fetch_all()
    ~~~~~~~~~~~~~~~^^
  File "C:\Users\user\Desktop\laba5\venv\Lib\site-packages\django\db\models\query.py", line 1926, in _fetch_all
    self._result_cache = list(self._iterable_class(self))
                         ~~~~^^^^^^^^^^^^^^^^^^^^^^^^^^^^
  File "C:\Users\user\Desktop\laba5\venv\Lib\site-packages\django\db\models\query.py", line 91, in __iter__
    results = compiler.execute_sql(
        chunked_fetch=self.chunked_fetch, chunk_size=self.chunk_size
    )
  File "C:\Users\user\Desktop\laba5\venv\Lib\site-packages\django\db\models\sql\compiler.py", line 1562, in execute_sql
    cursor.execute(sql, params)
    ~~~~~~~~~~~~~~^^^^^^^^^^^^^
  File "C:\Users\user\Desktop\laba5\venv\Lib\site-packages\django\db\backends\utils.py", line 122, in execute
    return super().execute(sql, params)
           ~~~~~~~~~~~~~~~^^^^^^^^^^^^^
  File "C:\Users\user\Desktop\laba5\venv\Lib\site-packages\django\db\backends\utils.py", line 79, in execute
    return self._execute_with_wrappers(
           ~~~~~~~~~~~~~~~~~~~~~~~~~~~^
        sql, params, many=False, executor=self._execute
        ^^^^^^^^^^^^^^^^^^^^^^^^^^^^^^^^^^^^^^^^^^^^^^^
    )
    ^
  File "C:\Users\user\Desktop\laba5\venv\Lib\site-packages\django\db\backends\utils.py", line 92, in _execute_with_wrappers
    return executor(sql, params, many, context)
  File "C:\Users\user\Desktop\laba5\venv\Lib\site-packages\django\db\backends\utils.py", line 100, in _execute
    with self.db.wrap_database_errors:
         ^^^^^^^^^^^^^^^^^^^^^^^^^^^^
  File "C:\Users\user\Desktop\laba5\venv\Lib\site-packages\django\db\utils.py", line 91, in __exit__
    raise dj_exc_value.with_traceback(traceback) from exc_value
  File "C:\Users\user\Desktop\laba5\venv\Lib\site-packages\django\db\backends\utils.py", line 105, in _execute
    return self.cursor.execute(sql, params)
           ~~~~~~~~~~~~~~~~~~~^^^^^^^^^^^^^
  File "C:\Users\user\Desktop\laba5\venv\Lib\site-packages\django\db\backends\sqlite3\base.py", line 328, in execute
    return super().execute(query, params)
           ~~~~~~~~~~~~~~~^^^^^^^^^^^^^^^
django.db.utils.OperationalError: no such column: main_vehicle.body_type_id
ERROR 2025-05-28 19:52:36,924 basehttp 11116 18912 "GET /vehicles/ HTTP/1.1" 500 214880
ERROR 2025-05-28 19:52:40,956 log 11116 18912 Internal Server Error: /vehicles/
Traceback (most recent call last):
  File "C:\Users\user\Desktop\laba5\venv\Lib\site-packages\django\db\backends\utils.py", line 105, in _execute
    return self.cursor.execute(sql, params)
           ~~~~~~~~~~~~~~~~~~~^^^^^^^^^^^^^
  File "C:\Users\user\Desktop\laba5\venv\Lib\site-packages\django\db\backends\sqlite3\base.py", line 328, in execute
    return super().execute(query, params)
           ~~~~~~~~~~~~~~~^^^^^^^^^^^^^^^
sqlite3.OperationalError: no such column: main_vehicle.body_type_id

The above exception was the direct cause of the following exception:

Traceback (most recent call last):
  File "C:\Users\user\Desktop\laba5\venv\Lib\site-packages\django\core\handlers\exception.py", line 55, in inner
    response = get_response(request)
  File "C:\Users\user\Desktop\laba5\venv\Lib\site-packages\django\core\handlers\base.py", line 197, in _get_response
    response = wrapped_callback(request, *callback_args, **callback_kwargs)
  File "C:\Users\user\Desktop\laba5\main\views.py", line 289, in vehicle_list
    return render(request, 'main/vehicles/list.html', {
        'vehicles': vehicles,
        'vehicle_types': vehicle_types,
        'body_types': body_types
    })
  File "C:\Users\user\Desktop\laba5\venv\Lib\site-packages\django\shortcuts.py", line 24, in render
    content = loader.render_to_string(template_name, context, request, using=using)
  File "C:\Users\user\Desktop\laba5\venv\Lib\site-packages\django\template\loader.py", line 62, in render_to_string
    return template.render(context, request)
           ~~~~~~~~~~~~~~~^^^^^^^^^^^^^^^^^^
  File "C:\Users\user\Desktop\laba5\venv\Lib\site-packages\django\template\backends\django.py", line 61, in render
    return self.template.render(context)
           ~~~~~~~~~~~~~~~~~~~~^^^^^^^^^
  File "C:\Users\user\Desktop\laba5\venv\Lib\site-packages\django\template\base.py", line 171, in render
    return self._render(context)
           ~~~~~~~~~~~~^^^^^^^^^
  File "C:\Users\user\Desktop\laba5\venv\Lib\site-packages\django\template\base.py", line 163, in _render
    return self.nodelist.render(context)
           ~~~~~~~~~~~~~~~~~~~~^^^^^^^^^
  File "C:\Users\user\Desktop\laba5\venv\Lib\site-packages\django\template\base.py", line 1000, in render
    return SafeString("".join([node.render_annotated(context) for node in self]))
                               ~~~~~~~~~~~~~~~~~~~~~^^^^^^^^^
  File "C:\Users\user\Desktop\laba5\venv\Lib\site-packages\django\template\base.py", line 961, in render_annotated
    return self.render(context)
           ~~~~~~~~~~~^^^^^^^^^
  File "C:\Users\user\Desktop\laba5\venv\Lib\site-packages\django\template\loader_tags.py", line 159, in render
    return compiled_parent._render(context)
           ~~~~~~~~~~~~~~~~~~~~~~~^^^^^^^^^
  File "C:\Users\user\Desktop\laba5\venv\Lib\site-packages\django\template\base.py", line 163, in _render
    return self.nodelist.render(context)
           ~~~~~~~~~~~~~~~~~~~~^^^^^^^^^
  File "C:\Users\user\Desktop\laba5\venv\Lib\site-packages\django\template\base.py", line 1000, in render
    return SafeString("".join([node.render_annotated(context) for node in self]))
                               ~~~~~~~~~~~~~~~~~~~~~^^^^^^^^^
  File "C:\Users\user\Desktop\laba5\venv\Lib\site-packages\django\template\base.py", line 961, in render_annotated
    return self.render(context)
           ~~~~~~~~~~~^^^^^^^^^
  File "C:\Users\user\Desktop\laba5\venv\Lib\site-packages\django\template\loader_tags.py", line 65, in render
    result = block.nodelist.render(context)
  File "C:\Users\user\Desktop\laba5\venv\Lib\site-packages\django\template\base.py", line 1000, in render
    return SafeString("".join([node.render_annotated(context) for node in self]))
                               ~~~~~~~~~~~~~~~~~~~~~^^^^^^^^^
  File "C:\Users\user\Desktop\laba5\venv\Lib\site-packages\django\template\base.py", line 961, in render_annotated
    return self.render(context)
           ~~~~~~~~~~~^^^^^^^^^
  File "C:\Users\user\Desktop\laba5\venv\Lib\site-packages\django\template\defaulttags.py", line 197, in render
    len_values = len(values)
  File "C:\Users\user\Desktop\laba5\venv\Lib\site-packages\django\db\models\query.py", line 380, in __len__
    self._fetch_all()
    ~~~~~~~~~~~~~~~^^
  File "C:\Users\user\Desktop\laba5\venv\Lib\site-packages\django\db\models\query.py", line 1926, in _fetch_all
    self._result_cache = list(self._iterable_class(self))
                         ~~~~^^^^^^^^^^^^^^^^^^^^^^^^^^^^
  File "C:\Users\user\Desktop\laba5\venv\Lib\site-packages\django\db\models\query.py", line 91, in __iter__
    results = compiler.execute_sql(
        chunked_fetch=self.chunked_fetch, chunk_size=self.chunk_size
    )
  File "C:\Users\user\Desktop\laba5\venv\Lib\site-packages\django\db\models\sql\compiler.py", line 1562, in execute_sql
    cursor.execute(sql, params)
    ~~~~~~~~~~~~~~^^^^^^^^^^^^^
  File "C:\Users\user\Desktop\laba5\venv\Lib\site-packages\django\db\backends\utils.py", line 122, in execute
    return super().execute(sql, params)
           ~~~~~~~~~~~~~~~^^^^^^^^^^^^^
  File "C:\Users\user\Desktop\laba5\venv\Lib\site-packages\django\db\backends\utils.py", line 79, in execute
    return self._execute_with_wrappers(
           ~~~~~~~~~~~~~~~~~~~~~~~~~~~^
        sql, params, many=False, executor=self._execute
        ^^^^^^^^^^^^^^^^^^^^^^^^^^^^^^^^^^^^^^^^^^^^^^^
    )
    ^
  File "C:\Users\user\Desktop\laba5\venv\Lib\site-packages\django\db\backends\utils.py", line 92, in _execute_with_wrappers
    return executor(sql, params, many, context)
  File "C:\Users\user\Desktop\laba5\venv\Lib\site-packages\django\db\backends\utils.py", line 100, in _execute
    with self.db.wrap_database_errors:
         ^^^^^^^^^^^^^^^^^^^^^^^^^^^^
  File "C:\Users\user\Desktop\laba5\venv\Lib\site-packages\django\db\utils.py", line 91, in __exit__
    raise dj_exc_value.with_traceback(traceback) from exc_value
  File "C:\Users\user\Desktop\laba5\venv\Lib\site-packages\django\db\backends\utils.py", line 105, in _execute
    return self.cursor.execute(sql, params)
           ~~~~~~~~~~~~~~~~~~~^^^^^^^^^^^^^
  File "C:\Users\user\Desktop\laba5\venv\Lib\site-packages\django\db\backends\sqlite3\base.py", line 328, in execute
    return super().execute(query, params)
           ~~~~~~~~~~~~~~~^^^^^^^^^^^^^^^
django.db.utils.OperationalError: no such column: main_vehicle.body_type_id
ERROR 2025-05-28 19:52:40,959 basehttp 11116 18912 "GET /vehicles/ HTTP/1.1" 500 214743
ERROR 2025-05-29 17:27:23,321 log 19960 22052 Internal Server Error: /drivers/list/
Traceback (most recent call last):
  File "C:\Users\user\Desktop\laba5\venv\Lib\site-packages\django\core\handlers\exception.py", line 55, in inner
    response = get_response(request)
  File "C:\Users\user\Desktop\laba5\venv\Lib\site-packages\django\core\handlers\base.py", line 197, in _get_response
    response = wrapped_callback(request, *callback_args, **callback_kwargs)
  File "C:\Users\user\Desktop\laba5\main\views.py", line 369, in driver_list
    drivers = Driver.objects.annotate(
        orders_count=Count('order'),
        rating=Avg('order__review__rating')
    )
  File "C:\Users\user\Desktop\laba5\venv\Lib\site-packages\django\db\models\manager.py", line 87, in manager_method
    return getattr(self.get_queryset(), name)(*args, **kwargs)
           ~~~~~~~~~~~~~~~~~~~~~~~~~~~~~~~~~~^^^^^^^^^^^^^^^^^
  File "C:\Users\user\Desktop\laba5\venv\Lib\site-packages\django\db\models\query.py", line 1630, in annotate
    return self._annotate(args, kwargs, select=True)
           ~~~~~~~~~~~~~~^^^^^^^^^^^^^^^^^^^^^^^^^^^
  File "C:\Users\user\Desktop\laba5\venv\Lib\site-packages\django\db\models\query.py", line 1678, in _annotate
    clone.query.add_annotation(
    ~~~~~~~~~~~~~~~~~~~~~~~~~~^
        annotation,
        ^^^^^^^^^^^
        alias,
        ^^^^^^
        select=select,
        ^^^^^^^^^^^^^^
    )
    ^
  File "C:\Users\user\Desktop\laba5\venv\Lib\site-packages\django\db\models\sql\query.py", line 1187, in add_annotation
    annotation = annotation.resolve_expression(self, allow_joins=True, reuse=None)
  File "C:\Users\user\Desktop\laba5\venv\Lib\site-packages\django\db\models\aggregates.py", line 64, in resolve_expression
    c = super().resolve_expression(query, allow_joins, reuse, summarize)
  File "C:\Users\user\Desktop\laba5\venv\Lib\site-packages\django\db\models\expressions.py", line 975, in resolve_expression
    c.source_expressions[pos] = arg.resolve_expression(
                                ~~~~~~~~~~~~~~~~~~~~~~^
        query, allow_joins, reuse, summarize, for_save
        ^^^^^^^^^^^^^^^^^^^^^^^^^^^^^^^^^^^^^^^^^^^^^^
    )
    ^
  File "C:\Users\user\Desktop\laba5\venv\Lib\site-packages\django\db\models\expressions.py", line 854, in resolve_expression
    return query.resolve_ref(self.name, allow_joins, reuse, summarize)
           ~~~~~~~~~~~~~~~~~^^^^^^^^^^^^^^^^^^^^^^^^^^^^^^^^^^^^^^^^^^
  File "C:\Users\user\Desktop\laba5\venv\Lib\site-packages\django\db\models\sql\query.py", line 2019, in resolve_ref
    transform = join_info.transform_function(targets[0], final_alias)
  File "C:\Users\user\Desktop\laba5\venv\Lib\site-packages\django\db\models\sql\query.py", line 1878, in transform
    wrapped = previous(field, alias)
  File "C:\Users\user\Desktop\laba5\venv\Lib\site-packages\django\db\models\sql\query.py", line 1879, in transform
    return self.try_transform(wrapped, name)
           ~~~~~~~~~~~~~~~~~~^^^^^^^^^^^^^^^
  File "C:\Users\user\Desktop\laba5\venv\Lib\site-packages\django\db\models\sql\query.py", line 1416, in try_transform
    raise FieldError(
    ...<2 lines>...
    )
django.core.exceptions.FieldError: Unsupported lookup 'review' for BigAutoField or join on the field not permitted.
ERROR 2025-05-29 17:27:23,328 basehttp 19960 22052 "GET /drivers/list/ HTTP/1.1" 500 129085
ERROR 2025-05-29 17:28:17,872 log 19960 22052 Internal Server Error: /register/
Traceback (most recent call last):
  File "C:\Users\user\Desktop\laba5\venv\Lib\site-packages\django\core\handlers\exception.py", line 55, in inner
    response = get_response(request)
  File "C:\Users\user\Desktop\laba5\venv\Lib\site-packages\django\core\handlers\base.py", line 197, in _get_response
    response = wrapped_callback(request, *callback_args, **callback_kwargs)
  File "C:\Users\user\Desktop\laba5\main\views.py", line 114, in register
    user = form.save()
  File "C:\Users\user\AppData\Local\Programs\Python\Python313\Lib\contextlib.py", line 85, in inner
    return func(*args, **kwds)
  File "C:\Users\user\Desktop\laba5\main\forms.py", line 58, in save
    Driver.objects.create(
    ~~~~~~~~~~~~~~~~~~~~~^
        user=user,
        ^^^^^^^^^^
    ...<4 lines>...
        birth_date=self.cleaned_data['birth_date']
        ^^^^^^^^^^^^^^^^^^^^^^^^^^^^^^^^^^^^^^^^^^
    )
    ^
  File "C:\Users\user\Desktop\laba5\venv\Lib\site-packages\django\db\models\manager.py", line 87, in manager_method
    return getattr(self.get_queryset(), name)(*args, **kwargs)
           ~~~~~~~~~~~~~~~~~~~~~~~~~~~~~~~~~~^^^^^^^^^^^^^^^^^
  File "C:\Users\user\Desktop\laba5\venv\Lib\site-packages\django\db\models\query.py", line 677, in create
    obj.save(force_insert=True, using=self.db)
    ~~~~~~~~^^^^^^^^^^^^^^^^^^^^^^^^^^^^^^^^^^
  File "C:\Users\user\Desktop\laba5\main\models.py", line 85, in save
    self.full_clean()
    ~~~~~~~~~~~~~~~^^
  File "C:\Users\user\Desktop\laba5\venv\Lib\site-packages\django\db\models\base.py", line 1552, in full_clean
    raise ValidationError(errors)
django.core.exceptions.ValidationError: {'birth_date': ['Водитель должен быть старше 18 лет.'], '__all__': ['Водитель должен быть старше 18 лет.']}
ERROR 2025-05-29 17:28:17,879 basehttp 19960 22052 "POST /register/ HTTP/1.1" 500 104121
ERROR 2025-05-29 17:31:50,005 log 13928 21524 Internal Server Error: /profile/driver/
Traceback (most recent call last):
  File "C:\Users\user\Desktop\laba5\venv\Lib\site-packages\django\core\handlers\exception.py", line 55, in inner
    response = get_response(request)
  File "C:\Users\user\Desktop\laba5\venv\Lib\site-packages\django\core\handlers\base.py", line 197, in _get_response
    response = wrapped_callback(request, *callback_args, **callback_kwargs)
  File "C:\Users\user\Desktop\laba5\venv\Lib\site-packages\django\contrib\auth\decorators.py", line 23, in _wrapper_view
    return view_func(request, *args, **kwargs)
  File "C:\Users\user\Desktop\laba5\main\views.py", line 138, in driver_profile
    return render(request, 'main/driver_profile.html')
  File "C:\Users\user\Desktop\laba5\venv\Lib\site-packages\django\shortcuts.py", line 24, in render
    content = loader.render_to_string(template_name, context, request, using=using)
  File "C:\Users\user\Desktop\laba5\venv\Lib\site-packages\django\template\loader.py", line 61, in render_to_string
    template = get_template(template_name, using=using)
  File "C:\Users\user\Desktop\laba5\venv\Lib\site-packages\django\template\loader.py", line 19, in get_template
    raise TemplateDoesNotExist(template_name, chain=chain)
django.template.exceptions.TemplateDoesNotExist: main/driver_profile.html
ERROR 2025-05-29 17:31:50,012 basehttp 13928 21524 "GET /profile/driver/ HTTP/1.1" 500 94328
ERROR 2025-05-29 17:31:55,191 log 13928 21524 Internal Server Error: /driver/schedule/
Traceback (most recent call last):
  File "C:\Users\user\Desktop\laba5\venv\Lib\site-packages\django\core\handlers\exception.py", line 55, in inner
    response = get_response(request)
  File "C:\Users\user\Desktop\laba5\venv\Lib\site-packages\django\core\handlers\base.py", line 197, in _get_response
    response = wrapped_callback(request, *callback_args, **callback_kwargs)
  File "C:\Users\user\Desktop\laba5\venv\Lib\site-packages\django\contrib\auth\decorators.py", line 23, in _wrapper_view
    return view_func(request, *args, **kwargs)
  File "C:\Users\user\Desktop\laba5\main\views.py", line 252, in driver_schedule
    ).order_by('pickup_date')
      ~~~~~~~~^^^^^^^^^^^^^^^
  File "C:\Users\user\Desktop\laba5\venv\Lib\site-packages\django\db\models\query.py", line 1699, in order_by
    obj.query.add_ordering(*field_names)
    ~~~~~~~~~~~~~~~~~~~~~~^^^^^^^^^^^^^^
  File "C:\Users\user\Desktop\laba5\venv\Lib\site-packages\django\db\models\sql\query.py", line 2242, in add_ordering
    self.names_to_path(item.split(LOOKUP_SEP), self.model._meta)
    ~~~~~~~~~~~~~~~~~~^^^^^^^^^^^^^^^^^^^^^^^^^^^^^^^^^^^^^^^^^^
  File "C:\Users\user\Desktop\laba5\venv\Lib\site-packages\django\db\models\sql\query.py", line 1761, in names_to_path
    raise FieldError(
    ...<2 lines>...
    )
django.core.exceptions.FieldError: Cannot resolve keyword 'pickup_date' into field. Choices are: cargo_type, cargo_type_id, client, client_id, created_at, delivery_address, driver, driver_id, id, notes, pickup_address, service, service_id, status, total_price, updated_at, volume, weight
ERROR 2025-05-29 17:31:55,196 basehttp 13928 21524 "GET /driver/schedule/ HTTP/1.1" 500 94469
ERROR 2025-05-29 17:31:58,407 log 13928 21524 Internal Server Error: /driver/clients/
Traceback (most recent call last):
  File "C:\Users\user\Desktop\laba5\venv\Lib\site-packages\django\core\handlers\exception.py", line 55, in inner
    response = get_response(request)
  File "C:\Users\user\Desktop\laba5\venv\Lib\site-packages\django\core\handlers\base.py", line 197, in _get_response
    response = wrapped_callback(request, *callback_args, **callback_kwargs)
  File "C:\Users\user\Desktop\laba5\venv\Lib\site-packages\django\contrib\auth\decorators.py", line 23, in _wrapper_view
    return view_func(request, *args, **kwargs)
  File "C:\Users\user\Desktop\laba5\main\views.py", line 268, in driver_clients
    return render(request, 'main/driver/clients.html', {
        'clients': clients
    })
  File "C:\Users\user\Desktop\laba5\venv\Lib\site-packages\django\shortcuts.py", line 24, in render
    content = loader.render_to_string(template_name, context, request, using=using)
  File "C:\Users\user\Desktop\laba5\venv\Lib\site-packages\django\template\loader.py", line 61, in render_to_string
    template = get_template(template_name, using=using)
  File "C:\Users\user\Desktop\laba5\venv\Lib\site-packages\django\template\loader.py", line 19, in get_template
    raise TemplateDoesNotExist(template_name, chain=chain)
django.template.exceptions.TemplateDoesNotExist: main/driver/clients.html
ERROR 2025-05-29 17:31:58,411 basehttp 13928 21524 "GET /driver/clients/ HTTP/1.1" 500 94602
ERROR 2025-05-29 17:32:01,311 log 13928 21524 Internal Server Error: /driver/cargo/
Traceback (most recent call last):
  File "C:\Users\user\Desktop\laba5\venv\Lib\site-packages\django\core\handlers\exception.py", line 55, in inner
    response = get_response(request)
  File "C:\Users\user\Desktop\laba5\venv\Lib\site-packages\django\core\handlers\base.py", line 197, in _get_response
    response = wrapped_callback(request, *callback_args, **callback_kwargs)
  File "C:\Users\user\Desktop\laba5\venv\Lib\site-packages\django\contrib\auth\decorators.py", line 23, in _wrapper_view
    return view_func(request, *args, **kwargs)
  File "C:\Users\user\Desktop\laba5\main\views.py", line 282, in driver_cargo
    return render(request, 'main/driver/cargo.html', {
        'cargo_types': cargo_types
    })
  File "C:\Users\user\Desktop\laba5\venv\Lib\site-packages\django\shortcuts.py", line 24, in render
    content = loader.render_to_string(template_name, context, request, using=using)
  File "C:\Users\user\Desktop\laba5\venv\Lib\site-packages\django\template\loader.py", line 61, in render_to_string
    template = get_template(template_name, using=using)
  File "C:\Users\user\Desktop\laba5\venv\Lib\site-packages\django\template\loader.py", line 19, in get_template
    raise TemplateDoesNotExist(template_name, chain=chain)
django.template.exceptions.TemplateDoesNotExist: main/driver/cargo.html
ERROR 2025-05-29 17:32:01,315 basehttp 13928 21524 "GET /driver/cargo/ HTTP/1.1" 500 94544
ERROR 2025-05-29 17:32:06,873 log 13928 21524 Internal Server Error: /drivers/list/
Traceback (most recent call last):
  File "C:\Users\user\Desktop\laba5\venv\Lib\site-packages\django\core\handlers\exception.py", line 55, in inner
    response = get_response(request)
  File "C:\Users\user\Desktop\laba5\venv\Lib\site-packages\django\core\handlers\base.py", line 197, in _get_response
    response = wrapped_callback(request, *callback_args, **callback_kwargs)
  File "C:\Users\user\Desktop\laba5\main\views.py", line 377, in driver_list
    drivers = Driver.objects.annotate(
        orders_count=Count('order'),
        rating=Avg('order__review__rating')
    )
  File "C:\Users\user\Desktop\laba5\venv\Lib\site-packages\django\db\models\manager.py", line 87, in manager_method
    return getattr(self.get_queryset(), name)(*args, **kwargs)
           ~~~~~~~~~~~~~~~~~~~~~~~~~~~~~~~~~~^^^^^^^^^^^^^^^^^
  File "C:\Users\user\Desktop\laba5\venv\Lib\site-packages\django\db\models\query.py", line 1630, in annotate
    return self._annotate(args, kwargs, select=True)
           ~~~~~~~~~~~~~~^^^^^^^^^^^^^^^^^^^^^^^^^^^
  File "C:\Users\user\Desktop\laba5\venv\Lib\site-packages\django\db\models\query.py", line 1678, in _annotate
    clone.query.add_annotation(
    ~~~~~~~~~~~~~~~~~~~~~~~~~~^
        annotation,
        ^^^^^^^^^^^
        alias,
        ^^^^^^
        select=select,
        ^^^^^^^^^^^^^^
    )
    ^
  File "C:\Users\user\Desktop\laba5\venv\Lib\site-packages\django\db\models\sql\query.py", line 1187, in add_annotation
    annotation = annotation.resolve_expression(self, allow_joins=True, reuse=None)
  File "C:\Users\user\Desktop\laba5\venv\Lib\site-packages\django\db\models\aggregates.py", line 64, in resolve_expression
    c = super().resolve_expression(query, allow_joins, reuse, summarize)
  File "C:\Users\user\Desktop\laba5\venv\Lib\site-packages\django\db\models\expressions.py", line 975, in resolve_expression
    c.source_expressions[pos] = arg.resolve_expression(
                                ~~~~~~~~~~~~~~~~~~~~~~^
        query, allow_joins, reuse, summarize, for_save
        ^^^^^^^^^^^^^^^^^^^^^^^^^^^^^^^^^^^^^^^^^^^^^^
    )
    ^
  File "C:\Users\user\Desktop\laba5\venv\Lib\site-packages\django\db\models\expressions.py", line 854, in resolve_expression
    return query.resolve_ref(self.name, allow_joins, reuse, summarize)
           ~~~~~~~~~~~~~~~~~^^^^^^^^^^^^^^^^^^^^^^^^^^^^^^^^^^^^^^^^^^
  File "C:\Users\user\Desktop\laba5\venv\Lib\site-packages\django\db\models\sql\query.py", line 2019, in resolve_ref
    transform = join_info.transform_function(targets[0], final_alias)
  File "C:\Users\user\Desktop\laba5\venv\Lib\site-packages\django\db\models\sql\query.py", line 1878, in transform
    wrapped = previous(field, alias)
  File "C:\Users\user\Desktop\laba5\venv\Lib\site-packages\django\db\models\sql\query.py", line 1879, in transform
    return self.try_transform(wrapped, name)
           ~~~~~~~~~~~~~~~~~~^^^^^^^^^^^^^^^
  File "C:\Users\user\Desktop\laba5\venv\Lib\site-packages\django\db\models\sql\query.py", line 1416, in try_transform
    raise FieldError(
    ...<2 lines>...
    )
django.core.exceptions.FieldError: Unsupported lookup 'review' for BigAutoField or join on the field not permitted.
ERROR 2025-05-29 17:32:06,881 basehttp 13928 21524 "GET /drivers/list/ HTTP/1.1" 500 128995
ERROR 2025-05-29 17:32:49,628 log 13928 21524 Internal Server Error: /drivers/list/
Traceback (most recent call last):
  File "C:\Users\user\Desktop\laba5\venv\Lib\site-packages\django\core\handlers\exception.py", line 55, in inner
    response = get_response(request)
  File "C:\Users\user\Desktop\laba5\venv\Lib\site-packages\django\core\handlers\base.py", line 197, in _get_response
    response = wrapped_callback(request, *callback_args, **callback_kwargs)
  File "C:\Users\user\Desktop\laba5\main\views.py", line 377, in driver_list
    drivers = Driver.objects.annotate(
        orders_count=Count('order'),
        rating=Avg('order__review__rating')
    )
  File "C:\Users\user\Desktop\laba5\venv\Lib\site-packages\django\db\models\manager.py", line 87, in manager_method
    return getattr(self.get_queryset(), name)(*args, **kwargs)
           ~~~~~~~~~~~~~~~~~~~~~~~~~~~~~~~~~~^^^^^^^^^^^^^^^^^
  File "C:\Users\user\Desktop\laba5\venv\Lib\site-packages\django\db\models\query.py", line 1630, in annotate
    return self._annotate(args, kwargs, select=True)
           ~~~~~~~~~~~~~~^^^^^^^^^^^^^^^^^^^^^^^^^^^
  File "C:\Users\user\Desktop\laba5\venv\Lib\site-packages\django\db\models\query.py", line 1678, in _annotate
    clone.query.add_annotation(
    ~~~~~~~~~~~~~~~~~~~~~~~~~~^
        annotation,
        ^^^^^^^^^^^
        alias,
        ^^^^^^
        select=select,
        ^^^^^^^^^^^^^^
    )
    ^
  File "C:\Users\user\Desktop\laba5\venv\Lib\site-packages\django\db\models\sql\query.py", line 1187, in add_annotation
    annotation = annotation.resolve_expression(self, allow_joins=True, reuse=None)
  File "C:\Users\user\Desktop\laba5\venv\Lib\site-packages\django\db\models\aggregates.py", line 64, in resolve_expression
    c = super().resolve_expression(query, allow_joins, reuse, summarize)
  File "C:\Users\user\Desktop\laba5\venv\Lib\site-packages\django\db\models\expressions.py", line 975, in resolve_expression
    c.source_expressions[pos] = arg.resolve_expression(
                                ~~~~~~~~~~~~~~~~~~~~~~^
        query, allow_joins, reuse, summarize, for_save
        ^^^^^^^^^^^^^^^^^^^^^^^^^^^^^^^^^^^^^^^^^^^^^^
    )
    ^
  File "C:\Users\user\Desktop\laba5\venv\Lib\site-packages\django\db\models\expressions.py", line 854, in resolve_expression
    return query.resolve_ref(self.name, allow_joins, reuse, summarize)
           ~~~~~~~~~~~~~~~~~^^^^^^^^^^^^^^^^^^^^^^^^^^^^^^^^^^^^^^^^^^
  File "C:\Users\user\Desktop\laba5\venv\Lib\site-packages\django\db\models\sql\query.py", line 2019, in resolve_ref
    transform = join_info.transform_function(targets[0], final_alias)
  File "C:\Users\user\Desktop\laba5\venv\Lib\site-packages\django\db\models\sql\query.py", line 1878, in transform
    wrapped = previous(field, alias)
  File "C:\Users\user\Desktop\laba5\venv\Lib\site-packages\django\db\models\sql\query.py", line 1879, in transform
    return self.try_transform(wrapped, name)
           ~~~~~~~~~~~~~~~~~~^^^^^^^^^^^^^^^
  File "C:\Users\user\Desktop\laba5\venv\Lib\site-packages\django\db\models\sql\query.py", line 1416, in try_transform
    raise FieldError(
    ...<2 lines>...
    )
django.core.exceptions.FieldError: Unsupported lookup 'review' for BigAutoField or join on the field not permitted.
ERROR 2025-05-29 17:32:49,635 basehttp 13928 21524 "GET /drivers/list/ HTTP/1.1" 500 128995
ERROR 2025-05-29 17:33:04,468 log 13928 21524 Internal Server Error: /drivers/list/
Traceback (most recent call last):
  File "C:\Users\user\Desktop\laba5\venv\Lib\site-packages\django\core\handlers\exception.py", line 55, in inner
    response = get_response(request)
  File "C:\Users\user\Desktop\laba5\venv\Lib\site-packages\django\core\handlers\base.py", line 197, in _get_response
    response = wrapped_callback(request, *callback_args, **callback_kwargs)
  File "C:\Users\user\Desktop\laba5\main\views.py", line 377, in driver_list
    drivers = Driver.objects.annotate(
        orders_count=Count('order'),
        rating=Avg('order__review__rating')
    )
  File "C:\Users\user\Desktop\laba5\venv\Lib\site-packages\django\db\models\manager.py", line 87, in manager_method
    return getattr(self.get_queryset(), name)(*args, **kwargs)
           ~~~~~~~~~~~~~~~~~~~~~~~~~~~~~~~~~~^^^^^^^^^^^^^^^^^
  File "C:\Users\user\Desktop\laba5\venv\Lib\site-packages\django\db\models\query.py", line 1630, in annotate
    return self._annotate(args, kwargs, select=True)
           ~~~~~~~~~~~~~~^^^^^^^^^^^^^^^^^^^^^^^^^^^
  File "C:\Users\user\Desktop\laba5\venv\Lib\site-packages\django\db\models\query.py", line 1678, in _annotate
    clone.query.add_annotation(
    ~~~~~~~~~~~~~~~~~~~~~~~~~~^
        annotation,
        ^^^^^^^^^^^
        alias,
        ^^^^^^
        select=select,
        ^^^^^^^^^^^^^^
    )
    ^
  File "C:\Users\user\Desktop\laba5\venv\Lib\site-packages\django\db\models\sql\query.py", line 1187, in add_annotation
    annotation = annotation.resolve_expression(self, allow_joins=True, reuse=None)
  File "C:\Users\user\Desktop\laba5\venv\Lib\site-packages\django\db\models\aggregates.py", line 64, in resolve_expression
    c = super().resolve_expression(query, allow_joins, reuse, summarize)
  File "C:\Users\user\Desktop\laba5\venv\Lib\site-packages\django\db\models\expressions.py", line 975, in resolve_expression
    c.source_expressions[pos] = arg.resolve_expression(
                                ~~~~~~~~~~~~~~~~~~~~~~^
        query, allow_joins, reuse, summarize, for_save
        ^^^^^^^^^^^^^^^^^^^^^^^^^^^^^^^^^^^^^^^^^^^^^^
    )
    ^
  File "C:\Users\user\Desktop\laba5\venv\Lib\site-packages\django\db\models\expressions.py", line 854, in resolve_expression
    return query.resolve_ref(self.name, allow_joins, reuse, summarize)
           ~~~~~~~~~~~~~~~~~^^^^^^^^^^^^^^^^^^^^^^^^^^^^^^^^^^^^^^^^^^
  File "C:\Users\user\Desktop\laba5\venv\Lib\site-packages\django\db\models\sql\query.py", line 2019, in resolve_ref
    transform = join_info.transform_function(targets[0], final_alias)
  File "C:\Users\user\Desktop\laba5\venv\Lib\site-packages\django\db\models\sql\query.py", line 1878, in transform
    wrapped = previous(field, alias)
  File "C:\Users\user\Desktop\laba5\venv\Lib\site-packages\django\db\models\sql\query.py", line 1879, in transform
    return self.try_transform(wrapped, name)
           ~~~~~~~~~~~~~~~~~~^^^^^^^^^^^^^^^
  File "C:\Users\user\Desktop\laba5\venv\Lib\site-packages\django\db\models\sql\query.py", line 1416, in try_transform
    raise FieldError(
    ...<2 lines>...
    )
django.core.exceptions.FieldError: Unsupported lookup 'review' for BigAutoField or join on the field not permitted.
ERROR 2025-05-29 17:33:04,473 basehttp 13928 21524 "GET /drivers/list/ HTTP/1.1" 500 128995
ERROR 2025-05-29 17:33:10,889 log 13928 21524 Internal Server Error: /profile/driver/
Traceback (most recent call last):
  File "C:\Users\user\Desktop\laba5\venv\Lib\site-packages\django\core\handlers\exception.py", line 55, in inner
    response = get_response(request)
  File "C:\Users\user\Desktop\laba5\venv\Lib\site-packages\django\core\handlers\base.py", line 197, in _get_response
    response = wrapped_callback(request, *callback_args, **callback_kwargs)
  File "C:\Users\user\Desktop\laba5\venv\Lib\site-packages\django\contrib\auth\decorators.py", line 23, in _wrapper_view
    return view_func(request, *args, **kwargs)
  File "C:\Users\user\Desktop\laba5\main\views.py", line 138, in driver_profile
    return render(request, 'main/driver_profile.html')
  File "C:\Users\user\Desktop\laba5\venv\Lib\site-packages\django\shortcuts.py", line 24, in render
    content = loader.render_to_string(template_name, context, request, using=using)
  File "C:\Users\user\Desktop\laba5\venv\Lib\site-packages\django\template\loader.py", line 61, in render_to_string
    template = get_template(template_name, using=using)
  File "C:\Users\user\Desktop\laba5\venv\Lib\site-packages\django\template\loader.py", line 19, in get_template
    raise TemplateDoesNotExist(template_name, chain=chain)
django.template.exceptions.TemplateDoesNotExist: main/driver_profile.html
ERROR 2025-05-29 17:33:10,893 basehttp 13928 21524 "GET /profile/driver/ HTTP/1.1" 500 94339
ERROR 2025-05-29 17:33:25,538 log 13928 21524 Internal Server Error: /driver/schedule/
Traceback (most recent call last):
  File "C:\Users\user\Desktop\laba5\venv\Lib\site-packages\django\core\handlers\exception.py", line 55, in inner
    response = get_response(request)
  File "C:\Users\user\Desktop\laba5\venv\Lib\site-packages\django\core\handlers\base.py", line 197, in _get_response
    response = wrapped_callback(request, *callback_args, **callback_kwargs)
  File "C:\Users\user\Desktop\laba5\venv\Lib\site-packages\django\contrib\auth\decorators.py", line 23, in _wrapper_view
    return view_func(request, *args, **kwargs)
  File "C:\Users\user\Desktop\laba5\main\views.py", line 252, in driver_schedule
    ).order_by('pickup_date')
      ~~~~~~~~^^^^^^^^^^^^^^^
  File "C:\Users\user\Desktop\laba5\venv\Lib\site-packages\django\db\models\query.py", line 1699, in order_by
    obj.query.add_ordering(*field_names)
    ~~~~~~~~~~~~~~~~~~~~~~^^^^^^^^^^^^^^
  File "C:\Users\user\Desktop\laba5\venv\Lib\site-packages\django\db\models\sql\query.py", line 2242, in add_ordering
    self.names_to_path(item.split(LOOKUP_SEP), self.model._meta)
    ~~~~~~~~~~~~~~~~~~^^^^^^^^^^^^^^^^^^^^^^^^^^^^^^^^^^^^^^^^^^
  File "C:\Users\user\Desktop\laba5\venv\Lib\site-packages\django\db\models\sql\query.py", line 1761, in names_to_path
    raise FieldError(
    ...<2 lines>...
    )
django.core.exceptions.FieldError: Cannot resolve keyword 'pickup_date' into field. Choices are: cargo_type, cargo_type_id, client, client_id, created_at, delivery_address, driver, driver_id, id, notes, pickup_address, service, service_id, status, total_price, updated_at, volume, weight
ERROR 2025-05-29 17:33:25,540 basehttp 13928 21524 "GET /driver/schedule/ HTTP/1.1" 500 94480
ERROR 2025-05-29 17:33:40,066 log 13928 21524 Internal Server Error: /driver/clients/
Traceback (most recent call last):
  File "C:\Users\user\Desktop\laba5\venv\Lib\site-packages\django\core\handlers\exception.py", line 55, in inner
    response = get_response(request)
  File "C:\Users\user\Desktop\laba5\venv\Lib\site-packages\django\core\handlers\base.py", line 197, in _get_response
    response = wrapped_callback(request, *callback_args, **callback_kwargs)
  File "C:\Users\user\Desktop\laba5\venv\Lib\site-packages\django\contrib\auth\decorators.py", line 23, in _wrapper_view
    return view_func(request, *args, **kwargs)
  File "C:\Users\user\Desktop\laba5\main\views.py", line 268, in driver_clients
    return render(request, 'main/driver/clients.html', {
        'clients': clients
    })
  File "C:\Users\user\Desktop\laba5\venv\Lib\site-packages\django\shortcuts.py", line 24, in render
    content = loader.render_to_string(template_name, context, request, using=using)
  File "C:\Users\user\Desktop\laba5\venv\Lib\site-packages\django\template\loader.py", line 61, in render_to_string
    template = get_template(template_name, using=using)
  File "C:\Users\user\Desktop\laba5\venv\Lib\site-packages\django\template\loader.py", line 19, in get_template
    raise TemplateDoesNotExist(template_name, chain=chain)
django.template.exceptions.TemplateDoesNotExist: main/driver/clients.html
ERROR 2025-05-29 17:33:40,071 basehttp 13928 21524 "GET /driver/clients/ HTTP/1.1" 500 94613
ERROR 2025-05-29 17:33:51,914 log 13928 21524 Internal Server Error: /driver/cargo/
Traceback (most recent call last):
  File "C:\Users\user\Desktop\laba5\venv\Lib\site-packages\django\core\handlers\exception.py", line 55, in inner
    response = get_response(request)
  File "C:\Users\user\Desktop\laba5\venv\Lib\site-packages\django\core\handlers\base.py", line 197, in _get_response
    response = wrapped_callback(request, *callback_args, **callback_kwargs)
  File "C:\Users\user\Desktop\laba5\venv\Lib\site-packages\django\contrib\auth\decorators.py", line 23, in _wrapper_view
    return view_func(request, *args, **kwargs)
  File "C:\Users\user\Desktop\laba5\main\views.py", line 282, in driver_cargo
    return render(request, 'main/driver/cargo.html', {
        'cargo_types': cargo_types
    })
  File "C:\Users\user\Desktop\laba5\venv\Lib\site-packages\django\shortcuts.py", line 24, in render
    content = loader.render_to_string(template_name, context, request, using=using)
  File "C:\Users\user\Desktop\laba5\venv\Lib\site-packages\django\template\loader.py", line 61, in render_to_string
    template = get_template(template_name, using=using)
  File "C:\Users\user\Desktop\laba5\venv\Lib\site-packages\django\template\loader.py", line 19, in get_template
    raise TemplateDoesNotExist(template_name, chain=chain)
django.template.exceptions.TemplateDoesNotExist: main/driver/cargo.html
ERROR 2025-05-29 17:33:51,919 basehttp 13928 21524 "GET /driver/cargo/ HTTP/1.1" 500 94555
ERROR 2025-05-29 17:40:20,994 log 25408 6324 Internal Server Error: /contacts/
Traceback (most recent call last):
  File "C:\Users\user\Desktop\laba5\venv\Lib\site-packages\django\core\handlers\exception.py", line 55, in inner
    response = get_response(request)
  File "C:\Users\user\Desktop\laba5\venv\Lib\site-packages\django\core\handlers\base.py", line 197, in _get_response
    response = wrapped_callback(request, *callback_args, **callback_kwargs)
  File "C:\Users\user\Desktop\laba5\main\views.py", line 41, in contacts
    return render(request, 'main/contacts.html')
  File "C:\Users\user\Desktop\laba5\venv\Lib\site-packages\django\shortcuts.py", line 24, in render
    content = loader.render_to_string(template_name, context, request, using=using)
  File "C:\Users\user\Desktop\laba5\venv\Lib\site-packages\django\template\loader.py", line 62, in render_to_string
    return template.render(context, request)
           ~~~~~~~~~~~~~~~^^^^^^^^^^^^^^^^^^
  File "C:\Users\user\Desktop\laba5\venv\Lib\site-packages\django\template\backends\django.py", line 61, in render
    return self.template.render(context)
           ~~~~~~~~~~~~~~~~~~~~^^^^^^^^^
  File "C:\Users\user\Desktop\laba5\venv\Lib\site-packages\django\template\base.py", line 171, in render
    return self._render(context)
           ~~~~~~~~~~~~^^^^^^^^^
  File "C:\Users\user\Desktop\laba5\venv\Lib\site-packages\django\template\base.py", line 163, in _render
    return self.nodelist.render(context)
           ~~~~~~~~~~~~~~~~~~~~^^^^^^^^^
  File "C:\Users\user\Desktop\laba5\venv\Lib\site-packages\django\template\base.py", line 1000, in render
    return SafeString("".join([node.render_annotated(context) for node in self]))
                               ~~~~~~~~~~~~~~~~~~~~~^^^^^^^^^
  File "C:\Users\user\Desktop\laba5\venv\Lib\site-packages\django\template\base.py", line 961, in render_annotated
    return self.render(context)
           ~~~~~~~~~~~^^^^^^^^^
  File "C:\Users\user\Desktop\laba5\venv\Lib\site-packages\django\template\loader_tags.py", line 159, in render
    return compiled_parent._render(context)
           ~~~~~~~~~~~~~~~~~~~~~~~^^^^^^^^^
  File "C:\Users\user\Desktop\laba5\venv\Lib\site-packages\django\template\base.py", line 163, in _render
    return self.nodelist.render(context)
           ~~~~~~~~~~~~~~~~~~~~^^^^^^^^^
  File "C:\Users\user\Desktop\laba5\venv\Lib\site-packages\django\template\base.py", line 1000, in render
    return SafeString("".join([node.render_annotated(context) for node in self]))
                               ~~~~~~~~~~~~~~~~~~~~~^^^^^^^^^
  File "C:\Users\user\Desktop\laba5\venv\Lib\site-packages\django\template\base.py", line 961, in render_annotated
    return self.render(context)
           ~~~~~~~~~~~^^^^^^^^^
  File "C:\Users\user\Desktop\laba5\venv\Lib\site-packages\django\template\defaulttags.py", line 478, in render
    url = reverse(view_name, args=args, kwargs=kwargs, current_app=current_app)
  File "C:\Users\user\Desktop\laba5\venv\Lib\site-packages\django\urls\base.py", line 88, in reverse
    return resolver._reverse_with_prefix(view, prefix, *args, **kwargs)
           ~~~~~~~~~~~~~~~~~~~~~~~~~~~~~^^^^^^^^^^^^^^^^^^^^^^^^^^^^^^^
  File "C:\Users\user\Desktop\laba5\venv\Lib\site-packages\django\urls\resolvers.py", line 848, in _reverse_with_prefix
    raise NoReverseMatch(msg)
django.urls.exceptions.NoReverseMatch: Reverse for 'services' not found. 'services' is not a valid view function or pattern name.
ERROR 2025-05-29 17:40:21,008 basehttp 25408 6324 "GET /contacts/ HTTP/1.1" 500 143881
ERROR 2025-05-29 17:40:24,067 log 25408 6324 Internal Server Error: /about/
Traceback (most recent call last):
  File "C:\Users\user\Desktop\laba5\venv\Lib\site-packages\django\core\handlers\exception.py", line 55, in inner
    response = get_response(request)
  File "C:\Users\user\Desktop\laba5\venv\Lib\site-packages\django\core\handlers\base.py", line 197, in _get_response
    response = wrapped_callback(request, *callback_args, **callback_kwargs)
  File "C:\Users\user\Desktop\laba5\main\views.py", line 29, in about
    return render(request, 'main/about.html')
  File "C:\Users\user\Desktop\laba5\venv\Lib\site-packages\django\shortcuts.py", line 24, in render
    content = loader.render_to_string(template_name, context, request, using=using)
  File "C:\Users\user\Desktop\laba5\venv\Lib\site-packages\django\template\loader.py", line 62, in render_to_string
    return template.render(context, request)
           ~~~~~~~~~~~~~~~^^^^^^^^^^^^^^^^^^
  File "C:\Users\user\Desktop\laba5\venv\Lib\site-packages\django\template\backends\django.py", line 61, in render
    return self.template.render(context)
           ~~~~~~~~~~~~~~~~~~~~^^^^^^^^^
  File "C:\Users\user\Desktop\laba5\venv\Lib\site-packages\django\template\base.py", line 171, in render
    return self._render(context)
           ~~~~~~~~~~~~^^^^^^^^^
  File "C:\Users\user\Desktop\laba5\venv\Lib\site-packages\django\template\base.py", line 163, in _render
    return self.nodelist.render(context)
           ~~~~~~~~~~~~~~~~~~~~^^^^^^^^^
  File "C:\Users\user\Desktop\laba5\venv\Lib\site-packages\django\template\base.py", line 1000, in render
    return SafeString("".join([node.render_annotated(context) for node in self]))
                               ~~~~~~~~~~~~~~~~~~~~~^^^^^^^^^
  File "C:\Users\user\Desktop\laba5\venv\Lib\site-packages\django\template\base.py", line 961, in render_annotated
    return self.render(context)
           ~~~~~~~~~~~^^^^^^^^^
  File "C:\Users\user\Desktop\laba5\venv\Lib\site-packages\django\template\loader_tags.py", line 159, in render
    return compiled_parent._render(context)
           ~~~~~~~~~~~~~~~~~~~~~~~^^^^^^^^^
  File "C:\Users\user\Desktop\laba5\venv\Lib\site-packages\django\template\base.py", line 163, in _render
    return self.nodelist.render(context)
           ~~~~~~~~~~~~~~~~~~~~^^^^^^^^^
  File "C:\Users\user\Desktop\laba5\venv\Lib\site-packages\django\template\base.py", line 1000, in render
    return SafeString("".join([node.render_annotated(context) for node in self]))
                               ~~~~~~~~~~~~~~~~~~~~~^^^^^^^^^
  File "C:\Users\user\Desktop\laba5\venv\Lib\site-packages\django\template\base.py", line 961, in render_annotated
    return self.render(context)
           ~~~~~~~~~~~^^^^^^^^^
  File "C:\Users\user\Desktop\laba5\venv\Lib\site-packages\django\template\defaulttags.py", line 478, in render
    url = reverse(view_name, args=args, kwargs=kwargs, current_app=current_app)
  File "C:\Users\user\Desktop\laba5\venv\Lib\site-packages\django\urls\base.py", line 88, in reverse
    return resolver._reverse_with_prefix(view, prefix, *args, **kwargs)
           ~~~~~~~~~~~~~~~~~~~~~~~~~~~~~^^^^^^^^^^^^^^^^^^^^^^^^^^^^^^^
  File "C:\Users\user\Desktop\laba5\venv\Lib\site-packages\django\urls\resolvers.py", line 848, in _reverse_with_prefix
    raise NoReverseMatch(msg)
django.urls.exceptions.NoReverseMatch: Reverse for 'services' not found. 'services' is not a valid view function or pattern name.
ERROR 2025-05-29 17:40:24,074 basehttp 25408 6324 "GET /about/ HTTP/1.1" 500 143663
ERROR 2025-05-29 17:40:26,642 log 25408 6324 Internal Server Error: /
Traceback (most recent call last):
  File "C:\Users\user\Desktop\laba5\venv\Lib\site-packages\django\core\handlers\exception.py", line 55, in inner
    response = get_response(request)
  File "C:\Users\user\Desktop\laba5\venv\Lib\site-packages\django\core\handlers\base.py", line 197, in _get_response
    response = wrapped_callback(request, *callback_args, **callback_kwargs)
  File "C:\Users\user\Desktop\laba5\main\views.py", line 23, in index
    return render(request, 'main/index.html', {
        # 'latest_news': latest_news
    })
  File "C:\Users\user\Desktop\laba5\venv\Lib\site-packages\django\shortcuts.py", line 24, in render
    content = loader.render_to_string(template_name, context, request, using=using)
  File "C:\Users\user\Desktop\laba5\venv\Lib\site-packages\django\template\loader.py", line 62, in render_to_string
    return template.render(context, request)
           ~~~~~~~~~~~~~~~^^^^^^^^^^^^^^^^^^
  File "C:\Users\user\Desktop\laba5\venv\Lib\site-packages\django\template\backends\django.py", line 61, in render
    return self.template.render(context)
           ~~~~~~~~~~~~~~~~~~~~^^^^^^^^^
  File "C:\Users\user\Desktop\laba5\venv\Lib\site-packages\django\template\base.py", line 171, in render
    return self._render(context)
           ~~~~~~~~~~~~^^^^^^^^^
  File "C:\Users\user\Desktop\laba5\venv\Lib\site-packages\django\template\base.py", line 163, in _render
    return self.nodelist.render(context)
           ~~~~~~~~~~~~~~~~~~~~^^^^^^^^^
  File "C:\Users\user\Desktop\laba5\venv\Lib\site-packages\django\template\base.py", line 1000, in render
    return SafeString("".join([node.render_annotated(context) for node in self]))
                               ~~~~~~~~~~~~~~~~~~~~~^^^^^^^^^
  File "C:\Users\user\Desktop\laba5\venv\Lib\site-packages\django\template\base.py", line 961, in render_annotated
    return self.render(context)
           ~~~~~~~~~~~^^^^^^^^^
  File "C:\Users\user\Desktop\laba5\venv\Lib\site-packages\django\template\loader_tags.py", line 159, in render
    return compiled_parent._render(context)
           ~~~~~~~~~~~~~~~~~~~~~~~^^^^^^^^^
  File "C:\Users\user\Desktop\laba5\venv\Lib\site-packages\django\template\base.py", line 163, in _render
    return self.nodelist.render(context)
           ~~~~~~~~~~~~~~~~~~~~^^^^^^^^^
  File "C:\Users\user\Desktop\laba5\venv\Lib\site-packages\django\template\base.py", line 1000, in render
    return SafeString("".join([node.render_annotated(context) for node in self]))
                               ~~~~~~~~~~~~~~~~~~~~~^^^^^^^^^
  File "C:\Users\user\Desktop\laba5\venv\Lib\site-packages\django\template\base.py", line 961, in render_annotated
    return self.render(context)
           ~~~~~~~~~~~^^^^^^^^^
  File "C:\Users\user\Desktop\laba5\venv\Lib\site-packages\django\template\defaulttags.py", line 478, in render
    url = reverse(view_name, args=args, kwargs=kwargs, current_app=current_app)
  File "C:\Users\user\Desktop\laba5\venv\Lib\site-packages\django\urls\base.py", line 88, in reverse
    return resolver._reverse_with_prefix(view, prefix, *args, **kwargs)
           ~~~~~~~~~~~~~~~~~~~~~~~~~~~~~^^^^^^^^^^^^^^^^^^^^^^^^^^^^^^^
  File "C:\Users\user\Desktop\laba5\venv\Lib\site-packages\django\urls\resolvers.py", line 848, in _reverse_with_prefix
    raise NoReverseMatch(msg)
django.urls.exceptions.NoReverseMatch: Reverse for 'services' not found. 'services' is not a valid view function or pattern name.
ERROR 2025-05-29 17:40:26,649 basehttp 25408 6324 "GET / HTTP/1.1" 500 143882
ERROR 2025-05-29 17:41:06,664 log 25408 6324 Internal Server Error: /about/
Traceback (most recent call last):
  File "C:\Users\user\Desktop\laba5\venv\Lib\site-packages\django\core\handlers\exception.py", line 55, in inner
    response = get_response(request)
  File "C:\Users\user\Desktop\laba5\venv\Lib\site-packages\django\core\handlers\base.py", line 197, in _get_response
    response = wrapped_callback(request, *callback_args, **callback_kwargs)
  File "C:\Users\user\Desktop\laba5\main\views.py", line 29, in about
    return render(request, 'main/about.html')
  File "C:\Users\user\Desktop\laba5\venv\Lib\site-packages\django\shortcuts.py", line 24, in render
    content = loader.render_to_string(template_name, context, request, using=using)
  File "C:\Users\user\Desktop\laba5\venv\Lib\site-packages\django\template\loader.py", line 62, in render_to_string
    return template.render(context, request)
           ~~~~~~~~~~~~~~~^^^^^^^^^^^^^^^^^^
  File "C:\Users\user\Desktop\laba5\venv\Lib\site-packages\django\template\backends\django.py", line 61, in render
    return self.template.render(context)
           ~~~~~~~~~~~~~~~~~~~~^^^^^^^^^
  File "C:\Users\user\Desktop\laba5\venv\Lib\site-packages\django\template\base.py", line 171, in render
    return self._render(context)
           ~~~~~~~~~~~~^^^^^^^^^
  File "C:\Users\user\Desktop\laba5\venv\Lib\site-packages\django\template\base.py", line 163, in _render
    return self.nodelist.render(context)
           ~~~~~~~~~~~~~~~~~~~~^^^^^^^^^
  File "C:\Users\user\Desktop\laba5\venv\Lib\site-packages\django\template\base.py", line 1000, in render
    return SafeString("".join([node.render_annotated(context) for node in self]))
                               ~~~~~~~~~~~~~~~~~~~~~^^^^^^^^^
  File "C:\Users\user\Desktop\laba5\venv\Lib\site-packages\django\template\base.py", line 961, in render_annotated
    return self.render(context)
           ~~~~~~~~~~~^^^^^^^^^
  File "C:\Users\user\Desktop\laba5\venv\Lib\site-packages\django\template\loader_tags.py", line 159, in render
    return compiled_parent._render(context)
           ~~~~~~~~~~~~~~~~~~~~~~~^^^^^^^^^
  File "C:\Users\user\Desktop\laba5\venv\Lib\site-packages\django\template\base.py", line 163, in _render
    return self.nodelist.render(context)
           ~~~~~~~~~~~~~~~~~~~~^^^^^^^^^
  File "C:\Users\user\Desktop\laba5\venv\Lib\site-packages\django\template\base.py", line 1000, in render
    return SafeString("".join([node.render_annotated(context) for node in self]))
                               ~~~~~~~~~~~~~~~~~~~~~^^^^^^^^^
  File "C:\Users\user\Desktop\laba5\venv\Lib\site-packages\django\template\base.py", line 961, in render_annotated
    return self.render(context)
           ~~~~~~~~~~~^^^^^^^^^
  File "C:\Users\user\Desktop\laba5\venv\Lib\site-packages\django\template\defaulttags.py", line 478, in render
    url = reverse(view_name, args=args, kwargs=kwargs, current_app=current_app)
  File "C:\Users\user\Desktop\laba5\venv\Lib\site-packages\django\urls\base.py", line 88, in reverse
    return resolver._reverse_with_prefix(view, prefix, *args, **kwargs)
           ~~~~~~~~~~~~~~~~~~~~~~~~~~~~~^^^^^^^^^^^^^^^^^^^^^^^^^^^^^^^
  File "C:\Users\user\Desktop\laba5\venv\Lib\site-packages\django\urls\resolvers.py", line 848, in _reverse_with_prefix
    raise NoReverseMatch(msg)
django.urls.exceptions.NoReverseMatch: Reverse for 'services' not found. 'services' is not a valid view function or pattern name.
ERROR 2025-05-29 17:41:06,668 basehttp 25408 6324 "GET /about/ HTTP/1.1" 500 143663
ERROR 2025-05-29 17:48:33,109 log 23996 11504 Internal Server Error: /statistics/
Traceback (most recent call last):
  File "C:\Users\user\Desktop\laba5\venv\Lib\site-packages\django\core\handlers\exception.py", line 55, in inner
    response = get_response(request)
  File "C:\Users\user\Desktop\laba5\venv\Lib\site-packages\django\core\handlers\base.py", line 197, in _get_response
    response = wrapped_callback(request, *callback_args, **callback_kwargs)
  File "C:\Users\user\Desktop\laba5\venv\Lib\site-packages\django\contrib\auth\decorators.py", line 23, in _wrapper_view
    return view_func(request, *args, **kwargs)
  File "C:\Users\user\Desktop\laba5\main\views.py", line 211, in statistics
    plt.bar([x['driver__vehicle__type__name'] for x in avg_price_by_vehicle],
    ~~~~~~~^^^^^^^^^^^^^^^^^^^^^^^^^^^^^^^^^^^^^^^^^^^^^^^^^^^^^^^^^^^^^^^^^^
            [x['avg_price'] for x in avg_price_by_vehicle])
            ^^^^^^^^^^^^^^^^^^^^^^^^^^^^^^^^^^^^^^^^^^^^^^^
  File "C:\Users\user\Desktop\laba5\venv\Lib\site-packages\matplotlib\pyplot.py", line 2990, in bar
    return gca().bar(
           ~~~~~~~~~^
        x,
        ^^
    ...<5 lines>...
        **kwargs,
        ^^^^^^^^^
    )
    ^
  File "C:\Users\user\Desktop\laba5\venv\Lib\site-packages\matplotlib\__init__.py", line 1521, in inner
    return func(
        ax,
        *map(cbook.sanitize_sequence, args),
        **{k: cbook.sanitize_sequence(v) for k, v in kwargs.items()})
  File "C:\Users\user\Desktop\laba5\venv\Lib\site-packages\matplotlib\axes\_axes.py", line 2555, in bar
    self._process_unit_info(
    ~~~~~~~~~~~~~~~~~~~~~~~^
        [("x", x), ("y", y), ("y", height)], kwargs, convert=False)
        ^^^^^^^^^^^^^^^^^^^^^^^^^^^^^^^^^^^^^^^^^^^^^^^^^^^^^^^^^^^
  File "C:\Users\user\Desktop\laba5\venv\Lib\site-packages\matplotlib\axes\_base.py", line 2653, in _process_unit_info
    axis.update_units(data)
    ~~~~~~~~~~~~~~~~~^^^^^^
  File "C:\Users\user\Desktop\laba5\venv\Lib\site-packages\matplotlib\axis.py", line 1754, in update_units
    default = self._converter.default_units(data, self)
  File "C:\Users\user\Desktop\laba5\venv\Lib\site-packages\matplotlib\category.py", line 106, in default_units
    axis.set_units(UnitData(data))
                   ~~~~~~~~^^^^^^
  File "C:\Users\user\Desktop\laba5\venv\Lib\site-packages\matplotlib\category.py", line 182, in __init__
    self.update(data)
    ~~~~~~~~~~~^^^^^^
  File "C:\Users\user\Desktop\laba5\venv\Lib\site-packages\matplotlib\category.py", line 217, in update
    _api.check_isinstance((str, bytes), value=val)
    ~~~~~~~~~~~~~~~~~~~~~^^^^^^^^^^^^^^^^^^^^^^^^^
  File "C:\Users\user\Desktop\laba5\venv\Lib\site-packages\matplotlib\_api\__init__.py", line 92, in check_isinstance
    raise TypeError(
    ...<4 lines>...
            type_name(type(v))))
TypeError: 'value' must be an instance of str or bytes, not a None
ERROR 2025-05-29 17:48:33,144 basehttp 23996 11504 "GET /statistics/ HTTP/1.1" 500 138584
ERROR 2025-05-29 17:53:19,072 log 22768 25448 Internal Server Error: /drivers/list/
Traceback (most recent call last):
  File "C:\Users\user\Desktop\laba5\venv\Lib\site-packages\django\core\handlers\exception.py", line 55, in inner
    response = get_response(request)
  File "C:\Users\user\Desktop\laba5\venv\Lib\site-packages\django\core\handlers\base.py", line 197, in _get_response
    response = wrapped_callback(request, *callback_args, **callback_kwargs)
  File "C:\Users\user\Desktop\laba5\main\views.py", line 447, in driver_list
    drivers = Driver.objects.annotate(
        orders_count=Count('order'),
        rating=Avg('user__review__rating')
    )
  File "C:\Users\user\Desktop\laba5\venv\Lib\site-packages\django\db\models\manager.py", line 87, in manager_method
    return getattr(self.get_queryset(), name)(*args, **kwargs)
           ~~~~~~~~~~~~~~~~~~~~~~~~~~~~~~~~~~^^^^^^^^^^^^^^^^^
  File "C:\Users\user\Desktop\laba5\venv\Lib\site-packages\django\db\models\query.py", line 1630, in annotate
    return self._annotate(args, kwargs, select=True)
           ~~~~~~~~~~~~~~^^^^^^^^^^^^^^^^^^^^^^^^^^^
  File "C:\Users\user\Desktop\laba5\venv\Lib\site-packages\django\db\models\query.py", line 1678, in _annotate
    clone.query.add_annotation(
    ~~~~~~~~~~~~~~~~~~~~~~~~~~^
        annotation,
        ^^^^^^^^^^^
        alias,
        ^^^^^^
        select=select,
        ^^^^^^^^^^^^^^
    )
    ^
  File "C:\Users\user\Desktop\laba5\venv\Lib\site-packages\django\db\models\sql\query.py", line 1187, in add_annotation
    annotation = annotation.resolve_expression(self, allow_joins=True, reuse=None)
  File "C:\Users\user\Desktop\laba5\venv\Lib\site-packages\django\db\models\aggregates.py", line 64, in resolve_expression
    c = super().resolve_expression(query, allow_joins, reuse, summarize)
  File "C:\Users\user\Desktop\laba5\venv\Lib\site-packages\django\db\models\expressions.py", line 975, in resolve_expression
    c.source_expressions[pos] = arg.resolve_expression(
                                ~~~~~~~~~~~~~~~~~~~~~~^
        query, allow_joins, reuse, summarize, for_save
        ^^^^^^^^^^^^^^^^^^^^^^^^^^^^^^^^^^^^^^^^^^^^^^
    )
    ^
  File "C:\Users\user\Desktop\laba5\venv\Lib\site-packages\django\db\models\expressions.py", line 854, in resolve_expression
    return query.resolve_ref(self.name, allow_joins, reuse, summarize)
           ~~~~~~~~~~~~~~~~~^^^^^^^^^^^^^^^^^^^^^^^^^^^^^^^^^^^^^^^^^^
  File "C:\Users\user\Desktop\laba5\venv\Lib\site-packages\django\db\models\sql\query.py", line 2003, in resolve_ref
    join_info = self.setup_joins(
        field_list, self.get_meta(), self.get_initial_alias(), can_reuse=reuse
    )
  File "C:\Users\user\Desktop\laba5\venv\Lib\site-packages\django\db\models\sql\query.py", line 1856, in setup_joins
    path, final_field, targets, rest = self.names_to_path(
                                       ~~~~~~~~~~~~~~~~~~^
        names[:pivot],
        ^^^^^^^^^^^^^^
    ...<2 lines>...
        fail_on_missing=True,
        ^^^^^^^^^^^^^^^^^^^^^
    )
    ^
  File "C:\Users\user\Desktop\laba5\venv\Lib\site-packages\django\db\models\sql\query.py", line 1761, in names_to_path
    raise FieldError(
    ...<2 lines>...
    )
django.core.exceptions.FieldError: Cannot resolve keyword 'order' into field. Choices are: birth_date, categories, experience, id, orders, phone, photo, schedules, user, user_id, vehicle, vehicle_id
ERROR 2025-05-29 17:53:19,084 basehttp 22768 25448 "GET /drivers/list/ HTTP/1.1" 500 124316
ERROR 2025-05-29 17:56:32,537 log 11968 4504 Internal Server Error: /vehicles/
Traceback (most recent call last):
  File "C:\Users\user\Desktop\laba5\venv\Lib\site-packages\django\core\handlers\exception.py", line 55, in inner
    response = get_response(request)
  File "C:\Users\user\Desktop\laba5\venv\Lib\site-packages\django\core\handlers\base.py", line 197, in _get_response
    response = wrapped_callback(request, *callback_args, **callback_kwargs)
  File "C:\Users\user\Desktop\laba5\main\views.py", line 440, in vehicle_list
    return render(request, 'main/vehicles/list.html', {
        'vehicles': vehicles,
        'vehicle_types': vehicle_types,
        'body_types': body_types
    })
  File "C:\Users\user\Desktop\laba5\venv\Lib\site-packages\django\shortcuts.py", line 24, in render
    content = loader.render_to_string(template_name, context, request, using=using)
  File "C:\Users\user\Desktop\laba5\venv\Lib\site-packages\django\template\loader.py", line 62, in render_to_string
    return template.render(context, request)
           ~~~~~~~~~~~~~~~^^^^^^^^^^^^^^^^^^
  File "C:\Users\user\Desktop\laba5\venv\Lib\site-packages\django\template\backends\django.py", line 61, in render
    return self.template.render(context)
           ~~~~~~~~~~~~~~~~~~~~^^^^^^^^^
  File "C:\Users\user\Desktop\laba5\venv\Lib\site-packages\django\template\base.py", line 171, in render
    return self._render(context)
           ~~~~~~~~~~~~^^^^^^^^^
  File "C:\Users\user\Desktop\laba5\venv\Lib\site-packages\django\template\base.py", line 163, in _render
    return self.nodelist.render(context)
           ~~~~~~~~~~~~~~~~~~~~^^^^^^^^^
  File "C:\Users\user\Desktop\laba5\venv\Lib\site-packages\django\template\base.py", line 1000, in render
    return SafeString("".join([node.render_annotated(context) for node in self]))
                               ~~~~~~~~~~~~~~~~~~~~~^^^^^^^^^
  File "C:\Users\user\Desktop\laba5\venv\Lib\site-packages\django\template\base.py", line 961, in render_annotated
    return self.render(context)
           ~~~~~~~~~~~^^^^^^^^^
  File "C:\Users\user\Desktop\laba5\venv\Lib\site-packages\django\template\loader_tags.py", line 159, in render
    return compiled_parent._render(context)
           ~~~~~~~~~~~~~~~~~~~~~~~^^^^^^^^^
  File "C:\Users\user\Desktop\laba5\venv\Lib\site-packages\django\template\base.py", line 163, in _render
    return self.nodelist.render(context)
           ~~~~~~~~~~~~~~~~~~~~^^^^^^^^^
  File "C:\Users\user\Desktop\laba5\venv\Lib\site-packages\django\template\base.py", line 1000, in render
    return SafeString("".join([node.render_annotated(context) for node in self]))
                               ~~~~~~~~~~~~~~~~~~~~~^^^^^^^^^
  File "C:\Users\user\Desktop\laba5\venv\Lib\site-packages\django\template\base.py", line 961, in render_annotated
    return self.render(context)
           ~~~~~~~~~~~^^^^^^^^^
  File "C:\Users\user\Desktop\laba5\venv\Lib\site-packages\django\template\defaulttags.py", line 325, in render
    return nodelist.render(context)
           ~~~~~~~~~~~~~~~^^^^^^^^^
  File "C:\Users\user\Desktop\laba5\venv\Lib\site-packages\django\template\base.py", line 1000, in render
    return SafeString("".join([node.render_annotated(context) for node in self]))
                               ~~~~~~~~~~~~~~~~~~~~~^^^^^^^^^
  File "C:\Users\user\Desktop\laba5\venv\Lib\site-packages\django\template\base.py", line 961, in render_annotated
    return self.render(context)
           ~~~~~~~~~~~^^^^^^^^^
  File "C:\Users\user\Desktop\laba5\venv\Lib\site-packages\django\template\defaulttags.py", line 325, in render
    return nodelist.render(context)
           ~~~~~~~~~~~~~~~^^^^^^^^^
  File "C:\Users\user\Desktop\laba5\venv\Lib\site-packages\django\template\base.py", line 1000, in render
    return SafeString("".join([node.render_annotated(context) for node in self]))
                               ~~~~~~~~~~~~~~~~~~~~~^^^^^^^^^
  File "C:\Users\user\Desktop\laba5\venv\Lib\site-packages\django\template\base.py", line 961, in render_annotated
    return self.render(context)
           ~~~~~~~~~~~^^^^^^^^^
  File "C:\Users\user\Desktop\laba5\venv\Lib\site-packages\django\template\defaulttags.py", line 478, in render
    url = reverse(view_name, args=args, kwargs=kwargs, current_app=current_app)
  File "C:\Users\user\Desktop\laba5\venv\Lib\site-packages\django\urls\base.py", line 88, in reverse
    return resolver._reverse_with_prefix(view, prefix, *args, **kwargs)
           ~~~~~~~~~~~~~~~~~~~~~~~~~~~~~^^^^^^^^^^^^^^^^^^^^^^^^^^^^^^^
  File "C:\Users\user\Desktop\laba5\venv\Lib\site-packages\django\urls\resolvers.py", line 848, in _reverse_with_prefix
    raise NoReverseMatch(msg)
django.urls.exceptions.NoReverseMatch: Reverse for 'driver_schedule' not found. 'driver_schedule' is not a valid view function or pattern name.
ERROR 2025-05-29 17:56:32,543 basehttp 11968 4504 "GET /vehicles/ HTTP/1.1" 500 197949
ERROR 2025-05-29 17:56:35,263 log 11968 4504 Internal Server Error: /vehicles/
Traceback (most recent call last):
  File "C:\Users\user\Desktop\laba5\venv\Lib\site-packages\django\core\handlers\exception.py", line 55, in inner
    response = get_response(request)
  File "C:\Users\user\Desktop\laba5\venv\Lib\site-packages\django\core\handlers\base.py", line 197, in _get_response
    response = wrapped_callback(request, *callback_args, **callback_kwargs)
  File "C:\Users\user\Desktop\laba5\main\views.py", line 440, in vehicle_list
    return render(request, 'main/vehicles/list.html', {
        'vehicles': vehicles,
        'vehicle_types': vehicle_types,
        'body_types': body_types
    })
  File "C:\Users\user\Desktop\laba5\venv\Lib\site-packages\django\shortcuts.py", line 24, in render
    content = loader.render_to_string(template_name, context, request, using=using)
  File "C:\Users\user\Desktop\laba5\venv\Lib\site-packages\django\template\loader.py", line 62, in render_to_string
    return template.render(context, request)
           ~~~~~~~~~~~~~~~^^^^^^^^^^^^^^^^^^
  File "C:\Users\user\Desktop\laba5\venv\Lib\site-packages\django\template\backends\django.py", line 61, in render
    return self.template.render(context)
           ~~~~~~~~~~~~~~~~~~~~^^^^^^^^^
  File "C:\Users\user\Desktop\laba5\venv\Lib\site-packages\django\template\base.py", line 171, in render
    return self._render(context)
           ~~~~~~~~~~~~^^^^^^^^^
  File "C:\Users\user\Desktop\laba5\venv\Lib\site-packages\django\template\base.py", line 163, in _render
    return self.nodelist.render(context)
           ~~~~~~~~~~~~~~~~~~~~^^^^^^^^^
  File "C:\Users\user\Desktop\laba5\venv\Lib\site-packages\django\template\base.py", line 1000, in render
    return SafeString("".join([node.render_annotated(context) for node in self]))
                               ~~~~~~~~~~~~~~~~~~~~~^^^^^^^^^
  File "C:\Users\user\Desktop\laba5\venv\Lib\site-packages\django\template\base.py", line 961, in render_annotated
    return self.render(context)
           ~~~~~~~~~~~^^^^^^^^^
  File "C:\Users\user\Desktop\laba5\venv\Lib\site-packages\django\template\loader_tags.py", line 159, in render
    return compiled_parent._render(context)
           ~~~~~~~~~~~~~~~~~~~~~~~^^^^^^^^^
  File "C:\Users\user\Desktop\laba5\venv\Lib\site-packages\django\template\base.py", line 163, in _render
    return self.nodelist.render(context)
           ~~~~~~~~~~~~~~~~~~~~^^^^^^^^^
  File "C:\Users\user\Desktop\laba5\venv\Lib\site-packages\django\template\base.py", line 1000, in render
    return SafeString("".join([node.render_annotated(context) for node in self]))
                               ~~~~~~~~~~~~~~~~~~~~~^^^^^^^^^
  File "C:\Users\user\Desktop\laba5\venv\Lib\site-packages\django\template\base.py", line 961, in render_annotated
    return self.render(context)
           ~~~~~~~~~~~^^^^^^^^^
  File "C:\Users\user\Desktop\laba5\venv\Lib\site-packages\django\template\defaulttags.py", line 325, in render
    return nodelist.render(context)
           ~~~~~~~~~~~~~~~^^^^^^^^^
  File "C:\Users\user\Desktop\laba5\venv\Lib\site-packages\django\template\base.py", line 1000, in render
    return SafeString("".join([node.render_annotated(context) for node in self]))
                               ~~~~~~~~~~~~~~~~~~~~~^^^^^^^^^
  File "C:\Users\user\Desktop\laba5\venv\Lib\site-packages\django\template\base.py", line 961, in render_annotated
    return self.render(context)
           ~~~~~~~~~~~^^^^^^^^^
  File "C:\Users\user\Desktop\laba5\venv\Lib\site-packages\django\template\defaulttags.py", line 325, in render
    return nodelist.render(context)
           ~~~~~~~~~~~~~~~^^^^^^^^^
  File "C:\Users\user\Desktop\laba5\venv\Lib\site-packages\django\template\base.py", line 1000, in render
    return SafeString("".join([node.render_annotated(context) for node in self]))
                               ~~~~~~~~~~~~~~~~~~~~~^^^^^^^^^
  File "C:\Users\user\Desktop\laba5\venv\Lib\site-packages\django\template\base.py", line 961, in render_annotated
    return self.render(context)
           ~~~~~~~~~~~^^^^^^^^^
  File "C:\Users\user\Desktop\laba5\venv\Lib\site-packages\django\template\defaulttags.py", line 478, in render
    url = reverse(view_name, args=args, kwargs=kwargs, current_app=current_app)
  File "C:\Users\user\Desktop\laba5\venv\Lib\site-packages\django\urls\base.py", line 88, in reverse
    return resolver._reverse_with_prefix(view, prefix, *args, **kwargs)
           ~~~~~~~~~~~~~~~~~~~~~~~~~~~~~^^^^^^^^^^^^^^^^^^^^^^^^^^^^^^^
  File "C:\Users\user\Desktop\laba5\venv\Lib\site-packages\django\urls\resolvers.py", line 848, in _reverse_with_prefix
    raise NoReverseMatch(msg)
django.urls.exceptions.NoReverseMatch: Reverse for 'driver_schedule' not found. 'driver_schedule' is not a valid view function or pattern name.
ERROR 2025-05-29 17:56:35,268 basehttp 11968 4504 "GET /vehicles/ HTTP/1.1" 500 197812
ERROR 2025-05-29 17:56:37,868 log 11968 4504 Internal Server Error: /reviews/
Traceback (most recent call last):
  File "C:\Users\user\Desktop\laba5\venv\Lib\site-packages\django\core\handlers\exception.py", line 55, in inner
    response = get_response(request)
  File "C:\Users\user\Desktop\laba5\venv\Lib\site-packages\django\core\handlers\base.py", line 197, in _get_response
    response = wrapped_callback(request, *callback_args, **callback_kwargs)
  File "C:\Users\user\Desktop\laba5\venv\Lib\site-packages\django\contrib\auth\decorators.py", line 23, in _wrapper_view
    return view_func(request, *args, **kwargs)
  File "C:\Users\user\Desktop\laba5\main\views.py", line 80, in reviews
    return render(request, 'main/reviews.html', context)
  File "C:\Users\user\Desktop\laba5\venv\Lib\site-packages\django\shortcuts.py", line 24, in render
    content = loader.render_to_string(template_name, context, request, using=using)
  File "C:\Users\user\Desktop\laba5\venv\Lib\site-packages\django\template\loader.py", line 62, in render_to_string
    return template.render(context, request)
           ~~~~~~~~~~~~~~~^^^^^^^^^^^^^^^^^^
  File "C:\Users\user\Desktop\laba5\venv\Lib\site-packages\django\template\backends\django.py", line 61, in render
    return self.template.render(context)
           ~~~~~~~~~~~~~~~~~~~~^^^^^^^^^
  File "C:\Users\user\Desktop\laba5\venv\Lib\site-packages\django\template\base.py", line 171, in render
    return self._render(context)
           ~~~~~~~~~~~~^^^^^^^^^
  File "C:\Users\user\Desktop\laba5\venv\Lib\site-packages\django\template\base.py", line 163, in _render
    return self.nodelist.render(context)
           ~~~~~~~~~~~~~~~~~~~~^^^^^^^^^
  File "C:\Users\user\Desktop\laba5\venv\Lib\site-packages\django\template\base.py", line 1000, in render
    return SafeString("".join([node.render_annotated(context) for node in self]))
                               ~~~~~~~~~~~~~~~~~~~~~^^^^^^^^^
  File "C:\Users\user\Desktop\laba5\venv\Lib\site-packages\django\template\base.py", line 961, in render_annotated
    return self.render(context)
           ~~~~~~~~~~~^^^^^^^^^
  File "C:\Users\user\Desktop\laba5\venv\Lib\site-packages\django\template\loader_tags.py", line 159, in render
    return compiled_parent._render(context)
           ~~~~~~~~~~~~~~~~~~~~~~~^^^^^^^^^
  File "C:\Users\user\Desktop\laba5\venv\Lib\site-packages\django\template\base.py", line 163, in _render
    return self.nodelist.render(context)
           ~~~~~~~~~~~~~~~~~~~~^^^^^^^^^
  File "C:\Users\user\Desktop\laba5\venv\Lib\site-packages\django\template\base.py", line 1000, in render
    return SafeString("".join([node.render_annotated(context) for node in self]))
                               ~~~~~~~~~~~~~~~~~~~~~^^^^^^^^^
  File "C:\Users\user\Desktop\laba5\venv\Lib\site-packages\django\template\base.py", line 961, in render_annotated
    return self.render(context)
           ~~~~~~~~~~~^^^^^^^^^
  File "C:\Users\user\Desktop\laba5\venv\Lib\site-packages\django\template\defaulttags.py", line 325, in render
    return nodelist.render(context)
           ~~~~~~~~~~~~~~~^^^^^^^^^
  File "C:\Users\user\Desktop\laba5\venv\Lib\site-packages\django\template\base.py", line 1000, in render
    return SafeString("".join([node.render_annotated(context) for node in self]))
                               ~~~~~~~~~~~~~~~~~~~~~^^^^^^^^^
  File "C:\Users\user\Desktop\laba5\venv\Lib\site-packages\django\template\base.py", line 961, in render_annotated
    return self.render(context)
           ~~~~~~~~~~~^^^^^^^^^
  File "C:\Users\user\Desktop\laba5\venv\Lib\site-packages\django\template\defaulttags.py", line 325, in render
    return nodelist.render(context)
           ~~~~~~~~~~~~~~~^^^^^^^^^
  File "C:\Users\user\Desktop\laba5\venv\Lib\site-packages\django\template\base.py", line 1000, in render
    return SafeString("".join([node.render_annotated(context) for node in self]))
                               ~~~~~~~~~~~~~~~~~~~~~^^^^^^^^^
  File "C:\Users\user\Desktop\laba5\venv\Lib\site-packages\django\template\base.py", line 961, in render_annotated
    return self.render(context)
           ~~~~~~~~~~~^^^^^^^^^
  File "C:\Users\user\Desktop\laba5\venv\Lib\site-packages\django\template\defaulttags.py", line 478, in render
    url = reverse(view_name, args=args, kwargs=kwargs, current_app=current_app)
  File "C:\Users\user\Desktop\laba5\venv\Lib\site-packages\django\urls\base.py", line 88, in reverse
    return resolver._reverse_with_prefix(view, prefix, *args, **kwargs)
           ~~~~~~~~~~~~~~~~~~~~~~~~~~~~~^^^^^^^^^^^^^^^^^^^^^^^^^^^^^^^
  File "C:\Users\user\Desktop\laba5\venv\Lib\site-packages\django\urls\resolvers.py", line 848, in _reverse_with_prefix
    raise NoReverseMatch(msg)
django.urls.exceptions.NoReverseMatch: Reverse for 'driver_schedule' not found. 'driver_schedule' is not a valid view function or pattern name.
ERROR 2025-05-29 17:56:37,876 basehttp 11968 4504 "GET /reviews/ HTTP/1.1" 500 186752
ERROR 2025-05-29 17:56:40,877 log 11968 4504 Internal Server Error: /vehicles/
Traceback (most recent call last):
  File "C:\Users\user\Desktop\laba5\venv\Lib\site-packages\django\core\handlers\exception.py", line 55, in inner
    response = get_response(request)
  File "C:\Users\user\Desktop\laba5\venv\Lib\site-packages\django\core\handlers\base.py", line 197, in _get_response
    response = wrapped_callback(request, *callback_args, **callback_kwargs)
  File "C:\Users\user\Desktop\laba5\main\views.py", line 440, in vehicle_list
    return render(request, 'main/vehicles/list.html', {
        'vehicles': vehicles,
        'vehicle_types': vehicle_types,
        'body_types': body_types
    })
  File "C:\Users\user\Desktop\laba5\venv\Lib\site-packages\django\shortcuts.py", line 24, in render
    content = loader.render_to_string(template_name, context, request, using=using)
  File "C:\Users\user\Desktop\laba5\venv\Lib\site-packages\django\template\loader.py", line 62, in render_to_string
    return template.render(context, request)
           ~~~~~~~~~~~~~~~^^^^^^^^^^^^^^^^^^
  File "C:\Users\user\Desktop\laba5\venv\Lib\site-packages\django\template\backends\django.py", line 61, in render
    return self.template.render(context)
           ~~~~~~~~~~~~~~~~~~~~^^^^^^^^^
  File "C:\Users\user\Desktop\laba5\venv\Lib\site-packages\django\template\base.py", line 171, in render
    return self._render(context)
           ~~~~~~~~~~~~^^^^^^^^^
  File "C:\Users\user\Desktop\laba5\venv\Lib\site-packages\django\template\base.py", line 163, in _render
    return self.nodelist.render(context)
           ~~~~~~~~~~~~~~~~~~~~^^^^^^^^^
  File "C:\Users\user\Desktop\laba5\venv\Lib\site-packages\django\template\base.py", line 1000, in render
    return SafeString("".join([node.render_annotated(context) for node in self]))
                               ~~~~~~~~~~~~~~~~~~~~~^^^^^^^^^
  File "C:\Users\user\Desktop\laba5\venv\Lib\site-packages\django\template\base.py", line 961, in render_annotated
    return self.render(context)
           ~~~~~~~~~~~^^^^^^^^^
  File "C:\Users\user\Desktop\laba5\venv\Lib\site-packages\django\template\loader_tags.py", line 159, in render
    return compiled_parent._render(context)
           ~~~~~~~~~~~~~~~~~~~~~~~^^^^^^^^^
  File "C:\Users\user\Desktop\laba5\venv\Lib\site-packages\django\template\base.py", line 163, in _render
    return self.nodelist.render(context)
           ~~~~~~~~~~~~~~~~~~~~^^^^^^^^^
  File "C:\Users\user\Desktop\laba5\venv\Lib\site-packages\django\template\base.py", line 1000, in render
    return SafeString("".join([node.render_annotated(context) for node in self]))
                               ~~~~~~~~~~~~~~~~~~~~~^^^^^^^^^
  File "C:\Users\user\Desktop\laba5\venv\Lib\site-packages\django\template\base.py", line 961, in render_annotated
    return self.render(context)
           ~~~~~~~~~~~^^^^^^^^^
  File "C:\Users\user\Desktop\laba5\venv\Lib\site-packages\django\template\defaulttags.py", line 325, in render
    return nodelist.render(context)
           ~~~~~~~~~~~~~~~^^^^^^^^^
  File "C:\Users\user\Desktop\laba5\venv\Lib\site-packages\django\template\base.py", line 1000, in render
    return SafeString("".join([node.render_annotated(context) for node in self]))
                               ~~~~~~~~~~~~~~~~~~~~~^^^^^^^^^
  File "C:\Users\user\Desktop\laba5\venv\Lib\site-packages\django\template\base.py", line 961, in render_annotated
    return self.render(context)
           ~~~~~~~~~~~^^^^^^^^^
  File "C:\Users\user\Desktop\laba5\venv\Lib\site-packages\django\template\defaulttags.py", line 325, in render
    return nodelist.render(context)
           ~~~~~~~~~~~~~~~^^^^^^^^^
  File "C:\Users\user\Desktop\laba5\venv\Lib\site-packages\django\template\base.py", line 1000, in render
    return SafeString("".join([node.render_annotated(context) for node in self]))
                               ~~~~~~~~~~~~~~~~~~~~~^^^^^^^^^
  File "C:\Users\user\Desktop\laba5\venv\Lib\site-packages\django\template\base.py", line 961, in render_annotated
    return self.render(context)
           ~~~~~~~~~~~^^^^^^^^^
  File "C:\Users\user\Desktop\laba5\venv\Lib\site-packages\django\template\defaulttags.py", line 478, in render
    url = reverse(view_name, args=args, kwargs=kwargs, current_app=current_app)
  File "C:\Users\user\Desktop\laba5\venv\Lib\site-packages\django\urls\base.py", line 88, in reverse
    return resolver._reverse_with_prefix(view, prefix, *args, **kwargs)
           ~~~~~~~~~~~~~~~~~~~~~~~~~~~~~^^^^^^^^^^^^^^^^^^^^^^^^^^^^^^^
  File "C:\Users\user\Desktop\laba5\venv\Lib\site-packages\django\urls\resolvers.py", line 848, in _reverse_with_prefix
    raise NoReverseMatch(msg)
django.urls.exceptions.NoReverseMatch: Reverse for 'driver_schedule' not found. 'driver_schedule' is not a valid view function or pattern name.
ERROR 2025-05-29 17:56:40,907 basehttp 11968 4504 "GET /vehicles/ HTTP/1.1" 500 197812
ERROR 2025-05-29 17:57:06,554 log 11968 4504 Internal Server Error: /profile/driver/
Traceback (most recent call last):
  File "C:\Users\user\Desktop\laba5\venv\Lib\site-packages\django\core\handlers\exception.py", line 55, in inner
    response = get_response(request)
  File "C:\Users\user\Desktop\laba5\venv\Lib\site-packages\django\core\handlers\base.py", line 197, in _get_response
    response = wrapped_callback(request, *callback_args, **callback_kwargs)
  File "C:\Users\user\Desktop\laba5\venv\Lib\site-packages\django\contrib\auth\decorators.py", line 23, in _wrapper_view
    return view_func(request, *args, **kwargs)
  File "C:\Users\user\Desktop\laba5\main\views.py", line 139, in driver_profile
    return render(request, 'main/driver_profile.html')
  File "C:\Users\user\Desktop\laba5\venv\Lib\site-packages\django\shortcuts.py", line 24, in render
    content = loader.render_to_string(template_name, context, request, using=using)
  File "C:\Users\user\Desktop\laba5\venv\Lib\site-packages\django\template\loader.py", line 62, in render_to_string
    return template.render(context, request)
           ~~~~~~~~~~~~~~~^^^^^^^^^^^^^^^^^^
  File "C:\Users\user\Desktop\laba5\venv\Lib\site-packages\django\template\backends\django.py", line 61, in render
    return self.template.render(context)
           ~~~~~~~~~~~~~~~~~~~~^^^^^^^^^
  File "C:\Users\user\Desktop\laba5\venv\Lib\site-packages\django\template\base.py", line 171, in render
    return self._render(context)
           ~~~~~~~~~~~~^^^^^^^^^
  File "C:\Users\user\Desktop\laba5\venv\Lib\site-packages\django\template\base.py", line 163, in _render
    return self.nodelist.render(context)
           ~~~~~~~~~~~~~~~~~~~~^^^^^^^^^
  File "C:\Users\user\Desktop\laba5\venv\Lib\site-packages\django\template\base.py", line 1000, in render
    return SafeString("".join([node.render_annotated(context) for node in self]))
                               ~~~~~~~~~~~~~~~~~~~~~^^^^^^^^^
  File "C:\Users\user\Desktop\laba5\venv\Lib\site-packages\django\template\base.py", line 961, in render_annotated
    return self.render(context)
           ~~~~~~~~~~~^^^^^^^^^
  File "C:\Users\user\Desktop\laba5\venv\Lib\site-packages\django\template\loader_tags.py", line 159, in render
    return compiled_parent._render(context)
           ~~~~~~~~~~~~~~~~~~~~~~~^^^^^^^^^
  File "C:\Users\user\Desktop\laba5\venv\Lib\site-packages\django\template\base.py", line 163, in _render
    return self.nodelist.render(context)
           ~~~~~~~~~~~~~~~~~~~~^^^^^^^^^
  File "C:\Users\user\Desktop\laba5\venv\Lib\site-packages\django\template\base.py", line 1000, in render
    return SafeString("".join([node.render_annotated(context) for node in self]))
                               ~~~~~~~~~~~~~~~~~~~~~^^^^^^^^^
  File "C:\Users\user\Desktop\laba5\venv\Lib\site-packages\django\template\base.py", line 961, in render_annotated
    return self.render(context)
           ~~~~~~~~~~~^^^^^^^^^
  File "C:\Users\user\Desktop\laba5\venv\Lib\site-packages\django\template\defaulttags.py", line 325, in render
    return nodelist.render(context)
           ~~~~~~~~~~~~~~~^^^^^^^^^
  File "C:\Users\user\Desktop\laba5\venv\Lib\site-packages\django\template\base.py", line 1000, in render
    return SafeString("".join([node.render_annotated(context) for node in self]))
                               ~~~~~~~~~~~~~~~~~~~~~^^^^^^^^^
  File "C:\Users\user\Desktop\laba5\venv\Lib\site-packages\django\template\base.py", line 961, in render_annotated
    return self.render(context)
           ~~~~~~~~~~~^^^^^^^^^
  File "C:\Users\user\Desktop\laba5\venv\Lib\site-packages\django\template\defaulttags.py", line 325, in render
    return nodelist.render(context)
           ~~~~~~~~~~~~~~~^^^^^^^^^
  File "C:\Users\user\Desktop\laba5\venv\Lib\site-packages\django\template\base.py", line 1000, in render
    return SafeString("".join([node.render_annotated(context) for node in self]))
                               ~~~~~~~~~~~~~~~~~~~~~^^^^^^^^^
  File "C:\Users\user\Desktop\laba5\venv\Lib\site-packages\django\template\base.py", line 961, in render_annotated
    return self.render(context)
           ~~~~~~~~~~~^^^^^^^^^
  File "C:\Users\user\Desktop\laba5\venv\Lib\site-packages\django\template\defaulttags.py", line 478, in render
    url = reverse(view_name, args=args, kwargs=kwargs, current_app=current_app)
  File "C:\Users\user\Desktop\laba5\venv\Lib\site-packages\django\urls\base.py", line 88, in reverse
    return resolver._reverse_with_prefix(view, prefix, *args, **kwargs)
           ~~~~~~~~~~~~~~~~~~~~~~~~~~~~~^^^^^^^^^^^^^^^^^^^^^^^^^^^^^^^
  File "C:\Users\user\Desktop\laba5\venv\Lib\site-packages\django\urls\resolvers.py", line 848, in _reverse_with_prefix
    raise NoReverseMatch(msg)
django.urls.exceptions.NoReverseMatch: Reverse for 'driver_schedule' not found. 'driver_schedule' is not a valid view function or pattern name.
ERROR 2025-05-29 17:57:06,559 basehttp 11968 4504 "GET /profile/driver/ HTTP/1.1" 500 176764
ERROR 2025-05-29 18:00:09,677 log 16136 620 Internal Server Error: /drivers/list/
Traceback (most recent call last):
  File "C:\Users\user\Desktop\laba5\venv\Lib\site-packages\django\core\handlers\exception.py", line 55, in inner
    response = get_response(request)
  File "C:\Users\user\Desktop\laba5\venv\Lib\site-packages\django\core\handlers\base.py", line 197, in _get_response
    response = wrapped_callback(request, *callback_args, **callback_kwargs)
  File "C:\Users\user\Desktop\laba5\main\views.py", line 447, in driver_list
    drivers = Driver.objects.annotate(
        orders_count=Count('order'),
        rating=Avg('user__review__rating')
    )
  File "C:\Users\user\Desktop\laba5\venv\Lib\site-packages\django\db\models\manager.py", line 87, in manager_method
    return getattr(self.get_queryset(), name)(*args, **kwargs)
           ~~~~~~~~~~~~~~~~~~~~~~~~~~~~~~~~~~^^^^^^^^^^^^^^^^^
  File "C:\Users\user\Desktop\laba5\venv\Lib\site-packages\django\db\models\query.py", line 1630, in annotate
    return self._annotate(args, kwargs, select=True)
           ~~~~~~~~~~~~~~^^^^^^^^^^^^^^^^^^^^^^^^^^^
  File "C:\Users\user\Desktop\laba5\venv\Lib\site-packages\django\db\models\query.py", line 1678, in _annotate
    clone.query.add_annotation(
    ~~~~~~~~~~~~~~~~~~~~~~~~~~^
        annotation,
        ^^^^^^^^^^^
        alias,
        ^^^^^^
        select=select,
        ^^^^^^^^^^^^^^
    )
    ^
  File "C:\Users\user\Desktop\laba5\venv\Lib\site-packages\django\db\models\sql\query.py", line 1187, in add_annotation
    annotation = annotation.resolve_expression(self, allow_joins=True, reuse=None)
  File "C:\Users\user\Desktop\laba5\venv\Lib\site-packages\django\db\models\aggregates.py", line 64, in resolve_expression
    c = super().resolve_expression(query, allow_joins, reuse, summarize)
  File "C:\Users\user\Desktop\laba5\venv\Lib\site-packages\django\db\models\expressions.py", line 975, in resolve_expression
    c.source_expressions[pos] = arg.resolve_expression(
                                ~~~~~~~~~~~~~~~~~~~~~~^
        query, allow_joins, reuse, summarize, for_save
        ^^^^^^^^^^^^^^^^^^^^^^^^^^^^^^^^^^^^^^^^^^^^^^
    )
    ^
  File "C:\Users\user\Desktop\laba5\venv\Lib\site-packages\django\db\models\expressions.py", line 854, in resolve_expression
    return query.resolve_ref(self.name, allow_joins, reuse, summarize)
           ~~~~~~~~~~~~~~~~~^^^^^^^^^^^^^^^^^^^^^^^^^^^^^^^^^^^^^^^^^^
  File "C:\Users\user\Desktop\laba5\venv\Lib\site-packages\django\db\models\sql\query.py", line 2003, in resolve_ref
    join_info = self.setup_joins(
        field_list, self.get_meta(), self.get_initial_alias(), can_reuse=reuse
    )
  File "C:\Users\user\Desktop\laba5\venv\Lib\site-packages\django\db\models\sql\query.py", line 1856, in setup_joins
    path, final_field, targets, rest = self.names_to_path(
                                       ~~~~~~~~~~~~~~~~~~^
        names[:pivot],
        ^^^^^^^^^^^^^^
    ...<2 lines>...
        fail_on_missing=True,
        ^^^^^^^^^^^^^^^^^^^^^
    )
    ^
  File "C:\Users\user\Desktop\laba5\venv\Lib\site-packages\django\db\models\sql\query.py", line 1761, in names_to_path
    raise FieldError(
    ...<2 lines>...
    )
django.core.exceptions.FieldError: Cannot resolve keyword 'order' into field. Choices are: birth_date, categories, experience, id, orders, phone, photo, schedules, user, user_id, vehicle, vehicle_id
ERROR 2025-05-29 18:00:09,688 basehttp 16136 620 "GET /drivers/list/ HTTP/1.1" 500 124316
ERROR 2025-05-29 18:00:43,894 log 16136 620 Internal Server Error: /drivers/list/
Traceback (most recent call last):
  File "C:\Users\user\Desktop\laba5\venv\Lib\site-packages\django\core\handlers\exception.py", line 55, in inner
    response = get_response(request)
  File "C:\Users\user\Desktop\laba5\venv\Lib\site-packages\django\core\handlers\base.py", line 197, in _get_response
    response = wrapped_callback(request, *callback_args, **callback_kwargs)
  File "C:\Users\user\Desktop\laba5\main\views.py", line 447, in driver_list
    drivers = Driver.objects.annotate(
        orders_count=Count('order'),
        rating=Avg('user__review__rating')
    )
  File "C:\Users\user\Desktop\laba5\venv\Lib\site-packages\django\db\models\manager.py", line 87, in manager_method
    return getattr(self.get_queryset(), name)(*args, **kwargs)
           ~~~~~~~~~~~~~~~~~~~~~~~~~~~~~~~~~~^^^^^^^^^^^^^^^^^
  File "C:\Users\user\Desktop\laba5\venv\Lib\site-packages\django\db\models\query.py", line 1630, in annotate
    return self._annotate(args, kwargs, select=True)
           ~~~~~~~~~~~~~~^^^^^^^^^^^^^^^^^^^^^^^^^^^
  File "C:\Users\user\Desktop\laba5\venv\Lib\site-packages\django\db\models\query.py", line 1678, in _annotate
    clone.query.add_annotation(
    ~~~~~~~~~~~~~~~~~~~~~~~~~~^
        annotation,
        ^^^^^^^^^^^
        alias,
        ^^^^^^
        select=select,
        ^^^^^^^^^^^^^^
    )
    ^
  File "C:\Users\user\Desktop\laba5\venv\Lib\site-packages\django\db\models\sql\query.py", line 1187, in add_annotation
    annotation = annotation.resolve_expression(self, allow_joins=True, reuse=None)
  File "C:\Users\user\Desktop\laba5\venv\Lib\site-packages\django\db\models\aggregates.py", line 64, in resolve_expression
    c = super().resolve_expression(query, allow_joins, reuse, summarize)
  File "C:\Users\user\Desktop\laba5\venv\Lib\site-packages\django\db\models\expressions.py", line 975, in resolve_expression
    c.source_expressions[pos] = arg.resolve_expression(
                                ~~~~~~~~~~~~~~~~~~~~~~^
        query, allow_joins, reuse, summarize, for_save
        ^^^^^^^^^^^^^^^^^^^^^^^^^^^^^^^^^^^^^^^^^^^^^^
    )
    ^
  File "C:\Users\user\Desktop\laba5\venv\Lib\site-packages\django\db\models\expressions.py", line 854, in resolve_expression
    return query.resolve_ref(self.name, allow_joins, reuse, summarize)
           ~~~~~~~~~~~~~~~~~^^^^^^^^^^^^^^^^^^^^^^^^^^^^^^^^^^^^^^^^^^
  File "C:\Users\user\Desktop\laba5\venv\Lib\site-packages\django\db\models\sql\query.py", line 2003, in resolve_ref
    join_info = self.setup_joins(
        field_list, self.get_meta(), self.get_initial_alias(), can_reuse=reuse
    )
  File "C:\Users\user\Desktop\laba5\venv\Lib\site-packages\django\db\models\sql\query.py", line 1856, in setup_joins
    path, final_field, targets, rest = self.names_to_path(
                                       ~~~~~~~~~~~~~~~~~~^
        names[:pivot],
        ^^^^^^^^^^^^^^
    ...<2 lines>...
        fail_on_missing=True,
        ^^^^^^^^^^^^^^^^^^^^^
    )
    ^
  File "C:\Users\user\Desktop\laba5\venv\Lib\site-packages\django\db\models\sql\query.py", line 1761, in names_to_path
    raise FieldError(
    ...<2 lines>...
    )
django.core.exceptions.FieldError: Cannot resolve keyword 'order' into field. Choices are: birth_date, categories, experience, id, orders, phone, photo, schedules, user, user_id, vehicle, vehicle_id
ERROR 2025-05-29 18:00:43,902 basehttp 16136 620 "GET /drivers/list/ HTTP/1.1" 500 124319
ERROR 2025-05-29 18:28:32,883 log 16032 11700 Internal Server Error: /about/
Traceback (most recent call last):
  File "C:\Users\user\Desktop\laba5\venv\Lib\site-packages\django\core\handlers\exception.py", line 55, in inner
    response = get_response(request)
  File "C:\Users\user\Desktop\laba5\venv\Lib\site-packages\django\core\handlers\base.py", line 197, in _get_response
    response = wrapped_callback(request, *callback_args, **callback_kwargs)
  File "C:\Users\user\Desktop\laba5\main\views.py", line 34, in about
    return render(request, 'main/about.html')
  File "C:\Users\user\Desktop\laba5\venv\Lib\site-packages\django\shortcuts.py", line 24, in render
    content = loader.render_to_string(template_name, context, request, using=using)
  File "C:\Users\user\Desktop\laba5\venv\Lib\site-packages\django\template\loader.py", line 62, in render_to_string
    return template.render(context, request)
           ~~~~~~~~~~~~~~~^^^^^^^^^^^^^^^^^^
  File "C:\Users\user\Desktop\laba5\venv\Lib\site-packages\django\template\backends\django.py", line 61, in render
    return self.template.render(context)
           ~~~~~~~~~~~~~~~~~~~~^^^^^^^^^
  File "C:\Users\user\Desktop\laba5\venv\Lib\site-packages\django\template\base.py", line 171, in render
    return self._render(context)
           ~~~~~~~~~~~~^^^^^^^^^
  File "C:\Users\user\Desktop\laba5\venv\Lib\site-packages\django\template\base.py", line 163, in _render
    return self.nodelist.render(context)
           ~~~~~~~~~~~~~~~~~~~~^^^^^^^^^
  File "C:\Users\user\Desktop\laba5\venv\Lib\site-packages\django\template\base.py", line 1000, in render
    return SafeString("".join([node.render_annotated(context) for node in self]))
                               ~~~~~~~~~~~~~~~~~~~~~^^^^^^^^^
  File "C:\Users\user\Desktop\laba5\venv\Lib\site-packages\django\template\base.py", line 961, in render_annotated
    return self.render(context)
           ~~~~~~~~~~~^^^^^^^^^
  File "C:\Users\user\Desktop\laba5\venv\Lib\site-packages\django\template\loader_tags.py", line 134, in render
    compiled_parent = self.get_parent(context)
  File "C:\Users\user\Desktop\laba5\venv\Lib\site-packages\django\template\loader_tags.py", line 131, in get_parent
    return self.find_template(parent, context)
           ~~~~~~~~~~~~~~~~~~^^^^^^^^^^^^^^^^^
  File "C:\Users\user\Desktop\laba5\venv\Lib\site-packages\django\template\loader_tags.py", line 109, in find_template
    template, origin = context.template.engine.find_template(
                       ~~~~~~~~~~~~~~~~~~~~~~~~~~~~~~~~~~~~~^
        template_name,
        ^^^^^^^^^^^^^^
        skip=history,
        ^^^^^^^^^^^^^
    )
    ^
  File "C:\Users\user\Desktop\laba5\venv\Lib\site-packages\django\template\engine.py", line 157, in find_template
    template = loader.get_template(name, skip=skip)
  File "C:\Users\user\Desktop\laba5\venv\Lib\site-packages\django\template\loaders\cached.py", line 57, in get_template
    template = super().get_template(template_name, skip)
  File "C:\Users\user\Desktop\laba5\venv\Lib\site-packages\django\template\loaders\base.py", line 28, in get_template
    return Template(
        contents,
    ...<2 lines>...
        self.engine,
    )
  File "C:\Users\user\Desktop\laba5\venv\Lib\site-packages\django\template\base.py", line 154, in __init__
    self.nodelist = self.compile_nodelist()
                    ~~~~~~~~~~~~~~~~~~~~~^^
  File "C:\Users\user\Desktop\laba5\venv\Lib\site-packages\django\template\base.py", line 196, in compile_nodelist
    return parser.parse()
           ~~~~~~~~~~~~^^
  File "C:\Users\user\Desktop\laba5\venv\Lib\site-packages\django\template\base.py", line 510, in parse
    raise self.error(token, e)
  File "C:\Users\user\Desktop\laba5\venv\Lib\site-packages\django\template\base.py", line 508, in parse
    compiled_result = compile_func(self, token)
  File "C:\Users\user\Desktop\laba5\venv\Lib\site-packages\django\template\defaulttags.py", line 859, in do_for
    sequence = parser.compile_filter(bits[in_index + 1])
  File "C:\Users\user\Desktop\laba5\venv\Lib\site-packages\django\template\base.py", line 597, in compile_filter
    return FilterExpression(token, self)
  File "C:\Users\user\Desktop\laba5\venv\Lib\site-packages\django\template\base.py", line 693, in __init__
    filter_func = parser.find_filter(filter_name)
  File "C:\Users\user\Desktop\laba5\venv\Lib\site-packages\django\template\base.py", line 603, in find_filter
    raise TemplateSyntaxError("Invalid filter: '%s'" % filter_name)
django.template.exceptions.TemplateSyntaxError: Invalid filter: 'split'
ERROR 2025-05-29 18:28:32,888 basehttp 16032 11700 "GET /about/ HTTP/1.1" 500 208448
ERROR 2025-05-29 18:28:37,124 log 16032 11700 Internal Server Error: /about/
Traceback (most recent call last):
  File "C:\Users\user\Desktop\laba5\venv\Lib\site-packages\django\core\handlers\exception.py", line 55, in inner
    response = get_response(request)
  File "C:\Users\user\Desktop\laba5\venv\Lib\site-packages\django\core\handlers\base.py", line 197, in _get_response
    response = wrapped_callback(request, *callback_args, **callback_kwargs)
  File "C:\Users\user\Desktop\laba5\main\views.py", line 34, in about
    return render(request, 'main/about.html')
  File "C:\Users\user\Desktop\laba5\venv\Lib\site-packages\django\shortcuts.py", line 24, in render
    content = loader.render_to_string(template_name, context, request, using=using)
  File "C:\Users\user\Desktop\laba5\venv\Lib\site-packages\django\template\loader.py", line 62, in render_to_string
    return template.render(context, request)
           ~~~~~~~~~~~~~~~^^^^^^^^^^^^^^^^^^
  File "C:\Users\user\Desktop\laba5\venv\Lib\site-packages\django\template\backends\django.py", line 61, in render
    return self.template.render(context)
           ~~~~~~~~~~~~~~~~~~~~^^^^^^^^^
  File "C:\Users\user\Desktop\laba5\venv\Lib\site-packages\django\template\base.py", line 171, in render
    return self._render(context)
           ~~~~~~~~~~~~^^^^^^^^^
  File "C:\Users\user\Desktop\laba5\venv\Lib\site-packages\django\template\base.py", line 163, in _render
    return self.nodelist.render(context)
           ~~~~~~~~~~~~~~~~~~~~^^^^^^^^^
  File "C:\Users\user\Desktop\laba5\venv\Lib\site-packages\django\template\base.py", line 1000, in render
    return SafeString("".join([node.render_annotated(context) for node in self]))
                               ~~~~~~~~~~~~~~~~~~~~~^^^^^^^^^
  File "C:\Users\user\Desktop\laba5\venv\Lib\site-packages\django\template\base.py", line 961, in render_annotated
    return self.render(context)
           ~~~~~~~~~~~^^^^^^^^^
  File "C:\Users\user\Desktop\laba5\venv\Lib\site-packages\django\template\loader_tags.py", line 134, in render
    compiled_parent = self.get_parent(context)
  File "C:\Users\user\Desktop\laba5\venv\Lib\site-packages\django\template\loader_tags.py", line 131, in get_parent
    return self.find_template(parent, context)
           ~~~~~~~~~~~~~~~~~~^^^^^^^^^^^^^^^^^
  File "C:\Users\user\Desktop\laba5\venv\Lib\site-packages\django\template\loader_tags.py", line 109, in find_template
    template, origin = context.template.engine.find_template(
                       ~~~~~~~~~~~~~~~~~~~~~~~~~~~~~~~~~~~~~^
        template_name,
        ^^^^^^^^^^^^^^
        skip=history,
        ^^^^^^^^^^^^^
    )
    ^
  File "C:\Users\user\Desktop\laba5\venv\Lib\site-packages\django\template\engine.py", line 157, in find_template
    template = loader.get_template(name, skip=skip)
  File "C:\Users\user\Desktop\laba5\venv\Lib\site-packages\django\template\loaders\cached.py", line 57, in get_template
    template = super().get_template(template_name, skip)
  File "C:\Users\user\Desktop\laba5\venv\Lib\site-packages\django\template\loaders\base.py", line 28, in get_template
    return Template(
        contents,
    ...<2 lines>...
        self.engine,
    )
  File "C:\Users\user\Desktop\laba5\venv\Lib\site-packages\django\template\base.py", line 154, in __init__
    self.nodelist = self.compile_nodelist()
                    ~~~~~~~~~~~~~~~~~~~~~^^
  File "C:\Users\user\Desktop\laba5\venv\Lib\site-packages\django\template\base.py", line 196, in compile_nodelist
    return parser.parse()
           ~~~~~~~~~~~~^^
  File "C:\Users\user\Desktop\laba5\venv\Lib\site-packages\django\template\base.py", line 510, in parse
    raise self.error(token, e)
  File "C:\Users\user\Desktop\laba5\venv\Lib\site-packages\django\template\base.py", line 508, in parse
    compiled_result = compile_func(self, token)
  File "C:\Users\user\Desktop\laba5\venv\Lib\site-packages\django\template\defaulttags.py", line 859, in do_for
    sequence = parser.compile_filter(bits[in_index + 1])
  File "C:\Users\user\Desktop\laba5\venv\Lib\site-packages\django\template\base.py", line 597, in compile_filter
    return FilterExpression(token, self)
  File "C:\Users\user\Desktop\laba5\venv\Lib\site-packages\django\template\base.py", line 693, in __init__
    filter_func = parser.find_filter(filter_name)
  File "C:\Users\user\Desktop\laba5\venv\Lib\site-packages\django\template\base.py", line 603, in find_filter
    raise TemplateSyntaxError("Invalid filter: '%s'" % filter_name)
django.template.exceptions.TemplateSyntaxError: Invalid filter: 'split'
ERROR 2025-05-29 18:28:37,132 basehttp 16032 11700 "GET /about/ HTTP/1.1" 500 208311
ERROR 2025-05-29 18:30:20,222 log 16032 11700 Internal Server Error: /about/
Traceback (most recent call last):
  File "C:\Users\user\Desktop\laba5\venv\Lib\site-packages\django\template\defaulttags.py", line 1033, in find_library
    return parser.libraries[name]
           ~~~~~~~~~~~~~~~~^^^^^^
KeyError: 'custom_filters'

During handling of the above exception, another exception occurred:

Traceback (most recent call last):
  File "C:\Users\user\Desktop\laba5\venv\Lib\site-packages\django\core\handlers\exception.py", line 55, in inner
    response = get_response(request)
  File "C:\Users\user\Desktop\laba5\venv\Lib\site-packages\django\core\handlers\base.py", line 197, in _get_response
    response = wrapped_callback(request, *callback_args, **callback_kwargs)
  File "C:\Users\user\Desktop\laba5\main\views.py", line 34, in about
    return render(request, 'main/about.html')
  File "C:\Users\user\Desktop\laba5\venv\Lib\site-packages\django\shortcuts.py", line 24, in render
    content = loader.render_to_string(template_name, context, request, using=using)
  File "C:\Users\user\Desktop\laba5\venv\Lib\site-packages\django\template\loader.py", line 62, in render_to_string
    return template.render(context, request)
           ~~~~~~~~~~~~~~~^^^^^^^^^^^^^^^^^^
  File "C:\Users\user\Desktop\laba5\venv\Lib\site-packages\django\template\backends\django.py", line 61, in render
    return self.template.render(context)
           ~~~~~~~~~~~~~~~~~~~~^^^^^^^^^
  File "C:\Users\user\Desktop\laba5\venv\Lib\site-packages\django\template\base.py", line 171, in render
    return self._render(context)
           ~~~~~~~~~~~~^^^^^^^^^
  File "C:\Users\user\Desktop\laba5\venv\Lib\site-packages\django\template\base.py", line 163, in _render
    return self.nodelist.render(context)
           ~~~~~~~~~~~~~~~~~~~~^^^^^^^^^
  File "C:\Users\user\Desktop\laba5\venv\Lib\site-packages\django\template\base.py", line 1000, in render
    return SafeString("".join([node.render_annotated(context) for node in self]))
                               ~~~~~~~~~~~~~~~~~~~~~^^^^^^^^^
  File "C:\Users\user\Desktop\laba5\venv\Lib\site-packages\django\template\base.py", line 961, in render_annotated
    return self.render(context)
           ~~~~~~~~~~~^^^^^^^^^
  File "C:\Users\user\Desktop\laba5\venv\Lib\site-packages\django\template\loader_tags.py", line 134, in render
    compiled_parent = self.get_parent(context)
  File "C:\Users\user\Desktop\laba5\venv\Lib\site-packages\django\template\loader_tags.py", line 131, in get_parent
    return self.find_template(parent, context)
           ~~~~~~~~~~~~~~~~~~^^^^^^^^^^^^^^^^^
  File "C:\Users\user\Desktop\laba5\venv\Lib\site-packages\django\template\loader_tags.py", line 109, in find_template
    template, origin = context.template.engine.find_template(
                       ~~~~~~~~~~~~~~~~~~~~~~~~~~~~~~~~~~~~~^
        template_name,
        ^^^^^^^^^^^^^^
        skip=history,
        ^^^^^^^^^^^^^
    )
    ^
  File "C:\Users\user\Desktop\laba5\venv\Lib\site-packages\django\template\engine.py", line 157, in find_template
    template = loader.get_template(name, skip=skip)
  File "C:\Users\user\Desktop\laba5\venv\Lib\site-packages\django\template\loaders\cached.py", line 57, in get_template
    template = super().get_template(template_name, skip)
  File "C:\Users\user\Desktop\laba5\venv\Lib\site-packages\django\template\loaders\base.py", line 28, in get_template
    return Template(
        contents,
    ...<2 lines>...
        self.engine,
    )
  File "C:\Users\user\Desktop\laba5\venv\Lib\site-packages\django\template\base.py", line 154, in __init__
    self.nodelist = self.compile_nodelist()
                    ~~~~~~~~~~~~~~~~~~~~~^^
  File "C:\Users\user\Desktop\laba5\venv\Lib\site-packages\django\template\base.py", line 196, in compile_nodelist
    return parser.parse()
           ~~~~~~~~~~~~^^
  File "C:\Users\user\Desktop\laba5\venv\Lib\site-packages\django\template\base.py", line 510, in parse
    raise self.error(token, e)
  File "C:\Users\user\Desktop\laba5\venv\Lib\site-packages\django\template\base.py", line 508, in parse
    compiled_result = compile_func(self, token)
  File "C:\Users\user\Desktop\laba5\venv\Lib\site-packages\django\template\defaulttags.py", line 1095, in load
    lib = find_library(parser, name)
  File "C:\Users\user\Desktop\laba5\venv\Lib\site-packages\django\template\defaulttags.py", line 1035, in find_library
    raise TemplateSyntaxError(
    ...<5 lines>...
    )
django.template.exceptions.TemplateSyntaxError: 'custom_filters' is not a registered tag library. Must be one of:
admin_list
admin_modify
admin_urls
cache
date_filters
i18n
l10n
log
promotion_tags
rest_framework
static
tz
ERROR 2025-05-29 18:30:20,226 basehttp 16032 11700 "GET /about/ HTTP/1.1" 500 226752
ERROR 2025-05-29 18:30:24,552 log 16032 11700 Internal Server Error: /vehicles/
Traceback (most recent call last):
  File "C:\Users\user\Desktop\laba5\venv\Lib\site-packages\django\template\defaulttags.py", line 1033, in find_library
    return parser.libraries[name]
           ~~~~~~~~~~~~~~~~^^^^^^
KeyError: 'custom_filters'

During handling of the above exception, another exception occurred:

Traceback (most recent call last):
  File "C:\Users\user\Desktop\laba5\venv\Lib\site-packages\django\core\handlers\exception.py", line 55, in inner
    response = get_response(request)
  File "C:\Users\user\Desktop\laba5\venv\Lib\site-packages\django\core\handlers\base.py", line 197, in _get_response
    response = wrapped_callback(request, *callback_args, **callback_kwargs)
  File "C:\Users\user\Desktop\laba5\main\views.py", line 444, in vehicle_list
    return render(request, 'main/vehicles/list.html', {
        'vehicles': vehicles,
        'vehicle_types': vehicle_types,
        'body_types': body_types
    })
  File "C:\Users\user\Desktop\laba5\venv\Lib\site-packages\django\shortcuts.py", line 24, in render
    content = loader.render_to_string(template_name, context, request, using=using)
  File "C:\Users\user\Desktop\laba5\venv\Lib\site-packages\django\template\loader.py", line 62, in render_to_string
    return template.render(context, request)
           ~~~~~~~~~~~~~~~^^^^^^^^^^^^^^^^^^
  File "C:\Users\user\Desktop\laba5\venv\Lib\site-packages\django\template\backends\django.py", line 61, in render
    return self.template.render(context)
           ~~~~~~~~~~~~~~~~~~~~^^^^^^^^^
  File "C:\Users\user\Desktop\laba5\venv\Lib\site-packages\django\template\base.py", line 171, in render
    return self._render(context)
           ~~~~~~~~~~~~^^^^^^^^^
  File "C:\Users\user\Desktop\laba5\venv\Lib\site-packages\django\template\base.py", line 163, in _render
    return self.nodelist.render(context)
           ~~~~~~~~~~~~~~~~~~~~^^^^^^^^^
  File "C:\Users\user\Desktop\laba5\venv\Lib\site-packages\django\template\base.py", line 1000, in render
    return SafeString("".join([node.render_annotated(context) for node in self]))
                               ~~~~~~~~~~~~~~~~~~~~~^^^^^^^^^
  File "C:\Users\user\Desktop\laba5\venv\Lib\site-packages\django\template\base.py", line 961, in render_annotated
    return self.render(context)
           ~~~~~~~~~~~^^^^^^^^^
  File "C:\Users\user\Desktop\laba5\venv\Lib\site-packages\django\template\loader_tags.py", line 134, in render
    compiled_parent = self.get_parent(context)
  File "C:\Users\user\Desktop\laba5\venv\Lib\site-packages\django\template\loader_tags.py", line 131, in get_parent
    return self.find_template(parent, context)
           ~~~~~~~~~~~~~~~~~~^^^^^^^^^^^^^^^^^
  File "C:\Users\user\Desktop\laba5\venv\Lib\site-packages\django\template\loader_tags.py", line 109, in find_template
    template, origin = context.template.engine.find_template(
                       ~~~~~~~~~~~~~~~~~~~~~~~~~~~~~~~~~~~~~^
        template_name,
        ^^^^^^^^^^^^^^
        skip=history,
        ^^^^^^^^^^^^^
    )
    ^
  File "C:\Users\user\Desktop\laba5\venv\Lib\site-packages\django\template\engine.py", line 157, in find_template
    template = loader.get_template(name, skip=skip)
  File "C:\Users\user\Desktop\laba5\venv\Lib\site-packages\django\template\loaders\cached.py", line 57, in get_template
    template = super().get_template(template_name, skip)
  File "C:\Users\user\Desktop\laba5\venv\Lib\site-packages\django\template\loaders\base.py", line 28, in get_template
    return Template(
        contents,
    ...<2 lines>...
        self.engine,
    )
  File "C:\Users\user\Desktop\laba5\venv\Lib\site-packages\django\template\base.py", line 154, in __init__
    self.nodelist = self.compile_nodelist()
                    ~~~~~~~~~~~~~~~~~~~~~^^
  File "C:\Users\user\Desktop\laba5\venv\Lib\site-packages\django\template\base.py", line 196, in compile_nodelist
    return parser.parse()
           ~~~~~~~~~~~~^^
  File "C:\Users\user\Desktop\laba5\venv\Lib\site-packages\django\template\base.py", line 510, in parse
    raise self.error(token, e)
  File "C:\Users\user\Desktop\laba5\venv\Lib\site-packages\django\template\base.py", line 508, in parse
    compiled_result = compile_func(self, token)
  File "C:\Users\user\Desktop\laba5\venv\Lib\site-packages\django\template\defaulttags.py", line 1095, in load
    lib = find_library(parser, name)
  File "C:\Users\user\Desktop\laba5\venv\Lib\site-packages\django\template\defaulttags.py", line 1035, in find_library
    raise TemplateSyntaxError(
    ...<5 lines>...
    )
django.template.exceptions.TemplateSyntaxError: 'custom_filters' is not a registered tag library. Must be one of:
admin_list
admin_modify
admin_urls
cache
date_filters
i18n
l10n
log
promotion_tags
rest_framework
static
tz
ERROR 2025-05-29 18:30:24,561 basehttp 16032 11700 "GET /vehicles/ HTTP/1.1" 500 242606
ERROR 2025-05-29 21:56:46,724 log 5040 12420 Internal Server Error: /services/purchase/6/
Traceback (most recent call last):
  File "C:\Users\user\Desktop\laba5\venv\Lib\site-packages\django\core\handlers\exception.py", line 55, in inner
    response = get_response(request)
  File "C:\Users\user\Desktop\laba5\venv\Lib\site-packages\django\core\handlers\base.py", line 197, in _get_response
    response = wrapped_callback(request, *callback_args, **callback_kwargs)
  File "C:\Users\user\Desktop\laba5\venv\Lib\site-packages\django\contrib\auth\decorators.py", line 23, in _wrapper_view
    return view_func(request, *args, **kwargs)
  File "C:\Users\user\Desktop\laba5\main\views.py", line 418, in purchase_service
    return render(request, 'main/services/purchase.html', {
        'service': service,
        'form': form
    })
  File "C:\Users\user\Desktop\laba5\venv\Lib\site-packages\django\shortcuts.py", line 24, in render
    content = loader.render_to_string(template_name, context, request, using=using)
  File "C:\Users\user\Desktop\laba5\venv\Lib\site-packages\django\template\loader.py", line 61, in render_to_string
    template = get_template(template_name, using=using)
  File "C:\Users\user\Desktop\laba5\venv\Lib\site-packages\django\template\loader.py", line 19, in get_template
    raise TemplateDoesNotExist(template_name, chain=chain)
django.template.exceptions.TemplateDoesNotExist: main/services/purchase.html
ERROR 2025-05-29 21:56:46,730 basehttp 5040 12420 "GET /services/purchase/6/ HTTP/1.1" 500 95803
ERROR 2025-05-29 22:11:15,895 log 20444 7704 Internal Server Error: /services/purchase/1/
Traceback (most recent call last):
  File "C:\Users\user\Desktop\laba5\venv\Lib\site-packages\django\core\handlers\exception.py", line 55, in inner
    response = get_response(request)
  File "C:\Users\user\Desktop\laba5\venv\Lib\site-packages\django\core\handlers\base.py", line 197, in _get_response
    response = wrapped_callback(request, *callback_args, **callback_kwargs)
  File "C:\Users\user\Desktop\laba5\venv\Lib\site-packages\django\contrib\auth\decorators.py", line 23, in _wrapper_view
    return view_func(request, *args, **kwargs)
  File "C:\Users\user\Desktop\laba5\main\views.py", line 412, in purchase_service
    if form.is_valid():
       ~~~~~~~~~~~~~^^
  File "C:\Users\user\Desktop\laba5\venv\Lib\site-packages\django\forms\forms.py", line 197, in is_valid
    return self.is_bound and not self.errors
                                 ^^^^^^^^^^^
  File "C:\Users\user\Desktop\laba5\venv\Lib\site-packages\django\forms\forms.py", line 192, in errors
    self.full_clean()
    ~~~~~~~~~~~~~~~^^
  File "C:\Users\user\Desktop\laba5\venv\Lib\site-packages\django\forms\forms.py", line 328, in full_clean
    self._clean_form()
    ~~~~~~~~~~~~~~~~^^
  File "C:\Users\user\Desktop\laba5\venv\Lib\site-packages\django\forms\forms.py", line 349, in _clean_form
    cleaned_data = self.clean()
  File "C:\Users\user\Desktop\laba5\main\forms.py", line 117, in clean
    service = self.instance.service if self.instance else None
              ^^^^^^^^^^^^^^^^^^^^^
  File "C:\Users\user\Desktop\laba5\venv\Lib\site-packages\django\db\models\fields\related_descriptors.py", line 263, in __get__
    raise self.RelatedObjectDoesNotExist(
        "%s has no %s." % (self.field.model.__name__, self.field.name)
    )
main.models.Order.service.RelatedObjectDoesNotExist: Order has no service.. Did you mean: 'service_id'?
ERROR 2025-05-29 22:11:15,899 basehttp 20444 7704 "POST /services/purchase/1/ HTTP/1.1" 500 105580
ERROR 2025-05-29 22:12:45,902 log 15784 10828 Internal Server Error: /services/purchase/1/
Traceback (most recent call last):
  File "C:\Users\user\Desktop\laba5\venv\Lib\site-packages\django\core\handlers\exception.py", line 55, in inner
    response = get_response(request)
  File "C:\Users\user\Desktop\laba5\venv\Lib\site-packages\django\core\handlers\base.py", line 197, in _get_response
    response = wrapped_callback(request, *callback_args, **callback_kwargs)
  File "C:\Users\user\Desktop\laba5\venv\Lib\site-packages\django\contrib\auth\decorators.py", line 23, in _wrapper_view
    return view_func(request, *args, **kwargs)
  File "C:\Users\user\Desktop\laba5\main\views.py", line 413, in purchase_service
    order = form.save(commit=False)
  File "C:\Users\user\Desktop\laba5\main\forms.py", line 143, in save
    weight_factor = order.weight / self.service.max_weight
                    ~~~~~~~~~~~~~^~~~~~~~~~~~~~~~~~~~~~~~~
TypeError: unsupported operand type(s) for /: 'float' and 'decimal.Decimal'
ERROR 2025-05-29 22:12:45,904 basehttp 15784 10828 "POST /services/purchase/1/ HTTP/1.1" 500 86271
ERROR 2025-05-29 22:12:49,357 log 15784 10828 Internal Server Error: /services/purchase/1/
Traceback (most recent call last):
  File "C:\Users\user\Desktop\laba5\venv\Lib\site-packages\django\core\handlers\exception.py", line 55, in inner
    response = get_response(request)
  File "C:\Users\user\Desktop\laba5\venv\Lib\site-packages\django\core\handlers\base.py", line 197, in _get_response
    response = wrapped_callback(request, *callback_args, **callback_kwargs)
  File "C:\Users\user\Desktop\laba5\venv\Lib\site-packages\django\contrib\auth\decorators.py", line 23, in _wrapper_view
    return view_func(request, *args, **kwargs)
  File "C:\Users\user\Desktop\laba5\main\views.py", line 413, in purchase_service
    order = form.save(commit=False)
  File "C:\Users\user\Desktop\laba5\main\forms.py", line 143, in save
    weight_factor = order.weight / self.service.max_weight
                    ~~~~~~~~~~~~~^~~~~~~~~~~~~~~~~~~~~~~~~
TypeError: unsupported operand type(s) for /: 'float' and 'decimal.Decimal'
ERROR 2025-05-29 22:12:49,361 basehttp 15784 10828 "POST /services/purchase/1/ HTTP/1.1" 500 86271
ERROR 2025-05-30 04:08:37,688 log 19064 15948 Internal Server Error: /news/1/
Traceback (most recent call last):
  File "C:\Users\user\Desktop\laba5\venv\Lib\site-packages\django\core\handlers\exception.py", line 55, in inner
    response = get_response(request)
  File "C:\Users\user\Desktop\laba5\venv\Lib\site-packages\django\core\handlers\base.py", line 197, in _get_response
    response = wrapped_callback(request, *callback_args, **callback_kwargs)
  File "C:\Users\user\Desktop\laba5\main\views.py", line 1020, in news_detail
    return render(request, 'main/news/detail.html', {'news': news})
  File "C:\Users\user\Desktop\laba5\venv\Lib\site-packages\django\shortcuts.py", line 24, in render
    content = loader.render_to_string(template_name, context, request, using=using)
  File "C:\Users\user\Desktop\laba5\venv\Lib\site-packages\django\template\loader.py", line 61, in render_to_string
    template = get_template(template_name, using=using)
  File "C:\Users\user\Desktop\laba5\venv\Lib\site-packages\django\template\loader.py", line 19, in get_template
    raise TemplateDoesNotExist(template_name, chain=chain)
django.template.exceptions.TemplateDoesNotExist: main/news/detail.html
ERROR 2025-05-30 04:08:37,694 basehttp 19064 15948 "GET /news/1/ HTTP/1.1" 500 89139
ERROR 2025-05-30 04:24:40,362 log 20940 24860 Internal Server Error: /statistics/
Traceback (most recent call last):
  File "C:\Users\user\Desktop\laba5\venv\Lib\site-packages\django\core\handlers\exception.py", line 55, in inner
    response = get_response(request)
  File "C:\Users\user\Desktop\laba5\venv\Lib\site-packages\django\core\handlers\base.py", line 197, in _get_response
    response = wrapped_callback(request, *callback_args, **callback_kwargs)
  File "C:\Users\user\Desktop\laba5\venv\Lib\site-packages\django\contrib\auth\decorators.py", line 23, in _wrapper_view
    return view_func(request, *args, **kwargs)
  File "C:\Users\user\Desktop\laba5\main\views.py", line 152, in statistics
    plt.close('all')
    ~~~~~~~~~^^^^^^^
  File "C:\Users\user\Desktop\laba5\venv\Lib\site-packages\matplotlib\pyplot.py", line 1202, in close
    _pylab_helpers.Gcf.destroy_all()
    ~~~~~~~~~~~~~~~~~~~~~~~~~~~~~~^^
  File "C:\Users\user\Desktop\laba5\venv\Lib\site-packages\matplotlib\_pylab_helpers.py", line 81, in destroy_all
    manager.destroy()
    ~~~~~~~~~~~~~~~^^
  File "C:\Users\user\Desktop\laba5\venv\Lib\site-packages\matplotlib\backends\_backend_tk.py", line 590, in destroy
    self._window_dpi.trace_remove('write', self._window_dpi_cbname)
    ~~~~~~~~~~~~~~~~~~~~~~~~~~~~~^^^^^^^^^^^^^^^^^^^^^^^^^^^^^^^^^^
  File "C:\Users\user\AppData\Local\Programs\Python\Python313\Lib\tkinter\__init__.py", line 474, in trace_remove
    self._tk.call('trace', 'remove', 'variable',
    ~~~~~~~~~~~~~^^^^^^^^^^^^^^^^^^^^^^^^^^^^^^^
                  self._name, mode, cbname)
                  ^^^^^^^^^^^^^^^^^^^^^^^^^
RuntimeError: main thread is not in main loop
ERROR 2025-05-30 04:24:40,371 basehttp 20940 24860 "GET /statistics/ HTTP/1.1" 500 94260
ERROR 2025-05-30 04:25:10,261 log 20940 24860 Internal Server Error: /statistics/
Traceback (most recent call last):
  File "C:\Users\user\Desktop\laba5\venv\Lib\site-packages\django\core\handlers\exception.py", line 55, in inner
    response = get_response(request)
  File "C:\Users\user\Desktop\laba5\venv\Lib\site-packages\django\core\handlers\base.py", line 197, in _get_response
    response = wrapped_callback(request, *callback_args, **callback_kwargs)
  File "C:\Users\user\Desktop\laba5\venv\Lib\site-packages\django\contrib\auth\decorators.py", line 23, in _wrapper_view
    return view_func(request, *args, **kwargs)
  File "C:\Users\user\Desktop\laba5\main\views.py", line 152, in statistics
    plt.close('all')
    ~~~~~~~~~^^^^^^^
  File "C:\Users\user\Desktop\laba5\venv\Lib\site-packages\matplotlib\pyplot.py", line 1202, in close
    _pylab_helpers.Gcf.destroy_all()
    ~~~~~~~~~~~~~~~~~~~~~~~~~~~~~~^^
  File "C:\Users\user\Desktop\laba5\venv\Lib\site-packages\matplotlib\_pylab_helpers.py", line 81, in destroy_all
    manager.destroy()
    ~~~~~~~~~~~~~~~^^
  File "C:\Users\user\Desktop\laba5\venv\Lib\site-packages\matplotlib\backends\_backend_tk.py", line 590, in destroy
    self._window_dpi.trace_remove('write', self._window_dpi_cbname)
    ~~~~~~~~~~~~~~~~~~~~~~~~~~~~~^^^^^^^^^^^^^^^^^^^^^^^^^^^^^^^^^^
  File "C:\Users\user\AppData\Local\Programs\Python\Python313\Lib\tkinter\__init__.py", line 474, in trace_remove
    self._tk.call('trace', 'remove', 'variable',
    ~~~~~~~~~~~~~^^^^^^^^^^^^^^^^^^^^^^^^^^^^^^^
                  self._name, mode, cbname)
                  ^^^^^^^^^^^^^^^^^^^^^^^^^
RuntimeError: main thread is not in main loop
ERROR 2025-05-30 04:25:10,263 basehttp 20940 24860 "GET /statistics/ HTTP/1.1" 500 94260
ERROR 2025-09-14 19:39:48,040 log 12976 12732 Internal Server Error: /
Traceback (most recent call last):
  File "C:\Users\user\AppData\Local\Programs\Python\Python313\Lib\site-packages\django\core\handlers\exception.py", line 55, in inner
    response = get_response(request)
  File "C:\Users\user\AppData\Local\Programs\Python\Python313\Lib\site-packages\django\core\handlers\base.py", line 197, in _get_response
    response = wrapped_callback(request, *callback_args, **callback_kwargs)
  File "C:\Users\user\353501_Dvornichenko_6\IGI\LR5\laba5\main\views.py", line 34, in index
    return render(request, 'main/index.html', {
        'latest_news': latest_news,
    ...<2 lines>...
        'partners': partners
    })
  File "C:\Users\user\AppData\Local\Programs\Python\Python313\Lib\site-packages\django\shortcuts.py", line 24, in render
    content = loader.render_to_string(template_name, context, request, using=using)
  File "C:\Users\user\AppData\Local\Programs\Python\Python313\Lib\site-packages\django\template\loader.py", line 62, in render_to_string
    return template.render(context, request)
           ~~~~~~~~~~~~~~~^^^^^^^^^^^^^^^^^^
  File "C:\Users\user\AppData\Local\Programs\Python\Python313\Lib\site-packages\django\template\backends\django.py", line 61, in render
    return self.template.render(context)
           ~~~~~~~~~~~~~~~~~~~~^^^^^^^^^
  File "C:\Users\user\AppData\Local\Programs\Python\Python313\Lib\site-packages\django\template\base.py", line 171, in render
    return self._render(context)
           ~~~~~~~~~~~~^^^^^^^^^
  File "C:\Users\user\AppData\Local\Programs\Python\Python313\Lib\site-packages\django\template\base.py", line 163, in _render
    return self.nodelist.render(context)
           ~~~~~~~~~~~~~~~~~~~~^^^^^^^^^
  File "C:\Users\user\AppData\Local\Programs\Python\Python313\Lib\site-packages\django\template\base.py", line 1000, in render
    return SafeString("".join([node.render_annotated(context) for node in self]))
                               ~~~~~~~~~~~~~~~~~~~~~^^^^^^^^^
  File "C:\Users\user\AppData\Local\Programs\Python\Python313\Lib\site-packages\django\template\base.py", line 961, in render_annotated
    return self.render(context)
           ~~~~~~~~~~~^^^^^^^^^
  File "C:\Users\user\AppData\Local\Programs\Python\Python313\Lib\site-packages\django\template\loader_tags.py", line 134, in render
    compiled_parent = self.get_parent(context)
  File "C:\Users\user\AppData\Local\Programs\Python\Python313\Lib\site-packages\django\template\loader_tags.py", line 131, in get_parent
    return self.find_template(parent, context)
           ~~~~~~~~~~~~~~~~~~^^^^^^^^^^^^^^^^^
  File "C:\Users\user\AppData\Local\Programs\Python\Python313\Lib\site-packages\django\template\loader_tags.py", line 109, in find_template
    template, origin = context.template.engine.find_template(
                       ~~~~~~~~~~~~~~~~~~~~~~~~~~~~~~~~~~~~~^
        template_name,
        ^^^^^^^^^^^^^^
        skip=history,
        ^^^^^^^^^^^^^
    )
    ^
  File "C:\Users\user\AppData\Local\Programs\Python\Python313\Lib\site-packages\django\template\engine.py", line 157, in find_template
    template = loader.get_template(name, skip=skip)
  File "C:\Users\user\AppData\Local\Programs\Python\Python313\Lib\site-packages\django\template\loaders\cached.py", line 57, in get_template
    template = super().get_template(template_name, skip)
  File "C:\Users\user\AppData\Local\Programs\Python\Python313\Lib\site-packages\django\template\loaders\base.py", line 28, in get_template
    return Template(
        contents,
    ...<2 lines>...
        self.engine,
    )
  File "C:\Users\user\AppData\Local\Programs\Python\Python313\Lib\site-packages\django\template\base.py", line 154, in __init__
    self.nodelist = self.compile_nodelist()
                    ~~~~~~~~~~~~~~~~~~~~~^^
  File "C:\Users\user\AppData\Local\Programs\Python\Python313\Lib\site-packages\django\template\base.py", line 196, in compile_nodelist
    return parser.parse()
           ~~~~~~~~~~~~^^
  File "C:\Users\user\AppData\Local\Programs\Python\Python313\Lib\site-packages\django\template\base.py", line 510, in parse
    raise self.error(token, e)
  File "C:\Users\user\AppData\Local\Programs\Python\Python313\Lib\site-packages\django\template\base.py", line 508, in parse
    compiled_result = compile_func(self, token)
  File "C:\Users\user\AppData\Local\Programs\Python\Python313\Lib\site-packages\django\template\loader_tags.py", line 234, in do_block
    nodelist = parser.parse(("endblock",))
  File "C:\Users\user\AppData\Local\Programs\Python\Python313\Lib\site-packages\django\template\base.py", line 510, in parse
    raise self.error(token, e)
  File "C:\Users\user\AppData\Local\Programs\Python\Python313\Lib\site-packages\django\template\base.py", line 508, in parse
    compiled_result = compile_func(self, token)
  File "C:\Users\user\AppData\Local\Programs\Python\Python313\Lib\site-packages\django\template\loader_tags.py", line 228, in do_block
    raise TemplateSyntaxError(
        "'%s' tag with name '%s' appears more than once" % (bits[0], block_name)
    )
django.template.exceptions.TemplateSyntaxError: 'block' tag with name 'description' appears more than once
ERROR 2025-09-14 19:39:48,050 basehttp 12976 12732 "GET / HTTP/1.1" 500 257145
ERROR 2025-09-14 19:43:31,388 log 13960 15208 Internal Server Error: /
Traceback (most recent call last):
  File "C:\Users\user\AppData\Local\Programs\Python\Python313\Lib\site-packages\django\template\base.py", line 875, in _resolve_lookup
    current = current[bit]
              ~~~~~~~^^^^^
TypeError: 'ImageFieldFile' object is not subscriptable

During handling of the above exception, another exception occurred:

Traceback (most recent call last):
  File "C:\Users\user\AppData\Local\Programs\Python\Python313\Lib\site-packages\django\core\handlers\exception.py", line 55, in inner
    response = get_response(request)
  File "C:\Users\user\AppData\Local\Programs\Python\Python313\Lib\site-packages\django\core\handlers\base.py", line 197, in _get_response
    response = wrapped_callback(request, *callback_args, **callback_kwargs)
  File "C:\Users\user\353501_Dvornichenko_6\IGI\LR5\laba5\main\views.py", line 34, in index
    return render(request, 'main/index.html', {
        'latest_news': latest_news,
    ...<2 lines>...
        'partners': partners
    })
  File "C:\Users\user\AppData\Local\Programs\Python\Python313\Lib\site-packages\django\shortcuts.py", line 24, in render
    content = loader.render_to_string(template_name, context, request, using=using)
  File "C:\Users\user\AppData\Local\Programs\Python\Python313\Lib\site-packages\django\template\loader.py", line 62, in render_to_string
    return template.render(context, request)
           ~~~~~~~~~~~~~~~^^^^^^^^^^^^^^^^^^
  File "C:\Users\user\AppData\Local\Programs\Python\Python313\Lib\site-packages\django\template\backends\django.py", line 61, in render
    return self.template.render(context)
           ~~~~~~~~~~~~~~~~~~~~^^^^^^^^^
  File "C:\Users\user\AppData\Local\Programs\Python\Python313\Lib\site-packages\django\template\base.py", line 171, in render
    return self._render(context)
           ~~~~~~~~~~~~^^^^^^^^^
  File "C:\Users\user\AppData\Local\Programs\Python\Python313\Lib\site-packages\django\template\base.py", line 163, in _render
    return self.nodelist.render(context)
           ~~~~~~~~~~~~~~~~~~~~^^^^^^^^^
  File "C:\Users\user\AppData\Local\Programs\Python\Python313\Lib\site-packages\django\template\base.py", line 1000, in render
    return SafeString("".join([node.render_annotated(context) for node in self]))
                               ~~~~~~~~~~~~~~~~~~~~~^^^^^^^^^
  File "C:\Users\user\AppData\Local\Programs\Python\Python313\Lib\site-packages\django\template\base.py", line 961, in render_annotated
    return self.render(context)
           ~~~~~~~~~~~^^^^^^^^^
  File "C:\Users\user\AppData\Local\Programs\Python\Python313\Lib\site-packages\django\template\loader_tags.py", line 159, in render
    return compiled_parent._render(context)
           ~~~~~~~~~~~~~~~~~~~~~~~^^^^^^^^^
  File "C:\Users\user\AppData\Local\Programs\Python\Python313\Lib\site-packages\django\template\base.py", line 163, in _render
    return self.nodelist.render(context)
           ~~~~~~~~~~~~~~~~~~~~^^^^^^^^^
  File "C:\Users\user\AppData\Local\Programs\Python\Python313\Lib\site-packages\django\template\base.py", line 1000, in render
    return SafeString("".join([node.render_annotated(context) for node in self]))
                               ~~~~~~~~~~~~~~~~~~~~~^^^^^^^^^
  File "C:\Users\user\AppData\Local\Programs\Python\Python313\Lib\site-packages\django\template\base.py", line 961, in render_annotated
    return self.render(context)
           ~~~~~~~~~~~^^^^^^^^^
  File "C:\Users\user\AppData\Local\Programs\Python\Python313\Lib\site-packages\django\template\loader_tags.py", line 65, in render
    result = block.nodelist.render(context)
  File "C:\Users\user\AppData\Local\Programs\Python\Python313\Lib\site-packages\django\template\base.py", line 1000, in render
    return SafeString("".join([node.render_annotated(context) for node in self]))
                               ~~~~~~~~~~~~~~~~~~~~~^^^^^^^^^
  File "C:\Users\user\AppData\Local\Programs\Python\Python313\Lib\site-packages\django\template\base.py", line 961, in render_annotated
    return self.render(context)
           ~~~~~~~~~~~^^^^^^^^^
  File "C:\Users\user\AppData\Local\Programs\Python\Python313\Lib\site-packages\django\template\defaulttags.py", line 241, in render
    nodelist.append(node.render_annotated(context))
                    ~~~~~~~~~~~~~~~~~~~~~^^^^^^^^^
  File "C:\Users\user\AppData\Local\Programs\Python\Python313\Lib\site-packages\django\template\base.py", line 961, in render_annotated
    return self.render(context)
           ~~~~~~~~~~~^^^^^^^^^
  File "C:\Users\user\AppData\Local\Programs\Python\Python313\Lib\site-packages\django\template\base.py", line 1059, in render
    output = self.filter_expression.resolve(context)
  File "C:\Users\user\AppData\Local\Programs\Python\Python313\Lib\site-packages\django\template\base.py", line 710, in resolve
    obj = self.var.resolve(context)
  File "C:\Users\user\AppData\Local\Programs\Python\Python313\Lib\site-packages\django\template\base.py", line 842, in resolve
    value = self._resolve_lookup(context)
  File "C:\Users\user\AppData\Local\Programs\Python\Python313\Lib\site-packages\django\template\base.py", line 885, in _resolve_lookup
    current = getattr(current, bit)
  File "C:\Users\user\AppData\Local\Programs\Python\Python313\Lib\site-packages\django\db\models\fields\files.py", line 66, in url
    self._require_file()
    ~~~~~~~~~~~~~~~~~~^^
  File "C:\Users\user\AppData\Local\Programs\Python\Python313\Lib\site-packages\django\db\models\fields\files.py", line 41, in _require_file
    raise ValueError(
        "The '%s' attribute has no file associated with it." % self.field.name
    )
ValueError: The 'image' attribute has no file associated with it.
ERROR 2025-09-14 19:43:31,408 basehttp 13960 15208 "GET / HTTP/1.1" 500 210309
ERROR 2025-09-14 19:51:56,276 log 13068 10804 Internal Server Error: /contacts/
Traceback (most recent call last):
  File "C:\Users\user\AppData\Local\Programs\Python\Python313\Lib\site-packages\django\template\base.py", line 502, in parse
    compile_func = self.tags[command]
                   ~~~~~~~~~^^^^^^^^^
KeyError: 'else'

During handling of the above exception, another exception occurred:

Traceback (most recent call last):
  File "C:\Users\user\AppData\Local\Programs\Python\Python313\Lib\site-packages\django\core\handlers\exception.py", line 55, in inner
    response = get_response(request)
  File "C:\Users\user\AppData\Local\Programs\Python\Python313\Lib\site-packages\django\core\handlers\base.py", line 197, in _get_response
    response = wrapped_callback(request, *callback_args, **callback_kwargs)
  File "C:\Users\user\353501_Dvornichenko_6\IGI\LR5\laba5\main\views.py", line 1179, in contacts_page
    return render(request, 'main/contacts/contacts.html', {
        'employees': employees
    })
  File "C:\Users\user\AppData\Local\Programs\Python\Python313\Lib\site-packages\django\shortcuts.py", line 24, in render
    content = loader.render_to_string(template_name, context, request, using=using)
  File "C:\Users\user\AppData\Local\Programs\Python\Python313\Lib\site-packages\django\template\loader.py", line 61, in render_to_string
    template = get_template(template_name, using=using)
  File "C:\Users\user\AppData\Local\Programs\Python\Python313\Lib\site-packages\django\template\loader.py", line 15, in get_template
    return engine.get_template(template_name)
           ~~~~~~~~~~~~~~~~~~~^^^^^^^^^^^^^^^
  File "C:\Users\user\AppData\Local\Programs\Python\Python313\Lib\site-packages\django\template\backends\django.py", line 33, in get_template
    return Template(self.engine.get_template(template_name), self)
                    ~~~~~~~~~~~~~~~~~~~~~~~~^^^^^^^^^^^^^^^
  File "C:\Users\user\AppData\Local\Programs\Python\Python313\Lib\site-packages\django\template\engine.py", line 175, in get_template
    template, origin = self.find_template(template_name)
                       ~~~~~~~~~~~~~~~~~~^^^^^^^^^^^^^^^
  File "C:\Users\user\AppData\Local\Programs\Python\Python313\Lib\site-packages\django\template\engine.py", line 157, in find_template
    template = loader.get_template(name, skip=skip)
  File "C:\Users\user\AppData\Local\Programs\Python\Python313\Lib\site-packages\django\template\loaders\cached.py", line 57, in get_template
    template = super().get_template(template_name, skip)
  File "C:\Users\user\AppData\Local\Programs\Python\Python313\Lib\site-packages\django\template\loaders\base.py", line 28, in get_template
    return Template(
        contents,
    ...<2 lines>...
        self.engine,
    )
  File "C:\Users\user\AppData\Local\Programs\Python\Python313\Lib\site-packages\django\template\base.py", line 154, in __init__
    self.nodelist = self.compile_nodelist()
                    ~~~~~~~~~~~~~~~~~~~~~^^
  File "C:\Users\user\AppData\Local\Programs\Python\Python313\Lib\site-packages\django\template\base.py", line 196, in compile_nodelist
    return parser.parse()
           ~~~~~~~~~~~~^^
  File "C:\Users\user\AppData\Local\Programs\Python\Python313\Lib\site-packages\django\template\base.py", line 510, in parse
    raise self.error(token, e)
  File "C:\Users\user\AppData\Local\Programs\Python\Python313\Lib\site-packages\django\template\base.py", line 508, in parse
    compiled_result = compile_func(self, token)
  File "C:\Users\user\AppData\Local\Programs\Python\Python313\Lib\site-packages\django\template\loader_tags.py", line 295, in do_extends
    nodelist = parser.parse()
  File "C:\Users\user\AppData\Local\Programs\Python\Python313\Lib\site-packages\django\template\base.py", line 510, in parse
    raise self.error(token, e)
  File "C:\Users\user\AppData\Local\Programs\Python\Python313\Lib\site-packages\django\template\base.py", line 508, in parse
    compiled_result = compile_func(self, token)
  File "C:\Users\user\AppData\Local\Programs\Python\Python313\Lib\site-packages\django\template\loader_tags.py", line 234, in do_block
    nodelist = parser.parse(("endblock",))
  File "C:\Users\user\AppData\Local\Programs\Python\Python313\Lib\site-packages\django\template\base.py", line 510, in parse
    raise self.error(token, e)
  File "C:\Users\user\AppData\Local\Programs\Python\Python313\Lib\site-packages\django\template\base.py", line 508, in parse
    compiled_result = compile_func(self, token)
  File "C:\Users\user\AppData\Local\Programs\Python\Python313\Lib\site-packages\django\template\defaulttags.py", line 960, in do_if
    nodelist = parser.parse(("elif", "else", "endif"))
  File "C:\Users\user\AppData\Local\Programs\Python\Python313\Lib\site-packages\django\template\base.py", line 510, in parse
    raise self.error(token, e)
  File "C:\Users\user\AppData\Local\Programs\Python\Python313\Lib\site-packages\django\template\base.py", line 508, in parse
    compiled_result = compile_func(self, token)
  File "C:\Users\user\AppData\Local\Programs\Python\Python313\Lib\site-packages\django\template\defaulttags.py", line 860, in do_for
    nodelist_loop = parser.parse(
        (
    ...<2 lines>...
        )
    )
  File "C:\Users\user\AppData\Local\Programs\Python\Python313\Lib\site-packages\django\template\base.py", line 510, in parse
    raise self.error(token, e)
  File "C:\Users\user\AppData\Local\Programs\Python\Python313\Lib\site-packages\django\template\base.py", line 508, in parse
    compiled_result = compile_func(self, token)
  File "C:\Users\user\AppData\Local\Programs\Python\Python313\Lib\site-packages\django\template\defaulttags.py", line 960, in do_if
    nodelist = parser.parse(("elif", "else", "endif"))
  File "C:\Users\user\AppData\Local\Programs\Python\Python313\Lib\site-packages\django\template\base.py", line 510, in parse
    raise self.error(token, e)
  File "C:\Users\user\AppData\Local\Programs\Python\Python313\Lib\site-packages\django\template\base.py", line 508, in parse
    compiled_result = compile_func(self, token)
  File "C:\Users\user\AppData\Local\Programs\Python\Python313\Lib\site-packages\django\template\defaulttags.py", line 974, in do_if
    nodelist = parser.parse(("endif",))
  File "C:\Users\user\AppData\Local\Programs\Python\Python313\Lib\site-packages\django\template\base.py", line 504, in parse
    self.invalid_block_tag(token, command, parse_until)
    ~~~~~~~~~~~~~~~~~~~~~~^^^^^^^^^^^^^^^^^^^^^^^^^^^^^
  File "C:\Users\user\AppData\Local\Programs\Python\Python313\Lib\site-packages\django\template\base.py", line 555, in invalid_block_tag
    raise self.error(
    ...<8 lines>...
    )
django.template.exceptions.TemplateSyntaxError: Invalid block tag on line 70: 'else', expected 'endif'. Did you forget to register or load this tag?
ERROR 2025-09-14 19:51:56,291 basehttp 13068 10804 "GET /contacts/ HTTP/1.1" 500 288256
ERROR 2025-09-14 19:52:14,822 log 13068 10868 Internal Server Error: /contacts/
Traceback (most recent call last):
  File "C:\Users\user\AppData\Local\Programs\Python\Python313\Lib\site-packages\django\template\base.py", line 502, in parse
    compile_func = self.tags[command]
                   ~~~~~~~~~^^^^^^^^^
KeyError: 'else'

During handling of the above exception, another exception occurred:

Traceback (most recent call last):
  File "C:\Users\user\AppData\Local\Programs\Python\Python313\Lib\site-packages\django\core\handlers\exception.py", line 55, in inner
    response = get_response(request)
  File "C:\Users\user\AppData\Local\Programs\Python\Python313\Lib\site-packages\django\core\handlers\base.py", line 197, in _get_response
    response = wrapped_callback(request, *callback_args, **callback_kwargs)
  File "C:\Users\user\353501_Dvornichenko_6\IGI\LR5\laba5\main\views.py", line 1179, in contacts_page
    return render(request, 'main/contacts/contacts.html', {
        'employees': employees
    })
  File "C:\Users\user\AppData\Local\Programs\Python\Python313\Lib\site-packages\django\shortcuts.py", line 24, in render
    content = loader.render_to_string(template_name, context, request, using=using)
  File "C:\Users\user\AppData\Local\Programs\Python\Python313\Lib\site-packages\django\template\loader.py", line 61, in render_to_string
    template = get_template(template_name, using=using)
  File "C:\Users\user\AppData\Local\Programs\Python\Python313\Lib\site-packages\django\template\loader.py", line 15, in get_template
    return engine.get_template(template_name)
           ~~~~~~~~~~~~~~~~~~~^^^^^^^^^^^^^^^
  File "C:\Users\user\AppData\Local\Programs\Python\Python313\Lib\site-packages\django\template\backends\django.py", line 33, in get_template
    return Template(self.engine.get_template(template_name), self)
                    ~~~~~~~~~~~~~~~~~~~~~~~~^^^^^^^^^^^^^^^
  File "C:\Users\user\AppData\Local\Programs\Python\Python313\Lib\site-packages\django\template\engine.py", line 175, in get_template
    template, origin = self.find_template(template_name)
                       ~~~~~~~~~~~~~~~~~~^^^^^^^^^^^^^^^
  File "C:\Users\user\AppData\Local\Programs\Python\Python313\Lib\site-packages\django\template\engine.py", line 157, in find_template
    template = loader.get_template(name, skip=skip)
  File "C:\Users\user\AppData\Local\Programs\Python\Python313\Lib\site-packages\django\template\loaders\cached.py", line 57, in get_template
    template = super().get_template(template_name, skip)
  File "C:\Users\user\AppData\Local\Programs\Python\Python313\Lib\site-packages\django\template\loaders\base.py", line 28, in get_template
    return Template(
        contents,
    ...<2 lines>...
        self.engine,
    )
  File "C:\Users\user\AppData\Local\Programs\Python\Python313\Lib\site-packages\django\template\base.py", line 154, in __init__
    self.nodelist = self.compile_nodelist()
                    ~~~~~~~~~~~~~~~~~~~~~^^
  File "C:\Users\user\AppData\Local\Programs\Python\Python313\Lib\site-packages\django\template\base.py", line 196, in compile_nodelist
    return parser.parse()
           ~~~~~~~~~~~~^^
  File "C:\Users\user\AppData\Local\Programs\Python\Python313\Lib\site-packages\django\template\base.py", line 510, in parse
    raise self.error(token, e)
  File "C:\Users\user\AppData\Local\Programs\Python\Python313\Lib\site-packages\django\template\base.py", line 508, in parse
    compiled_result = compile_func(self, token)
  File "C:\Users\user\AppData\Local\Programs\Python\Python313\Lib\site-packages\django\template\loader_tags.py", line 295, in do_extends
    nodelist = parser.parse()
  File "C:\Users\user\AppData\Local\Programs\Python\Python313\Lib\site-packages\django\template\base.py", line 510, in parse
    raise self.error(token, e)
  File "C:\Users\user\AppData\Local\Programs\Python\Python313\Lib\site-packages\django\template\base.py", line 508, in parse
    compiled_result = compile_func(self, token)
  File "C:\Users\user\AppData\Local\Programs\Python\Python313\Lib\site-packages\django\template\loader_tags.py", line 234, in do_block
    nodelist = parser.parse(("endblock",))
  File "C:\Users\user\AppData\Local\Programs\Python\Python313\Lib\site-packages\django\template\base.py", line 510, in parse
    raise self.error(token, e)
  File "C:\Users\user\AppData\Local\Programs\Python\Python313\Lib\site-packages\django\template\base.py", line 508, in parse
    compiled_result = compile_func(self, token)
  File "C:\Users\user\AppData\Local\Programs\Python\Python313\Lib\site-packages\django\template\defaulttags.py", line 960, in do_if
    nodelist = parser.parse(("elif", "else", "endif"))
  File "C:\Users\user\AppData\Local\Programs\Python\Python313\Lib\site-packages\django\template\base.py", line 510, in parse
    raise self.error(token, e)
  File "C:\Users\user\AppData\Local\Programs\Python\Python313\Lib\site-packages\django\template\base.py", line 508, in parse
    compiled_result = compile_func(self, token)
  File "C:\Users\user\AppData\Local\Programs\Python\Python313\Lib\site-packages\django\template\defaulttags.py", line 860, in do_for
    nodelist_loop = parser.parse(
        (
    ...<2 lines>...
        )
    )
  File "C:\Users\user\AppData\Local\Programs\Python\Python313\Lib\site-packages\django\template\base.py", line 510, in parse
    raise self.error(token, e)
  File "C:\Users\user\AppData\Local\Programs\Python\Python313\Lib\site-packages\django\template\base.py", line 508, in parse
    compiled_result = compile_func(self, token)
  File "C:\Users\user\AppData\Local\Programs\Python\Python313\Lib\site-packages\django\template\defaulttags.py", line 960, in do_if
    nodelist = parser.parse(("elif", "else", "endif"))
  File "C:\Users\user\AppData\Local\Programs\Python\Python313\Lib\site-packages\django\template\base.py", line 510, in parse
    raise self.error(token, e)
  File "C:\Users\user\AppData\Local\Programs\Python\Python313\Lib\site-packages\django\template\base.py", line 508, in parse
    compiled_result = compile_func(self, token)
  File "C:\Users\user\AppData\Local\Programs\Python\Python313\Lib\site-packages\django\template\defaulttags.py", line 974, in do_if
    nodelist = parser.parse(("endif",))
  File "C:\Users\user\AppData\Local\Programs\Python\Python313\Lib\site-packages\django\template\base.py", line 504, in parse
    self.invalid_block_tag(token, command, parse_until)
    ~~~~~~~~~~~~~~~~~~~~~~^^^^^^^^^^^^^^^^^^^^^^^^^^^^^
  File "C:\Users\user\AppData\Local\Programs\Python\Python313\Lib\site-packages\django\template\base.py", line 555, in invalid_block_tag
    raise self.error(
    ...<8 lines>...
    )
django.template.exceptions.TemplateSyntaxError: Invalid block tag on line 70: 'else', expected 'endif'. Did you forget to register or load this tag?
ERROR 2025-09-14 19:52:14,835 basehttp 13068 10868 "GET /contacts/ HTTP/1.1" 500 288262
ERROR 2025-09-14 20:11:19,879 log 13352 2504 Internal Server Error: /profile/client/
Traceback (most recent call last):
  File "C:\Users\user\AppData\Local\Programs\Python\Python313\Lib\site-packages\django\core\handlers\exception.py", line 55, in inner
    response = get_response(request)
  File "C:\Users\user\AppData\Local\Programs\Python\Python313\Lib\site-packages\django\core\handlers\base.py", line 197, in _get_response
    response = wrapped_callback(request, *callback_args, **callback_kwargs)
  File "C:\Users\user\AppData\Local\Programs\Python\Python313\Lib\site-packages\django\contrib\auth\decorators.py", line 23, in _wrapper_view
    return view_func(request, *args, **kwargs)
  File "C:\Users\user\353501_Dvornichenko_6\IGI\LR5\laba5\main\views.py", line 156, in client_profile
    return render(request, 'main/client_profile.html')
  File "C:\Users\user\AppData\Local\Programs\Python\Python313\Lib\site-packages\django\shortcuts.py", line 24, in render
    content = loader.render_to_string(template_name, context, request, using=using)
  File "C:\Users\user\AppData\Local\Programs\Python\Python313\Lib\site-packages\django\template\loader.py", line 61, in render_to_string
    template = get_template(template_name, using=using)
  File "C:\Users\user\AppData\Local\Programs\Python\Python313\Lib\site-packages\django\template\loader.py", line 19, in get_template
    raise TemplateDoesNotExist(template_name, chain=chain)
django.template.exceptions.TemplateDoesNotExist: main/client_profile.html
ERROR 2025-09-14 20:11:19,885 basehttp 13352 2504 "GET /profile/client/ HTTP/1.1" 500 95386
